"","Module_1","Module_2","Module_3","Module_4","Module_5","Module_6","Module_7","Module_8","Module_9","Module_10","Module_11"
"TCGA-05-4244-01A",-0.85830020946689,-0.156329624296522,-0.026517531772551,-0.443561345309675,-1.32268433623064,-1.29698790390046,-0.684120042698461,-2.13615029462645,-0.103417429744089,0.155441444537725,-0.471132918849139
"TCGA-05-4249-01A",1.97988476300053,1.61124259960163,3.27335719787443,-2.43914976572594,2.56342451868578,-1.90398559236673,3.02722843820392,3.0143316212122,-2.2067044646679,-0.790622093369995,1.768992694802
"TCGA-05-4250-01A",-1.80358820934298,-0.932551066397526,-2.21516075479611,2.06874487193972,-1.64452173673031,0.735109294116627,1.10613919086037,-2.41155812434337,1.40282562933941,2.01885959630245,-1.53226210735933
"TCGA-05-4382-01A",2.10703700439956,2.27864934622746,1.83052492159312,-0.0519705594588417,1.32307906227584,1.84607811445493,3.43333016981569,1.86677489863983,-0.9837679188174,-0.252217260953404,0.813836471383465
"TCGA-05-4384-01A",3.03921581841854,2.66984828379897,3.80009291779725,-3.60416553318709,2.44888923798686,-2.23648271791673,2.60079412909508,3.32595882220637,-2.1394646161069,-2.83885627358711,2.54524423485602
"TCGA-05-4389-01A",-1.17826746717132,-0.988625183764611,-0.992398690444638,0.872409002390798,-1.30897780115923,1.19140973856298,-1.30087526265239,-2.16541755331324,-0.211945234864103,1.47905311427643,-1.15850644927208
"TCGA-05-4390-01A",-1.2602266735189,-0.89289418028727,-2.33333920891236,0.756081507552818,-1.26003849177725,-2.72045361857194,-1.17017703201937,-2.45072178695791,1.61214467340148,2.08939477735948,-1.31496119500001
"TCGA-05-4395-01A",-2.16756463458179,-2.15871873624935,-0.941336613561404,1.21928579521304,-1.08875796098861,0.996647943611951,-2.26448188163638,-1.4457687427869,1.72423813921816,0.392680512865694,-1.33509554906281
"TCGA-05-4396-01A",2.40902602149958,3.25397836052227,0.371159408428157,-3.15476216738522,1.74734203211691,-2.0416480223973,1.94621222545088,2.07852941502698,-0.862327525893476,-2.37192021876742,0.839241558118725
"TCGA-05-4397-01A",-2.0749462459353,2.42216212264768,-2.5924681185036,1.81353331617234,-1.99950463781666,-2.43363898888084,-2.75823435519785,-3.06778059863761,1.9809570659392,1.92789899343383,-1.69840166544951
"TCGA-05-4398-01A",-0.349698278480712,-0.296025601672319,-1.302972215988,0.926639174266813,0.918126263053795,0.110329374556284,0.772766661833485,-1.70653189363105,1.7860809307643,1.95762889463787,-1.51570775962585
"TCGA-05-4402-01A",-0.0444414032757324,2.66200977869596,1.18026741563132,-2.17176427627449,1.0180785212961,-0.823729846928355,1.23181047342142,0.468150806934155,-1.17300609699358,-0.327991703805276,0.0769035395267806
"TCGA-05-4403-01A",1.43670352233778,-0.883779611987176,1.87175236508308,-1.51540060740961,1.66835985301172,1.9184828585241,-1.42413163630524,3.3492562008778,-2.05826567203364,-1.32970189009227,2.06607852087823
"TCGA-05-4405-01A",3.73656955487507,2.89490706235139,2.73150939154785,-3.66566046178502,2.429437089269,-1.7720527795054,4.60764000307141,2.86647509505681,-2.11774839785175,0.965388909115966,1.34527520431839
"TCGA-05-4410-01A",3.40555705036308,3.4901656321339,1.86689560062144,-3.48552928021978,2.00335670170911,0.715367229335932,3.65243192770233,1.60340739365815,-0.0282992115455643,-0.351822540701093,0.499877207429517
"TCGA-05-4415-01A",-2.22498940847317,-1.15512249492068,-2.65899059786,1.28522961944307,-1.64556614949319,-1.19346951774661,-0.837755328554273,-2.52719605039158,1.54535365405742,1.5034484913628,-1.67586470397264
"TCGA-05-4417-01A",2.28844493897762,0.777125463581995,0.512638593791981,-2.43939494130474,1.77949369865143,1.21683924442904,2.55788438500245,3.69115701820779,-2.66412171292793,0.356924329692196,2.00015632370598
"TCGA-05-4418-01A",-1.74907931183097,-1.49458356332989,-1.60847761098561,2.7976327023375,-0.781787456817868,1.70466747405238,-3.34596889001022,-0.553640889517848,0.787772937392673,-0.18141177135142,-0.574578428886926
"TCGA-05-4420-01A",-0.602394379892786,-0.968908739231485,-2.61432093608315,2.09823965193884,-1.67572368089565,-3.35370794393488,-2.04549418472642,-1.28744665150741,1.90464364048432,0.773448468031849,-1.08581429742047
"TCGA-05-4422-01A",2.12637772423716,-0.390055558268169,0.587018753285457,-1.28862572340886,-0.0929245080777815,1.63671474540083,-1.26014151368049,0.111867087331725,-0.729774153869758,-2.50174555231118,-0.0567606673473738
"TCGA-05-4424-01A",-0.106081396355291,1.61735979267605,-1.31454125174623,-1.53794466152848,1.130986693952,-0.824464497589568,3.66466925687687,-0.510584904604687,-0.772263967877555,-0.425415083648391,-1.10744732121785
"TCGA-05-4425-01A",1.19518793626575,-0.695908956171482,0.876632127388875,-0.238771768207812,-0.363227488059058,2.22020631255931,0.869916455295825,-1.27488426783366,-2.13157333016834,-2.30761079093472,-0.272288199429043
"TCGA-05-4426-01A",2.78278087561999,-0.972814872883701,1.85487818234228,0.104433240413121,1.34715439790232,-0.487176596852848,1.99517064489336,-0.51143068841807,0.880157027144788,-0.461493212692739,-0.533449981537562
"TCGA-05-4427-01A",1.06004788937627,1.54312736738412,-1.9014471653488,-2.28518611286092,-0.0182414843908769,-1.5776937534933,3.74821728534927,0.318768139618827,0.774275643697856,1.97221537031785,-0.91106270698818
"TCGA-05-4430-01A",1.07713012184904,-0.914103260866696,2.36172585957139,0.908637150946645,1.62417515951241,-0.211024963523914,-0.0601830748283643,2.08803312229178,0.287775355716803,1.51248861643147,0.801916694519469
"TCGA-05-4432-01A",-0.688303121453707,0.888261326706676,-1.65041503042132,-0.136415758656708,0.256785688254795,-1.01507939988702,-0.552667569357811,0.24035485984904,-0.761821032943278,2.21149737953263,-0.0550910941186986
"TCGA-05-4433-01A",3.10111249513714,2.51898987165798,0.629488100557191,-3.74716325120493,0.222614836308256,1.89623572321123,3.69045421855233,2.35145638275866,-1.00510650673378,-2.24978611040448,1.22839542034736
"TCGA-05-4434-01A",0.00459572758978002,0.788497876556768,0.154507965662473,0.883748972204439,-0.976446440055303,1.37240464046999,2.11364977856865,-0.769278888688543,1.47856647290091,1.36142056474097,-0.679484783090282
"TCGA-05-5420-01A",-1.45023280528448,-1.1734218339265,-1.44043086514781,1.95211509059876,-1.57682971491088,2.85024066438814,-2.31736430833918,-0.69626528973324,0.369673630595145,-1.45647804178161,-0.659683428255862
"TCGA-05-5423-01A",-0.868558679042196,-0.915222446684713,1.33288990559668,1.66592217055791,-0.930912218743548,1.12581083773727,-2.16251141972974,0.320539087764391,0.140049926270074,-1.93706301354333,1.24681888484741
"TCGA-05-5425-01A",-1.90633242659954,-1.27354835866394,-1.94863615345413,1.81991088602153,-1.5455620840825,2.12506770861637,-1.42247652630269,-2.46713201533772,1.47444814058499,0.467886550936309,-1.29307333591266
"TCGA-05-5428-01A",-1.90441015158997,-1.89228741946168,-1.75636227470168,1.82632129748933,-1.84699614796545,-0.764742360453634,-3.0037146003026,-1.54371672620744,2.00464903464165,-1.17405246932331,-0.953795083418309
"TCGA-05-5429-01A",-1.41171730258878,-1.37644581315552,-1.09841973493906,0.366974274403073,-1.44875090679188,-0.30544910962883,-2.1029173527565,-1.36529080239611,0.259283114481782,-0.207698450735245,-0.248326242567618
"TCGA-05-5715-01A",-0.551296651629333,1.22383293727326,1.34702047174269,-0.38364888303517,1.05338019344816,-1.10995460882153,-1.67706471038253,0.496478163866612,-1.56132295682081,-2.22087612007884,0.182844429579668
"TCGA-35-3615-01A",-1.09578394255668,-1.83980728394244,3.34577780809369,0.270380345173879,1.29605361129833,-1.06765839130579,-2.70672004897208,2.76441236229935,-2.65384165220376,-3.05793582930136,2.34023304783297
"TCGA-35-4122-01A",-1.92131243976836,-1.92798304251737,-1.59448179594539,2.33951873305843,-1.58200916497366,2.34948208738483,-2.7459562677316,-1.46099627721325,1.69841073564395,2.21728390962096,-1.19571541201161
"TCGA-35-4123-01A",-1.63306898622862,-1.68083375209099,-1.744929841712,1.82709024070433,-1.92149677725506,2.1373402125,-2.06418085034918,-1.68862493566283,1.65748562833646,2.2149856417882,-0.707573157405572
"TCGA-35-5375-01A",-2.33690578934334,-2.15655854661603,-2.28459918439151,1.95359534586129,-2.51758030977249,0.661868784998494,-3.02784992514302,-2.24370708520739,1.62843183888981,-0.401109358128225,-1.73582157256351
"TCGA-38-4625-01A",-2.05884633940317,0.0484864144738679,-2.86154075017941,2.64993469976013,-2.05190436233195,0.954203711944645,-1.15728860969854,-2.91768941733067,2.24715890711483,1.34222702432495,-1.91978136080148
"TCGA-38-4626-01A",2.51061850775054,2.10636072178762,3.02899028220521,-2.95110718548027,2.71302663827298,0.726429777236485,2.49657340213514,3.81235612139076,-2.20172697406896,-1.25268420571671,2.39879062736186
"TCGA-38-4627-01A",1.17941038205547,-1.1837951924119,2.44554670176128,-0.397820713311781,2.04065570494166,0.0216969809410545,0.432470374776585,2.72326588171952,-0.534857781940212,0.419052013536536,2.09972553320355
"TCGA-38-4628-01A",-1.50393734467199,-0.782312384610862,-0.213959679346967,1.10664485021011,-0.560126817858693,-1.35138180613917,-3.01902619904588,-1.37313621247194,1.29436066750086,0.514407428179884,0.0120057844454869
"TCGA-38-4629-01A",-1.42527803024175,-1.36708428944721,-1.60861768106224,1.44434855220059,-1.06040691276862,1.50410477174044,-1.653514692368,-1.86004977768594,1.37121188723829,2.08747607049795,-1.11311471513578
"TCGA-38-4630-01A",-1.1852042794112,0.00257086680681695,-2.84248509433148,1.18899710683202,-1.87063625062986,-3.34282891808573,0.462846038728071,-1.96804422259784,1.83085015731172,2.11136661090188,-1.34824328220412
"TCGA-38-4631-01A",-2.16552782551761,-1.23973508926852,-2.79650852730588,2.61145580713666,-2.18523351454681,-0.321951198352377,-2.14511477571427,-3.15540617093465,2.1296320447586,1.96351615664472,-1.5449239898045
"TCGA-38-4632-01A",-1.58248139632767,-1.77095824634851,-2.017962325163,2.8516679419112,-1.55794794508992,1.00310600802104,-2.40586247403336,-2.55777053508362,2.28976506087733,0.945462799584981,-1.59812025447642
"TCGA-38-6178-01A",-0.299245317214714,0.859637031230048,2.07402422704579,-1.98576364456777,1.82757206118013,-3.54351133191799,3.3972423707848,2.15286979097372,-2.72380301390475,-0.22742676953658,1.51335597783738
"TCGA-38-7271-01A",3.39873579931121,-1.13464307921802,2.3079058912215,-2.53580226620874,1.9672902705136,1.81348237281109,3.96115807759231,3.02751961937518,-2.0869986624438,-0.0357923474087954,1.91622489438033
"TCGA-38-A44F-01A",3.17781120852169,1.77006490495327,3.26980796743643,-1.01420707606168,2.12054690875323,1.24720395008512,1.78867449826404,3.08545996376514,-2.28200716905647,-3.21185461985493,2.32311171491277
"TCGA-44-2655-01A",-1.60822689438686,-0.812219532376625,3.30690757782473,-0.135676364144862,1.33496615781933,-0.381456693489612,-2.24148647373783,2.35879894829615,-2.56603646082503,-3.38788794062719,2.27705289889782
