"Pathway","Delta_BIC","Components","Evidence"
"KEGG_PROTEASOME",38.3241049563049,3,"Very Strong"
"KEGG_RIBOSOME",30.362273767649,2,"Very Strong"
"KEGG_MEDICUS_REFERENCE_DEPHOSPHORYLATION_OF_KINETOCHORE",30.3266561393003,2,"Very Strong"
"KEGG_MEDICUS_REFERENCE_TRANSLATION_INITIATION",28.9939574227064,2,"Very Strong"
"KEGG_MEDICUS_ENV_FACTOR_PHIP_TO_DNA_ADDUCTS",27.854201501975,2,"Very Strong"
"KEGG_MEDICUS_REFERENCE_CENPE_INTERACTION_WITH_NDC80_COMPLEX",25.1339225921439,2,"Very Strong"
"KEGG_MEDICUS_REFERENCE_26S_PROTEASOME_MEDIATED_PROTEIN_DEGRADATION",24.475735371327,2,"Very Strong"
"KEGG_MEDICUS_REFERENCE_ORGANIZATION_OF_THE_OUTER_KINETOCHORE",23.78228100159,2,"Very Strong"
"KEGG_MEDICUS_REFERENCE_FE3_FERRITIN_TRANSPORT",22.9687365626794,2,"Very Strong"
"KEGG_MEDICUS_REFERENCE_RECRUITMENT_AND_FORMATION_OF_THE_MCC",20.7299462511209,2,"Very Strong"
"KEGG_MEDICUS_REFERENCE_MITOCHONDRIAL_COMPLEX_UCP1_IN_THERMOGENESIS",20.3642038451439,2,"Very Strong"
"BIOCARTA_DICER_PATHWAY",19.2093402714094,2,"Very Strong"
"KEGG_MEDICUS_REFERENCE_ORIGIN_UNWINDING_AND_ELONGATION",18.9387292847865,2,"Very Strong"
"KEGG_MEDICUS_REFERENCE_HOMOLOGOUS_RECOMBINATION",18.1034507566783,2,"Very Strong"
"BIOCARTA_PAR1_PATHWAY",17.9701634296671,2,"Very Strong"
"KEGG_PARKINSONS_DISEASE",16.811233633726,3,"Very Strong"
"KEGG_MATURITY_ONSET_DIABETES_OF_THE_YOUNG",16.5993633185102,2,"Very Strong"
"KEGG_MEDICUS_REFERENCE_MODIFYING_OF_CONDENSIN_I_SUBUNITS",16.1364966627525,3,"Very Strong"
"BIOCARTA_PROTEASOME_PATHWAY",16.0139167776879,2,"Very Strong"
"KEGG_MEDICUS_REFERENCE_LONG_PATCH_BER",15.3821173850154,2,"Very Strong"
"KEGG_MEDICUS_REFERENCE_ELECTRON_TRANSFER_IN_COMPLEX_III",15.3807702389992,2,"Very Strong"
"BIOCARTA_SKP2E2F_PATHWAY",15.0752541776169,2,"Very Strong"
"KEGG_MEDICUS_REFERENCE_HEDGEHOG_SIGNALING_PATHWAY_HH_LIGAND_SECRETION",15.0646270138072,2,"Very Strong"
"BIOCARTA_SM_PATHWAY",14.7514214370391,3,"Very Strong"
"BIOCARTA_MRP_PATHWAY",14.5074832349078,2,"Very Strong"
"KEGG_MEDICUS_ENV_FACTOR_ZN_TO_ANTEROGRADE_AXONAL_TRANSPORT",14.4881123980072,3,"Very Strong"
"BIOCARTA_TCAPOPTOSIS_PATHWAY",14.3483765458925,2,"Very Strong"
"BIOCARTA_TUBBY_PATHWAY",14.1596043917941,2,"Very Strong"
"KEGG_HUNTINGTONS_DISEASE",14.0703319295799,2,"Very Strong"
"BIOCARTA_PTC1_PATHWAY",14.0509322009939,2,"Very Strong"
"KEGG_MEDICUS_REFERENCE_ORGANIZATION_OF_THE_INNER_KINETOCHORE",13.8473177001678,2,"Very Strong"
"KEGG_MEDICUS_REFERENCE_COHESIN_ACETYLATION",13.6061229571618,3,"Very Strong"
"KEGG_MEDICUS_REFERENCE_KINETOCHORE_MICROTUBULE_ATTACHMENT",13.582334626617,2,"Very Strong"
"KEGG_MEDICUS_REFERENCE_MICROTUBULE_DEPOLYMERIZATION_AT_THE_MINUS_ENDS",13.3172158520866,3,"Very Strong"
"KEGG_MEDICUS_REFERENCE_PRE_IC_FORMATION",12.8021974152172,2,"Very Strong"
"KEGG_MEDICUS_REFERENCE_CA2_ENTRY_STORE_OPERATED_CA2_CHANNEL",12.795614361108,2,"Very Strong"
"SA_REG_CASCADE_OF_CYCLIN_EXPR",12.6063752366811,2,"Very Strong"
"KEGG_MEDICUS_REFERENCE_ITGA_B_TALIN_VINCULIN_SIGNALING_PATHWAY",12.2846621066446,2,"Very Strong"
"KEGG_MEDICUS_REFERENCE_UCHL1_MEDIATED_HYDROLYSIS",12.1458468470724,3,"Very Strong"
"KEGG_MEDICUS_REFERENCE_SPINDLE_ASSEMBLY_CHECKPOINT_SIGNALING",11.957395191476,3,"Very Strong"
"BIOCARTA_MITR_PATHWAY",11.8799171497043,3,"Very Strong"
"KEGG_MEDICUS_REFERENCE_ELECTRON_TRANSFER_IN_COMPLEX_I",11.3545379042254,2,"Very Strong"
"KEGG_MEDICUS_REFERENCE_P27_CELL_CYCLE_G1_S",11.2021722191622,3,"Very Strong"
"KEGG_MEDICUS_REFERENCE_REGULATION_OF_EXTRINSIC_APOPTOTIC_PATHWAY_XIAP",11.1172417642765,2,"Very Strong"
"KEGG_MEDICUS_REFERENCE_PYRIN_INFLAMMASOME_SIGNALING_PATHWAY",11.092464454584,2,"Very Strong"
"KEGG_DNA_REPLICATION",11.0215375712393,2,"Very Strong"
"KEGG_TASTE_TRANSDUCTION",10.9829325858746,2,"Very Strong"
"KEGG_MEDICUS_REFERENCE_OKAZAKI_FRAGMENT_MATURATION",10.9412491371845,2,"Very Strong"
"BIOCARTA_MCM_PATHWAY",10.8871315239094,2,"Very Strong"
"KEGG_MEDICUS_REFERENCE_BETA_OXIDATION_PEROXISOME_VLCFA",10.8497794823178,4,"Very Strong"
"BIOCARTA_CTL_PATHWAY",10.4750341432063,2,"Very Strong"
"BIOCARTA_MELANOCYTE_PATHWAY",10.440391659888,2,"Very Strong"
"KEGG_OXIDATIVE_PHOSPHORYLATION",10.3085030937009,2,"Very Strong"
"BIOCARTA_RANKL_PATHWAY",10.0745190283805,3,"Very Strong"
"KEGG_MEDICUS_REFERENCE_TRAIP_DEPENDENT_REPLISOME_DISASSEMBLY",9.91467090951028,2,"Strong"
"BIOCARTA_ETC_PATHWAY",9.86416139353156,2,"Strong"
"KEGG_MEDICUS_REFERENCE_DISASSEMBLY_OF_MCC",9.81634674043168,2,"Strong"
"KEGG_MEDICUS_PATHOGEN_SARS_COV_2_S_TO_CLASSICAL_PATHWAY_OF_COMPLEMENT_CASCADE",9.7741499923649,2,"Strong"
"KEGG_MEDICUS_PATHOGEN_SHIGELLA_IPAH7.8_TO_NLRP3_INFLAMMASOME_SIGNALING_PATHWAY",9.75944480954293,3,"Strong"
"KEGG_MEDICUS_ENV_FACTOR_NNK_TO_DNA_ADDUCTS",9.74536778176063,2,"Strong"
"KEGG_MEDICUS_REFERENCE_DOUBLE_STRAND_BREAK_SIGNALING",9.63499816334816,2,"Strong"
"KEGG_MEDICUS_REFERENCE_LECTIN_PATHWAY_OF_COAGULATION_CASCADE_FIBRINOGEN_TO_FIBRIN",9.6218294685974,2,"Strong"
"KEGG_ALZHEIMERS_DISEASE",9.53811861564705,2,"Strong"
"KEGG_MEDICUS_REFERENCE_DNA_REPLICATION_TERMINATION",9.37123639465862,2,"Strong"
"BIOCARTA_VOBESITY_PATHWAY",9.31051177137682,3,"Strong"
"KEGG_MEDICUS_REFERENCE_REGULATION_OF_GF_RTK_RAS_ERK_SIGNALING_UBIQUITINATION_OF_RTK_BY_CBL",9.11345233699634,2,"Strong"
"KEGG_PYRIMIDINE_METABOLISM",9.0436888004534,2,"Strong"
"KEGG_MEDICUS_REFERENCE_STEROID_HORMONE_BIOSYNTHESIS_PROGESTERONE_TO_CORTISOL_CORTISONE",9.01193154741767,4,"Strong"
"KEGG_MEDICUS_PATHOGEN_EBV_LMP1_TO_PI3K_SIGNALING_PATHWAY",8.99896875234747,2,"Strong"
"KEGG_MEDICUS_PATHOGEN_SHIGELLA_IPAB_C_D_TO_ITGA_B_TALIN_VINCULIN_SIGNALING_PATHWAY",8.99493570758143,2,"Strong"
"KEGG_MEDICUS_REFERENCE_WNT5A_ROR_SIGNALING_PATHWAY",8.960089577771,2,"Strong"
"KEGG_MEDICUS_REFERENCE_SEROTONIN_METABOLISM",8.86450674566368,4,"Strong"
"KEGG_MEDICUS_REFERENCE_ARNO_ARF_ACTB_G_SIGNALING_PATHWAY",8.75323560974941,2,"Strong"
"KEGG_MEDICUS_REFERENCE_ESTABLISHMENT_OF_COHESION",8.73455850689516,2,"Strong"
"BIOCARTA_SUMO_PATHWAY",8.67790017719872,2,"Strong"
"BIOCARTA_TCRA_PATHWAY",8.66128709743337,3,"Strong"
"KEGG_MEDICUS_REFERENCE_ANXA2_S100A10_REGULATED_ACTIN_CYTOSKELETON",8.52798911764468,2,"Strong"
"BIOCARTA_ALK_PATHWAY",8.43365555399636,2,"Strong"
"KEGG_HOMOLOGOUS_RECOMBINATION",8.42902004062044,2,"Strong"
"BIOCARTA_TGFB_PATHWAY",8.41832137856157,2,"Strong"
"BIOCARTA_CCR5_PATHWAY",8.38424633031552,2,"Strong"
"KEGG_ALLOGRAFT_REJECTION",8.32090429612734,2,"Strong"
"KEGG_MEDICUS_VARIANT_AML1_ETO_FUSION_TO_PU.1_MEDIATED_TRANSCRIPTION",8.22989992407673,2,"Strong"
"BIOCARTA_FREE_PATHWAY",8.13568349570501,2,"Strong"
"KEGG_GRAFT_VERSUS_HOST_DISEASE",8.08594903459371,2,"Strong"
"BIOCARTA_TCYTOTOXIC_PATHWAY",8.08355506568471,2,"Strong"
"KEGG_MEDICUS_REFERENCE_AUTOPHAGY_VESICLE_NUCLEATION_ELONGATION_MATURATION_MTORC1_PI3KC3_C1",7.97201092987851,2,"Strong"
"KEGG_MEDICUS_PATHOGEN_HIV_VPR_TO_WEE1_CELL_CYCLE_G2M",7.89118247911244,2,"Strong"
"KEGG_MEDICUS_REFERENCE_DNA_REPLICATION_LICENSING",7.87322394187792,2,"Strong"
"KEGG_MEDICUS_REFERENCE_CASR_PTH_SIGNALING_PATHWAY",7.76712032045874,2,"Strong"
"BIOCARTA_NKT_PATHWAY",7.74064329544227,2,"Strong"
"KEGG_MEDICUS_REFERENCE_ERK_RSK_SIGNALING",7.61637677362755,2,"Strong"
"BIOCARTA_PEPI_PATHWAY",7.56497884629083,2,"Strong"
"KEGG_MEDICUS_REFERENCE_N_GLYCAN_PRECURSOR_BIOSYNTHESIS_ALG6_TO_OST",7.51020502300064,2,"Strong"
"KEGG_PRIMARY_IMMUNODEFICIENCY",7.39376867295466,2,"Strong"
"KEGG_MEDICUS_REFERENCE_MICROTUBULE_DEPOLYMERIZATION",7.24594494544063,2,"Strong"
"KEGG_HISTIDINE_METABOLISM",7.21557384030876,2,"Strong"
"BIOCARTA_TH1TH2_PATHWAY",7.20194236535774,2,"Strong"
"BIOCARTA_ASBCELL_PATHWAY",7.17542401547296,3,"Strong"
"BIOCARTA_GPCR_PATHWAY",7.15296124127378,2,"Strong"
"BIOCARTA_DC_PATHWAY",7.09971974762163,2,"Strong"
"KEGG_MEDICUS_REFERENCE_PLASMIN_MEDIATED_ACTIVATION_OF_LATENT_TGF_BETA",6.98240250819688,2,"Strong"
"BIOCARTA_HDAC_PATHWAY",6.85849235363367,3,"Strong"
"KEGG_NATURAL_KILLER_CELL_MEDIATED_CYTOTOXICITY",6.79512919475022,2,"Strong"
"KEGG_MEDICUS_REFERENCE_RAD51_DSDNA_DESTABILIZATION",6.78308751404553,2,"Strong"
"KEGG_HEMATOPOIETIC_CELL_LINEAGE",6.68465980925665,2,"Strong"
"KEGG_TYPE_I_DIABETES_MELLITUS",6.6109156149077,2,"Strong"
"BIOCARTA_VDR_PATHWAY",6.60855401702328,2,"Strong"
"KEGG_MEDICUS_REFERENCE_BMP9_10_SIGNALING_PATHWAY",6.60641319596413,2,"Strong"
"KEGG_MEDICUS_REFERENCE_GF_RTK_RAS_ERK_SIGNALING_PATHWAY",6.59783240609583,2,"Strong"
"BIOCARTA_PLC_PATHWAY",6.51083440875043,2,"Strong"
"KEGG_MEDICUS_REFERENCE_GLYCOSAMINOGLYCAN_BIOSYNTHESIS_LINKAGE_TETRASACCHARIDE",6.45464734573295,2,"Strong"
"KEGG_MEDICUS_PATHOGEN_SALMONELLA_SOPB_TO_ARNO_ARF_ACTB_G_SIGNALING_PATHWAY",6.40935058066127,2,"Strong"
"BIOCARTA_GSK3_PATHWAY",6.40466766923682,2,"Strong"
"BIOCARTA_THELPER_PATHWAY",6.37216898146852,2,"Strong"
"KEGG_MEDICUS_PATHOGEN_EBV_EBNA3C_TO_P27_CELL_CYCLE_G1_S_N00264",6.33057934392338,2,"Strong"
"KEGG_MEDICUS_REFERENCE_BREAK_INDUCED_REPLICATION",6.31961686349382,3,"Strong"
"KEGG_CELL_ADHESION_MOLECULES_CAMS",6.31211097959467,3,"Strong"
"BIOCARTA_AMAN_PATHWAY",6.25465119019061,2,"Strong"
"BIOCARTA_NKCELLS_PATHWAY",6.1936718288671,2,"Strong"
"KEGG_MEDICUS_PATHOGEN_HCMV_UL33_TO_GNAI_AC_PKA_SIGNALING_PATHWAY",6.16103625911645,2,"Strong"
"BIOCARTA_KREB_PATHWAY",6.08033691768331,2,"Strong"
"KEGG_MEDICUS_PATHOGEN_EBV_EBNA3C_TO_CELL_CYCLE_G1_S_N00483",6.07749560808415,2,"Strong"
"KEGG_MEDICUS_PATHOGEN_SHIGELLA_IPGD_TO_ARNO_ARF_ACTB_G_SIGNALING_PATHWAY",6.06895436271787,2,"Strong"
"KEGG_MEDICUS_REFERENCE_TYPE_I_IFN_SIGNALING_PATHWAY",6.00339709087486,2,"Strong"
"KEGG_MEDICUS_REFERENCE_ANTIGEN_PROCESSING_AND_PRESENTATION_BY_MHC_CLASS_II_MOLECULES",5.98206511354472,3,"Positive"
"KEGG_LEISHMANIA_INFECTION",5.97052415527852,3,"Positive"
"BIOCARTA_EGFR_SMRTE_PATHWAY",5.9643237503757,2,"Positive"
"KEGG_MEDICUS_PATHOGEN_ARSENIC_TO_ELECTRON_TRANSFER_IN_COMPLEX_II",5.90342031980082,2,"Positive"
"KEGG_MEDICUS_REFERENCE_ASSEMBLY_AND_TRAFFICKING_OF_TELOMERASE",5.8300206618644,3,"Positive"
"KEGG_MEDICUS_REFERENCE_CD40_NFKB_SIGNALING_PATHWAY",5.79900237732237,2,"Positive"
"KEGG_MISMATCH_REPAIR",5.71155306631125,2,"Positive"
"BIOCARTA_NO2IL12_PATHWAY",5.68228689886936,2,"Positive"
"BIOCARTA_BBCELL_PATHWAY",5.59246932837357,3,"Positive"
"KEGG_AUTOIMMUNE_THYROID_DISEASE",5.52035785712135,2,"Positive"
"KEGG_MEDICUS_ENV_FACTOR_ARSENIC_TO_ELECTRON_TRANSFER_IN_COMPLEX_IV",5.49803987630736,2,"Positive"
"KEGG_MEDICUS_REFERENCE_MODIFYING_OF_CONDENSIN_II_SUBUNITS",5.47868456584943,2,"Positive"
"KEGG_MEDICUS_REFERENCE_TELOMERASE_RNA_MATURATION",5.4737197420084,2,"Positive"
"BIOCARTA_INFLAM_PATHWAY",5.47095418850711,2,"Positive"
"BIOCARTA_CSK_PATHWAY",5.46211418594147,2,"Positive"
"KEGG_MEDICUS_REFERENCE_EGF_EGFR_PI3K_NFKB_SIGNALING_PATHWAY",5.45560228275407,2,"Positive"
"KEGG_MEDICUS_PATHOGEN_HCMV_UL33_TO_GNAQ_PLCB_G_CALCINEURIN_SIGNALING_PATHWAY",5.34889512350883,2,"Positive"
"KEGG_MEDICUS_REFERENCE_MISMATCH_REPAIR",5.3427654018139,2,"Positive"
"KEGG_MEDICUS_REFERENCE_CDC25_CELL_CYCLE_G2_M",5.2985088240638,3,"Positive"
"KEGG_MEDICUS_REFERENCE_HEPARAN_SULFATE_DEGRADATION",5.27924014232463,2,"Positive"
"KEGG_GLYOXYLATE_AND_DICARBOXYLATE_METABOLISM",5.27335599164033,2,"Positive"
"BIOCARTA_P27_PATHWAY",5.25587040438271,2,"Positive"
"KEGG_CYTOKINE_CYTOKINE_RECEPTOR_INTERACTION",5.16550447320269,3,"Positive"
"KEGG_MEDICUS_REFERENCE_REGULATION_OF_GF_RTK_RAS_ERK_SIGNALING_PATHWAY_ADAPTOR_PROTEINS",5.1240433865174,3,"Positive"
"KEGG_PROTEIN_EXPORT",5.11131504893155,2,"Positive"
"KEGG_MEDICUS_REFERENCE_BASE_EXCISION_AND_STRAND_CLEAVAGE_BY_BIFUNCTIONAL_GLYCOSYLASE",5.10627518415595,2,"Positive"
"KEGG_VALINE_LEUCINE_AND_ISOLEUCINE_DEGRADATION",5.08870176035673,2,"Positive"
"KEGG_MEDICUS_REFERENCE_TRANSPORT_OF_CALCIUM",5.08286438297652,3,"Positive"
"BIOCARTA_RANBP2_PATHWAY",5.04695260285038,2,"Positive"
"KEGG_DRUG_METABOLISM_OTHER_ENZYMES",5.03110702360971,2,"Positive"
"BIOCARTA_CTLA4_PATHWAY",5.01155914473173,2,"Positive"
"KEGG_MEDICUS_REFERENCE_TESTOSTERONE_BIOSYNTHESIS",4.97692802123163,2,"Positive"
"KEGG_MEDICUS_PATHOGEN_HPV_E5_TO_ANTIGEN_PROCESSING_AND_PRESENTATION_BY_MHC_CLASS_I_MOLECULES",4.92845337627037,3,"Positive"
"KEGG_MEDICUS_REFERENCE_RAC_CDC42_PAK_ERK_SIGNALING_PATHWAY",4.88170947534385,2,"Positive"
"BIOCARTA_CBL_PATHWAY",4.87200619954162,2,"Positive"
"KEGG_MEDICUS_REFERENCE_ELECTRON_TRANSFER_IN_COMPLEX_IV",4.79434598047708,2,"Positive"
"KEGG_BUTANOATE_METABOLISM",4.78076657971899,2,"Positive"
"BIOCARTA_RARRXR_PATHWAY",4.76480199991757,2,"Positive"
"KEGG_MEDICUS_PATHOGEN_ESCHERICHIA_MAP_TO_LPA_GNA12_13_RHOA_SIGNALING_PATHWAY",4.72032866216968,2,"Positive"
"KEGG_PURINE_METABOLISM",4.71305594458349,2,"Positive"
"BIOCARTA_MHC_PATHWAY",4.68142828691386,2,"Positive"
"BIOCARTA_RANMS_PATHWAY",4.66483611988447,3,"Positive"
"KEGG_MEDICUS_REFERENCE_P16_CELL_CYCLE_G1_S",4.59092730907359,2,"Positive"
"KEGG_MEDICUS_REFERENCE_WNT_SIGNALING_MODULATION_SOST_LRP4",4.54630586272146,2,"Positive"
"BIOCARTA_RACCYCD_PATHWAY",4.54446151569255,2,"Positive"
"KEGG_MEDICUS_REFERENCE_ISOLEUCINE_DEGRADATION",4.4809885006153,2,"Positive"
"KEGG_MEDICUS_REFERENCE_TNFSF10_RIPK1_3_SIGNALING_PATHWAY",4.45615069412225,3,"Positive"
"KEGG_MEDICUS_REFERENCE_CITRATE_CYCLE_SECOND_CARBON_OXIDATION_2",4.42894001193218,2,"Positive"
"KEGG_CELL_CYCLE",4.4190966180667,2,"Positive"
"KEGG_MEDICUS_REFERENCE_DEUBIQUITINATION_OF_H2AK119",4.41853218878369,3,"Positive"
"BIOCARTA_PRC2_PATHWAY",4.36891942760233,2,"Positive"
"KEGG_STEROID_HORMONE_BIOSYNTHESIS",4.32512259141998,2,"Positive"
"KEGG_MEDICUS_PATHOGEN_HTLV_1_P12_TO_ANTIGEN_PROCESSING_AND_PRESENTATION_BY_MHC_CLASS_I_MOLECULES",4.2989651131299,3,"Positive"
"KEGG_GNRH_SIGNALING_PATHWAY",4.29741515239279,2,"Positive"
"KEGG_MEDICUS_REFERENCE_RTK_PLCG_ITPR_SIGNALING_PATHWAY",4.22228436289021,2,"Positive"
"KEGG_PENTOSE_AND_GLUCURONATE_INTERCONVERSIONS",4.20193663126801,2,"Positive"
"KEGG_MEDICUS_PATHOGEN_HCMV_US28_TO_GNB_G_PI3K_NFKB_SIGNALING_PATHWAY",4.18706580662925,2,"Positive"
"KEGG_MEDICUS_REFERENCE_PROMOTION_OF_MICROTUBULE_GROWTH",4.17705727573108,2,"Positive"
"KEGG_DRUG_METABOLISM_CYTOCHROME_P450",4.17631392363659,2,"Positive"
"KEGG_MEDICUS_PATHOGEN_HPV_E6_TO_NOTCH_SIGNALING_PATHWAY_N00381",4.15779933149032,2,"Positive"
"BIOCARTA_CYTOKINE_PATHWAY",4.11893204843911,2,"Positive"
"KEGG_MEDICUS_PATHOGEN_ESCHERICHIA_ESPG_TO_MICROTUBULE_RHOA_SIGNALING_PATHWAY",4.06789117350516,3,"Positive"
"BIOCARTA_MITOCHONDRIA_PATHWAY",4.05406247865147,2,"Positive"
"BIOCARTA_TNFR2_PATHWAY",3.94012523378365,2,"Positive"
"KEGG_MEDICUS_REFERENCE_CA2_ENTRY_LIGAND_GATED_CA2_CHANNEL",3.92814824116751,2,"Positive"
"BIOCARTA_EXTRINSIC_PATHWAY",3.91622701271644,2,"Positive"
"KEGG_PROPANOATE_METABOLISM",3.87565374109269,2,"Positive"
"BIOCARTA_PLCD_PATHWAY",3.86630227402365,2,"Positive"
"KEGG_MEDICUS_REFERENCE_CD80_CD86_CD28_PI3K_SIGNALING_PATHWAY",3.86610337564921,2,"Positive"
"KEGG_MEDICUS_REFERENCE_CXCL12_CXCR4_PKC_ERK_SIGNALING_PATHAWAY",3.84736175942437,2,"Positive"
"KEGG_MEDICUS_ENV_FACTOR_NNK_NNN_TO_CHRNA7_E2F_SIGNALING_PATHWAY",3.78629958939781,2,"Positive"
"KEGG_MEDICUS_REFERENCE_BASE_EXCISION_AND_STRAND_CLEAVAGE_BY_MONOFUNCTIONAL_GLYCOSYLASE",3.78298567833831,2,"Positive"
"SA_FAS_SIGNALING",3.74523402819369,2,"Positive"
"KEGG_MEDICUS_REFERENCE_NALP12_INFLAMMASOME_SIGNALING_PATHWAY",3.72946319076244,2,"Positive"
"KEGG_MEDICUS_REFERENCE_EGF_EGFR_RAS_RASSF1_SIGNALING_PATHWAY",3.63647871613984,2,"Positive"
"BIOCARTA_CALCINEURIN_PATHWAY",3.61730383305222,2,"Positive"
"KEGG_MEDICUS_REFERENCE_PDGF_PDGFR_PI3K_SIGNALING_PATHWAY",3.51849913260381,2,"Positive"
"KEGG_MEDICUS_REFERENCE_KERATAN_SULFATE_DEGRADATION",3.51491980751427,2,"Positive"
"KEGG_MEDICUS_PATHOGEN_HIV_TAT_NEF_TO_CROSSTALK_BETWEEN_EXTRINSIC_AND_INTRINSIC_APOPTOTIC_PATHWAYS",3.46273601000328,2,"Positive"
"KEGG_INTESTINAL_IMMUNE_NETWORK_FOR_IGA_PRODUCTION",3.45609108310914,2,"Positive"
"BIOCARTA_MTOR_PATHWAY",3.44875332031149,2,"Positive"
"KEGG_MEDICUS_REFERENCE_BASE_EXCISION_AND_STRAND_CLEAVAGE_BY_NEIL_GLYCOSYLASE",3.41886685227524,2,"Positive"
"BIOCARTA_CELLCYCLE_PATHWAY",3.41456623375487,2,"Positive"
"KEGG_MEDICUS_REFERENCE_CXCR4_GNAQ_PLCB_G_CALCINEURIN_SIGNALING_PATHWAY",3.37792160396769,2,"Positive"
"BIOCARTA_PPARA_PATHWAY",3.35737139120388,2,"Positive"
"KEGG_MEDICUS_REFERENCE_TSH_DUOX2_TG_SIGNALING_PATHWAY",3.34992310531901,2,"Positive"
"KEGG_MEDICUS_REFERENCE_GLUTATHIONE_BIOSYNTHESIS",3.31832973535372,2,"Positive"
"KEGG_MEDICUS_PATHOGEN_KSHV_MIR2_TO_CELL_SURFACE_MOLECULE_ENDOCYTOSIS",3.31287584067131,2,"Positive"
"KEGG_MEDICUS_REFERENCE_BMP_SIGNALING_PATHWAY",3.24855629797427,2,"Positive"
"BIOCARTA_CXCR4_PATHWAY",3.24005694709056,2,"Positive"
"KEGG_MEDICUS_PATHOGEN_HTLV_1_TAX_TO_SPINDLE_ASSEMBLY_CHECKPOINT_SIGNALING",3.21147670082606,2,"Positive"
"BIOCARTA_HSWI_SNF_PATHWAY",3.17526449704206,2,"Positive"
"KEGG_MEDICUS_REFERENCE_ATR_P21_CELL_CYCLE_G2_M",3.14531815983769,2,"Positive"
"BIOCARTA_ACE2_PATHWAY",3.08865273088632,2,"Positive"
"KEGG_CHRONIC_MYELOID_LEUKEMIA",3.06825066798968,2,"Positive"
"KEGG_ASTHMA",3.05428601474244,2,"Positive"
"KEGG_REGULATION_OF_ACTIN_CYTOSKELETON",2.98092656408434,2,"Positive"
"BIOCARTA_SLRP_PATHWAY",2.96830246950178,3,"Positive"
"KEGG_MEDICUS_PATHOGEN_HIV_VPR_TAT_TO_TNF_JNK_SIGNALING_PATHWAY",2.96115304671613,2,"Positive"
"KEGG_MEDICUS_REFERENCE_TRH_TRHR_PLCB_PKC_SIGNALING_PATHWAY",2.94156058058079,2,"Positive"
"KEGG_ENDOMETRIAL_CANCER",2.92816499749553,2,"Positive"
"KEGG_MEDICUS_REFERENCE_ITGA_B_FAK_CDC42_SIGNALING_PATHWAY",2.8905851202524,2,"Positive"
"BIOCARTA_PML_PATHWAY",2.88335058980065,2,"Positive"
"KEGG_MEDICUS_PATHOGEN_HIV_VPR_TO_CDC25_CELL_CYCLE_G2M",2.87662009374323,2,"Positive"
"KEGG_MEDICUS_REFERENCE_PTH_PTH1R_PKA_SIGNALING_PATHWAY",2.84961257580785,2,"Positive"
"BIOCARTA_ERYTH_PATHWAY",2.84263051373105,2,"Positive"
"BIOCARTA_CDC42RAC_PATHWAY",2.8207953930678,2,"Positive"
"KEGG_MEDICUS_REFERENCE_LEUCINE_DEGRADATION",2.78514646040463,2,"Positive"
"BIOCARTA_ION_PATHWAY",2.75827359040091,2,"Positive"
"KEGG_MEDICUS_REFERENCE_GNRH_GNRHR_PLCB_PKC_SIGNALING_PATHWAY",2.73324139725572,3,"Positive"
"KEGG_MEDICUS_REFERENCE_GLYCOLYSIS",2.69706126452555,2,"Positive"
"KEGG_OTHER_GLYCAN_DEGRADATION",2.68446576928535,2,"Positive"
"KEGG_MEDICUS_REFERENCE_CHOLESTEROL_BIOSYNTHESIS",2.63032802257952,4,"Positive"
"KEGG_MEDICUS_REFERENCE_EGF_EGFR_RAS_ERK_SIGNALING_PATHWAY",2.6085236221707,2,"Positive"
"KEGG_MEDICUS_REFERENCE_NLRP1_INFLAMMASOME_SIGNALING_PATHWAY",2.60795484024031,3,"Positive"
"KEGG_MEDICUS_REFERENCE_WEE1_CELL_CYCLE_G2_M",2.57857280158397,2,"Positive"
"KEGG_CHEMOKINE_SIGNALING_PATHWAY",2.54099788634029,2,"Positive"
"BIOCARTA_PPARG_PATHWAY",2.5386112091544,2,"Positive"
"KEGG_MEDICUS_REFERENCE_LEWIS_X_ANTIGEN_BIOSYNTHESIS",2.53074219702529,2,"Positive"
"KEGG_MEDICUS_REFERENCE_COHESIN_DISSOCIATION_IN_ANAPHASE",2.51517347062025,2,"Positive"
"KEGG_REGULATION_OF_AUTOPHAGY",2.51479019699694,2,"Positive"
"KEGG_MEDICUS_ENV_FACTOR_PARAQUAT_TO_FAS_JNK_SIGNALING_PATHWAY",2.45002087616101,3,"Positive"
"KEGG_MEDICUS_REFERENCE_CX3CR1_GNAI_AC_PKA_SIGNALING_PATHWAY",2.44868068706796,2,"Positive"
"BIOCARTA_SPRY_PATHWAY",2.43684000308481,2,"Positive"
"KEGG_MEDICUS_PATHOGEN_SHIGELLA_FIMA_TO_CROSSTALK_BETWEEN_EXTRINSIC_AND_INTRINSIC_APOPTOTIC_PATHWAYS",2.39327479499321,2,"Positive"
"SA_MMP_CYTOKINE_CONNECTION",2.34684027898384,2,"Positive"
"KEGG_MEDICUS_PATHOGEN_SALMONELLA_SPVD_TO_TNF_NFKB_SIGNALING_PATHWAY",2.29927957407913,3,"Positive"
"KEGG_MEDICUS_REFERENCE_REGULATION_OF_COMPLEMENT_CASCADE_CFHR",2.29325313338383,2,"Positive"
"KEGG_MEDICUS_REFERENCE_IL2_FAMILY_TO_JAK_STAT_SIGNALING_PATHWAY",2.27840047004117,3,"Positive"
"KEGG_MEDICUS_REFERENCE_MAGI_PTEN_SIGNALING_PATHWAY",2.25007036400032,2,"Positive"
"KEGG_MEDICUS_REFERENCE_GF_RTK_PI3K_SIGNALING_PATHWAY",2.21258087765254,2,"Positive"
"KEGG_MEDICUS_REFERENCE_EGF_EGFR_RAS_RALGDS_SIGNALING_PATHWAY",2.19332515806686,2,"Positive"
"KEGG_MEDICUS_REFERENCE_ATR_SIGNALING",2.1710711440755,2,"Positive"
"KEGG_DILATED_CARDIOMYOPATHY",2.09431323015114,2,"Positive"
"BIOCARTA_IFNA_PATHWAY",2.06231222945653,2,"Positive"
"KEGG_MEDICUS_REFERENCE_TGF_BETA_SIGNALING_PATHWAY",2.05246265741097,2,"Positive"
"KEGG_MEDICUS_REFERENCE_PKR_EIF2ALPHA_SIGNALING_PATHWAY",1.97759271905052,2,"Weak"
"KEGG_MEDICUS_PATHOGEN_HTLV_1_TAX_TO_SRF_MEDIATED_TRANSCRIPTION",1.97304282636844,2,"Weak"
"KEGG_MEDICUS_REFERENCE_TYPE_I_INTERFERON_TO_JAK_STAT_SIGNALING_PATHWAY",1.91718826733901,2,"Weak"
"KEGG_MEDICUS_REFERENCE_IFN_RIPK1_3_SIGNALING_PATHWAY",1.91417566817719,2,"Weak"
"BIOCARTA_IRES_PATHWAY",1.86939754889261,2,"Weak"
"KEGG_MEDICUS_REFERENCE_DNA_DEGRADATION_BY_EXTRACELLULAR_ENDOLYSOSOMAL_DNASE",1.84115776311339,2,"Weak"
"KEGG_MEDICUS_REFERENCE_MLK_JNK_SIGNALING_PATHWAY",1.7915207455665,2,"Weak"
"BIOCARTA_TERT_PATHWAY",1.76604984947697,2,"Weak"
"KEGG_MEDICUS_REFERENCE_HYDROLYSIS_OF_SPHINGOMYELIN",1.7475932126202,2,"Weak"
"KEGG_MEDICUS_REFERENCE_FANCONI_ANEMIA_PATHWAY",1.74734834601021,2,"Weak"
"KEGG_MEDICUS_REFERENCE_COPII_VESICLE_FORMATION",1.70387420307905,2,"Weak"
"KEGG_BASAL_CELL_CARCINOMA",1.68624664866738,2,"Weak"
"KEGG_ALDOSTERONE_REGULATED_SODIUM_REABSORPTION",1.67380210461508,2,"Weak"
"BIOCARTA_NOTCH_PATHWAY",1.66643128669806,2,"Weak"
"KEGG_MEDICUS_REFERENCE_GATOR1_MTORC1_SIGNALING_PATHWAY",1.66011244491182,2,"Weak"
"BIOCARTA_LECTIN_PATHWAY",1.65965833915662,2,"Weak"
"BIOCARTA_MCALPAIN_PATHWAY",1.64968938506746,2,"Weak"
"KEGG_FOLATE_BIOSYNTHESIS",1.61877701581967,2,"Weak"
"KEGG_MEDICUS_REFERENCE_TLR7_8_9_IRF5_SIGNALING_PATHWAY",1.61120867372419,2,"Weak"
"KEGG_MEDICUS_PATHOGEN_HPV_E7_TO_P27_CELL_CYCLE_G1_S",1.5997164215303,2,"Weak"
"BIOCARTA_TERC_PATHWAY",1.58814569392375,2,"Weak"
"KEGG_MEDICUS_REFERENCE_BMP_HAMP_SIGNALING_PATHWAY",1.58760169840019,2,"Weak"
"KEGG_MEDICUS_REFERENCE_EP_NE_ADRB_CAMP_SIGNALING_PATHWAY",1.57125028987412,2,"Weak"
"KEGG_MEDICUS_ENV_FACTOR_NNK_NNN_TO_PI3K_SIGNALING_PATHWAY_N01350",1.52068895803898,2,"Weak"
"KEGG_MEDICUS_PATHOGEN_SALMONELLA_SIFA_TO_TETHERING_OF_LATE_ENDOSOMES_AND_LYSOSOMES",1.5187938966517,2,"Weak"
"BIOCARTA_LEPTIN_PATHWAY",1.4898541012069,2,"Weak"
"KEGG_MEDICUS_PATHOGEN_HTLV_1_TAX_TO_P21_CELL_CYCLE_G1_S_N00498",1.48486457045169,2,"Weak"
"KEGG_MEDICUS_REFERENCE_NON_CANONICAL_INFLAMMASOME_SIGNALING_PATHWAY",1.44820024289383,2,"Weak"
"KEGG_RNA_POLYMERASE",1.44525782759494,2,"Weak"
"KEGG_MEDICUS_REFERENCE_NOTCH_SIGNALING_PATHWAY",1.44299992673866,2,"Weak"
"KEGG_MEDICUS_REFERENCE_FLT3LG_FLT3_RAS_PI3K_SIGNALING_PATHWAY",1.44194142600206,2,"Weak"
"KEGG_PHOSPHATIDYLINOSITOL_SIGNALING_SYSTEM",1.41365550087553,2,"Weak"
"KEGG_MEDICUS_REFERENCE_TRANSCRIPTION_COUPLED_NER",1.38079566983741,2,"Weak"
"KEGG_TERPENOID_BACKBONE_BIOSYNTHESIS",1.34597930290732,2,"Weak"
"KEGG_ECM_RECEPTOR_INTERACTION",1.34416824432859,2,"Weak"
"BIOCARTA_CREB_PATHWAY",1.3293526389661,2,"Weak"
"BIOCARTA_RNAPOL3_PATHWAY",1.29960133968954,2,"Weak"
"KEGG_MEDICUS_PATHOGEN_HBV_HBX_TO_ERK_SIGNALING_PATHWAY",1.27547914201141,2,"Weak"
"KEGG_MEDICUS_REFERENCE_MANNOSE_TYPE_O_GLYCAN_BIOSYNTHESIS_POMT_TO_POMK",1.25759818668527,2,"Weak"
"BIOCARTA_EOSINOPHILS_PATHWAY",1.24959963249086,2,"Weak"
"KEGG_MELANOGENESIS",1.24759285116805,2,"Weak"
"KEGG_MEDICUS_REFERENCE_GF_RTK_RAS_PI3K_SIGNALING_PATHWAY",1.24547553659673,2,"Weak"
"KEGG_MEDICUS_ENV_FACTOR_NICOTINE_TO_JAK_STAT_SIGNALING_PATHWAY",1.24388289589731,2,"Weak"
"KEGG_SMALL_CELL_LUNG_CANCER",1.24083802995197,2,"Weak"
"KEGG_ALPHA_LINOLENIC_ACID_METABOLISM",1.2261724238431,2,"Weak"
"BIOCARTA_MTA3_PATHWAY",1.21138002596283,2,"Weak"
"KEGG_MEDICUS_ENV_FACTOR_METALS_TO_NFKB_SIGNALING_PATHWAY",1.21012242347706,2,"Weak"
"KEGG_VASOPRESSIN_REGULATED_WATER_REABSORPTION",1.20713464117838,2,"Weak"
"KEGG_MEDICUS_PATHOGEN_KSHV_MIR1_2_TO_ANTIGEN_PROCESSING_AND_PRESENTATION_BY_MHC_CLASS_I_MOLECULES",1.1829868943572,3,"Weak"
"KEGG_MEDICUS_PATHOGEN_SHIGELLA_IPAC_TO_ACTIN_SIGNALING_PATHWAY",1.18214856777238,2,"Weak"
"KEGG_MEDICUS_REFERENCE_WNT_SIGNALING_PATHWAY",1.15718232883455,2,"Weak"
"KEGG_ABC_TRANSPORTERS",1.13389504451232,2,"Weak"
"KEGG_BASE_EXCISION_REPAIR",1.12396823629325,2,"Weak"
"BIOCARTA_BARD1_PATHWAY",1.10824652103312,2,"Weak"
"KEGG_MEDICUS_PATHOGEN_HCMV_US28_TO_GNAQ_PLCB_G_CALCINEURIN_SIGNALING_PATHWAY",1.09393137037058,2,"Weak"
"KEGG_MEDICUS_REFERENCE_NLRC4_INFLAMMASOME_SIGNALING_PATHWAY",1.09081633442916,2,"Weak"
"BIOCARTA_PTEN_PATHWAY",1.08608173854528,2,"Weak"
"KEGG_MEDICUS_REFERENCE_COHESIN_LOADING",1.07739556825751,2,"Weak"
"KEGG_MEDICUS_REFERENCE_IGG_FCGR_RAC_SIGNALING_PATHWAY",1.00384196352699,2,"Weak"
"KEGG_LYSINE_DEGRADATION",1.00004406205891,3,"Weak"
"KEGG_AMYOTROPHIC_LATERAL_SCLEROSIS_ALS",0.996392126187203,2,"Weak"
"KEGG_MEDICUS_PATHOGEN_HBV_LHBS_TO_PKC_ERK_SIGNALING_PATHWAY",0.990273532256602,2,"Weak"
"KEGG_MEDICUS_PATHOGEN_SHIGELLA_IPAA_TO_ITGA_B_RHOGEF_RHOA_SIGNALING_PATHWAY",0.98907091552995,2,"Weak"
"KEGG_METABOLISM_OF_XENOBIOTICS_BY_CYTOCHROME_P450",0.977262735709303,2,"Weak"
"KEGG_TYPE_II_DIABETES_MELLITUS",0.97568168921395,2,"Weak"
"KEGG_MEDICUS_REFERENCE_CXCR4_GNA12_13_RHO_SIGNALING_PATHWAY",0.956967579696972,2,"Weak"
"KEGG_PROXIMAL_TUBULE_BICARBONATE_RECLAMATION",0.938552008623552,2,"Weak"
"KEGG_MEDICUS_REFERENCE_RAB7_REGULATED_MICROTUBULE_MINUS_END_DIRECTED_TRANSPORT",0.898044514170458,2,"Weak"
"KEGG_MEDICUS_PATHOGEN_ESCHERICHIA_EAE_TIR_TCCP_TO_ACTIN_SIGNALING_PATHWAY",0.8819957281098,2,"Weak"
"KEGG_MEDICUS_REFERENCE_REGULATION_OF_GF_RTK_RAS_ERK_SIGNALING_RASGAP",0.866222379794397,2,"Weak"
"KEGG_VALINE_LEUCINE_AND_ISOLEUCINE_BIOSYNTHESIS",0.862961270029288,2,"Weak"
"KEGG_ETHER_LIPID_METABOLISM",0.812362150490928,3,"Weak"
"KEGG_NEUROTROPHIN_SIGNALING_PATHWAY",0.812310500812995,2,"Weak"
"KEGG_CITRATE_CYCLE_TCA_CYCLE",0.808957368492498,2,"Weak"
"BIOCARTA_ATM_PATHWAY",0.77408416537925,2,"Weak"
"BIOCARTA_STAT3_PATHWAY",0.77014476105947,2,"Weak"
"BIOCARTA_IGF1R_PATHWAY",0.753342314825447,3,"Weak"
"KEGG_MEDICUS_PATHOGEN_ESCHERICHIA_ESPT_TO_RAC_SIGNALING_PATHWAY",0.748361456311748,2,"Weak"
"KEGG_MEDICUS_PATHOGEN_HTLV_1_P12_TO_JAK_STAT_SIGNALING_PATHWAY",0.698853488419012,2,"Weak"
"KEGG_MEDICUS_REFERENCE_ACH_CHRN_PI3K_SIGNALING_PATHWAY",0.69130215446242,2,"Weak"
"KEGG_GLYCOSAMINOGLYCAN_BIOSYNTHESIS_KERATAN_SULFATE",0.676536079236012,2,"Weak"
"BIOCARTA_HER2_PATHWAY",0.63908454837209,2,"Weak"
"KEGG_MEDICUS_REFERENCE_DYNEIN_RECRUITMENT_TO_THE_KINETOCHORE",0.632095234705627,2,"Weak"
"KEGG_MEDICUS_REFERENCE_CLASSICAL_PATHWAY_OF_COMPLEMENT_CASCADE_C4_C2_TO_C3_CONVERTASE_FORMATION",0.551261413150428,2,"Weak"
"KEGG_NON_SMALL_CELL_LUNG_CANCER",0.534518344680215,2,"Weak"
"KEGG_MEDICUS_ENV_FACTOR_METALS_TO_KEAP1_NRF2_SIGNALIG_PATHWAY",0.534440492493125,3,"Weak"
"KEGG_GALACTOSE_METABOLISM",0.531625676318807,2,"Weak"
"BIOCARTA_NTHI_PATHWAY",0.525548021297378,2,"Weak"
"KEGG_MEDICUS_REFERENCE_CYTOKINE_JAK_STAT_SIGNALING_PATHWAY",0.497006425448522,2,"Weak"
"KEGG_MEDICUS_REFERENCE_TAC3_TACR3_PLC_PKC_SIGNALING_PATHWAY",0.49345453590135,2,"Weak"
"BIOCARTA_CELL2CELL_PATHWAY",0.479386694746267,2,"Weak"
"KEGG_FATTY_ACID_METABOLISM",0.478091087981362,2,"Weak"
"KEGG_MEDICUS_REFERENCE_HORMONE_LIKE_CYTOKINE_TO_JAK_STAT_SIGNALING_PATHWAY",0.473362889633066,2,"Weak"
"KEGG_MEDICUS_REFERENCE_PDGF_PDGFR_PLCG_CAMK_SIGNALING_PATHWAY",0.458120519912377,2,"Weak"
"KEGG_VASCULAR_SMOOTH_MUSCLE_CONTRACTION",0.455470895205461,2,"Weak"
"BIOCARTA_STATHMIN_PATHWAY",0.433067436520734,2,"Weak"
"KEGG_MEDICUS_REFERENCE_DNA_END_RESECTION_AND_RPA_LOADING",0.40581708243289,2,"Weak"
"KEGG_MEDICUS_PATHOGEN_EBV_EBNA3C_TO_P27_CELL_CYCLE_G1_S_N00482",0.402412631909776,2,"Weak"
"KEGG_MEDICUS_REFERENCE_CREATINE_PATHWAY",0.402284527402557,2,"Weak"
"KEGG_ARRHYTHMOGENIC_RIGHT_VENTRICULAR_CARDIOMYOPATHY_ARVC",0.389921394814447,2,"Weak"
"BIOCARTA_ERK5_PATHWAY",0.38915698291499,2,"Weak"
"BIOCARTA_EGF_PATHWAY",0.388026187625861,2,"Weak"
"BIOCARTA_CARM1_PATHWAY",0.373289135597119,2,"Weak"
"KEGG_HYPERTROPHIC_CARDIOMYOPATHY_HCM",0.362252028468755,2,"Weak"
"KEGG_MEDICUS_REFERENCE_CA2_PYK2_RAS_ERK_SIGNALING_PATHWAY",0.357491298274478,2,"Weak"
"KEGG_MEDICUS_REFERENCE_AGE_RAGE_SIGNALING_PATHWAY",0.336188145173209,3,"Weak"
"KEGG_AMINO_SUGAR_AND_NUCLEOTIDE_SUGAR_METABOLISM",0.328340547739207,2,"Weak"
"KEGG_MEDICUS_ENV_FACTOR_METALS_TO_RAS_ERK_SIGNALING_PATHWAY",0.307284071447715,2,"Weak"
"KEGG_MEDICUS_REFERENCE_ANTIGEN_PROCESSING_AND_PRESENTATION_BY_MHC_CLASS_I_MOLECULES",0.30057262863663,2,"Weak"
"KEGG_GLYCEROPHOSPHOLIPID_METABOLISM",0.281273458280467,2,"Weak"
"BIOCARTA_ACETAMINOPHEN_PATHWAY",0.274946050143534,2,"Weak"
"KEGG_MEDICUS_PATHOGEN_SARS_COV_2_S_N_TO_LECTIN_PATHWAY_OF_COAGULATION_CASCADE",0.266742895147942,2,"Weak"
"BIOCARTA_SRCRPTP_PATHWAY",0.215630178732894,2,"Weak"
"KEGG_MEDICUS_REFERENCE_REGULATION_OF_FIBRINOLYTIC_SYSTEM_PAI",0.186135383740236,2,"Weak"
"BIOCARTA_CACAM_PATHWAY",0.168198613011601,2,"Weak"
"SIG_IL4RECEPTOR_IN_B_LYPHOCYTES",0.162764321479454,2,"Weak"
"KEGG_MEDICUS_REFERENCE_PDGF_PDGFR_RAS_ERK_SIGNALING_PATHWAY",0.143762404734311,2,"Weak"
"KEGG_GLYCOSAMINOGLYCAN_BIOSYNTHESIS_HEPARAN_SULFATE",0.129091124183748,2,"Weak"
"BIOCARTA_CARM_ER_PATHWAY",0.123645156975924,2,"Weak"
"BIOCARTA_RACC_PATHWAY",0.123387023362913,2,"Weak"
"KEGG_MEDICUS_REFERENCE_MDM2_P21_CELL_CYCLE_G1_S_N00536",0.0976220138462978,2,"Weak"
"KEGG_ERBB_SIGNALING_PATHWAY",0.090683697357175,2,"Weak"
"BIOCARTA_CPSF_PATHWAY",0.0682215026971349,2,"Weak"
"KEGG_MEDICUS_PATHOGEN_HTLV_1_TAX_TO_NFY_MEDIATED_TRANSCRIPTION",0.0565563103498619,3,"Weak"
"KEGG_MEDICUS_REFERENCE_HEPARAN_SULFATE_BIOSYNTHESIS",0.0524638059118274,2,"Weak"
"KEGG_MEDICUS_PATHOGEN_ESCHERICHIA_ESPJ_TO_IGG_FCGR_RAC_SIGNALING_PATHWAY",0.0499705933170844,2,"Weak"
"KEGG_MEDICUS_PATHOGEN_ESCHERICHIA_MAP_TO_CDC42_SIGNALING_PATHWAY",0.045858705134421,2,"Weak"
"BIOCARTA_IL5_PATHWAY",0.0278344410543738,2,"Weak"
"BIOCARTA_IL17_PATHWAY",0.00679108638842507,2,"Weak"
"SA_B_CELL_RECEPTOR_COMPLEXES",0,1,"Weak"
"SA_CASPASE_CASCADE",0,1,"Weak"
"SA_G1_AND_S_PHASES",0,1,"Weak"
"SA_G2_AND_M_PHASES",0,1,"Weak"
"SA_PROGRAMMED_CELL_DEATH",0,1,"Weak"
"SA_PTEN_PATHWAY",0,1,"Weak"
"SA_TRKA_RECEPTOR",0,1,"Weak"
"SIG_BCR_SIGNALING_PATHWAY",0,1,"Weak"
"SIG_CD40PATHWAYMAP",0,1,"Weak"
"SIG_CHEMOTAXIS",0,1,"Weak"
"SIG_INSULIN_RECEPTOR_PATHWAY_IN_CARDIAC_MYOCYTES",0,1,"Weak"
"SIG_PIP3_SIGNALING_IN_B_LYMPHOCYTES",0,1,"Weak"
"SIG_PIP3_SIGNALING_IN_CARDIAC_MYOCTES",0,1,"Weak"
"SIG_REGULATION_OF_THE_ACTIN_CYTOSKELETON_BY_RHO_GTPASES",0,1,"Weak"
"WNT_SIGNALING",0,1,"Weak"
"BIOCARTA_41BB_PATHWAY",0,1,"Weak"
"BIOCARTA_ACH_PATHWAY",0,1,"Weak"
"BIOCARTA_ACTINY_PATHWAY",0,1,"Weak"
"BIOCARTA_AGPCR_PATHWAY",0,1,"Weak"
"BIOCARTA_AGR_PATHWAY",0,1,"Weak"
"BIOCARTA_AHSP_PATHWAY",0,1,"Weak"
"BIOCARTA_AKAP13_PATHWAY",0,1,"Weak"
"BIOCARTA_AKAP95_PATHWAY",0,1,"Weak"
"BIOCARTA_AKAPCENTROSOME_PATHWAY",0,1,"Weak"
"BIOCARTA_AKT_PATHWAY",0,1,"Weak"
"BIOCARTA_ALTERNATIVE_PATHWAY",0,1,"Weak"
"BIOCARTA_AMI_PATHWAY",0,1,"Weak"
"BIOCARTA_ARAP_PATHWAY",0,1,"Weak"
"BIOCARTA_ARENRF2_PATHWAY",0,1,"Weak"
"BIOCARTA_ARF_PATHWAY",0,1,"Weak"
"BIOCARTA_AT1R_PATHWAY",0,1,"Weak"
"BIOCARTA_ATRBRCA_PATHWAY",0,1,"Weak"
"BIOCARTA_BAD_PATHWAY",0,1,"Weak"
"BIOCARTA_BARRESTIN_PATHWAY",0,1,"Weak"
"BIOCARTA_BARRESTIN_SRC_PATHWAY",0,1,"Weak"
"BIOCARTA_BARR_MAPK_PATHWAY",0,1,"Weak"
"BIOCARTA_BCELLSURVIVAL_PATHWAY",0,1,"Weak"
"BIOCARTA_BCR_PATHWAY",0,1,"Weak"
"BIOCARTA_BIOPEPTIDES_PATHWAY",0,1,"Weak"
"BIOCARTA_BLYMPHOCYTE_PATHWAY",0,1,"Weak"
"BIOCARTA_BOTULIN_PATHWAY",0,1,"Weak"
"BIOCARTA_BTG2_PATHWAY",0,1,"Weak"
"BIOCARTA_CARDIACEGF_PATHWAY",0,1,"Weak"
"BIOCARTA_CASPASE_PATHWAY",0,1,"Weak"
"BIOCARTA_CB1R_PATHWAY",0,1,"Weak"
"BIOCARTA_CCR3_PATHWAY",0,1,"Weak"
"BIOCARTA_CD40_PATHWAY",0,1,"Weak"
"BIOCARTA_CDC25_PATHWAY",0,1,"Weak"
"BIOCARTA_CDK5_PATHWAY",0,1,"Weak"
"BIOCARTA_CDMAC_PATHWAY",0,1,"Weak"
"BIOCARTA_CERAMIDE_PATHWAY",0,1,"Weak"
"BIOCARTA_CFTR_PATHWAY",0,1,"Weak"
"BIOCARTA_CHEMICAL_PATHWAY",0,1,"Weak"
"BIOCARTA_CHREBP_PATHWAY",0,1,"Weak"
"BIOCARTA_CIRCADIAN_PATHWAY",0,1,"Weak"
"BIOCARTA_CK1_PATHWAY",0,1,"Weak"
"BIOCARTA_CLASSIC_PATHWAY",0,1,"Weak"
"BIOCARTA_COMP_PATHWAY",0,1,"Weak"
"BIOCARTA_CREM_PATHWAY",0,1,"Weak"
"BIOCARTA_CTBP1_PATHWAY",0,1,"Weak"
"BIOCARTA_CTCF_PATHWAY",0,1,"Weak"
"BIOCARTA_D4GDI_PATHWAY",0,1,"Weak"
"BIOCARTA_DEATH_PATHWAY",0,1,"Weak"
"BIOCARTA_DNAFRAGMENT_PATHWAY",0,1,"Weak"
"BIOCARTA_DREAM_PATHWAY",0,1,"Weak"
"BIOCARTA_DSP_PATHWAY",0,1,"Weak"
"BIOCARTA_ECM_PATHWAY",0,1,"Weak"
"BIOCARTA_EDG1_PATHWAY",0,1,"Weak"
"BIOCARTA_EEA1_PATHWAY",0,1,"Weak"
"BIOCARTA_EFP_PATHWAY",0,1,"Weak"
"BIOCARTA_EICOSANOID_PATHWAY",0,1,"Weak"
"BIOCARTA_EIF2_PATHWAY",0,1,"Weak"
"BIOCARTA_EIF4_PATHWAY",0,1,"Weak"
"BIOCARTA_EIF_PATHWAY",0,1,"Weak"
"BIOCARTA_EPHA4_PATHWAY",0,1,"Weak"
"BIOCARTA_EPONFKB_PATHWAY",0,1,"Weak"
"BIOCARTA_EPO_PATHWAY",0,1,"Weak"
"BIOCARTA_ERAD_PATHWAY",0,1,"Weak"
"BIOCARTA_ERBB3_PATHWAY",0,1,"Weak"
"BIOCARTA_ERBB4_PATHWAY",0,1,"Weak"
"BIOCARTA_ERK_PATHWAY",0,1,"Weak"
"BIOCARTA_ETS_PATHWAY",0,1,"Weak"
"BIOCARTA_FAS_PATHWAY",0,1,"Weak"
"BIOCARTA_FBW7_PATHWAY",0,1,"Weak"
"BIOCARTA_FCER1_PATHWAY",0,1,"Weak"
"BIOCARTA_FEEDER_PATHWAY",0,1,"Weak"
"BIOCARTA_FIBRINOLYSIS_PATHWAY",0,1,"Weak"
"BIOCARTA_FLUMAZENIL_PATHWAY",0,1,"Weak"
"BIOCARTA_FMLP_PATHWAY",0,1,"Weak"
"BIOCARTA_FOSB_PATHWAY",0,1,"Weak"
"BIOCARTA_FXR_PATHWAY",0,1,"Weak"
"BIOCARTA_G1_PATHWAY",0,1,"Weak"
"BIOCARTA_G2_PATHWAY",0,1,"Weak"
"BIOCARTA_GABA_PATHWAY",0,1,"Weak"
"BIOCARTA_GATA3_PATHWAY",0,1,"Weak"
"BIOCARTA_GCR_PATHWAY",0,1,"Weak"
"BIOCARTA_GHRELIN_PATHWAY",0,1,"Weak"
"BIOCARTA_GH_PATHWAY",0,1,"Weak"
"BIOCARTA_GLEEVEC_PATHWAY",0,1,"Weak"
"BIOCARTA_GRANULOCYTES_PATHWAY",0,1,"Weak"
"BIOCARTA_HBX_PATHWAY",0,1,"Weak"
"BIOCARTA_HCMV_PATHWAY",0,1,"Weak"
"BIOCARTA_HES_PATHWAY",0,1,"Weak"
"BIOCARTA_HIF_PATHWAY",0,1,"Weak"
"BIOCARTA_HIVNEF_PATHWAY",0,1,"Weak"
"BIOCARTA_HSP27_PATHWAY",0,1,"Weak"
"BIOCARTA_IFNG_PATHWAY",0,1,"Weak"
"BIOCARTA_IGF1MTOR_PATHWAY",0,1,"Weak"
"BIOCARTA_IGF1_PATHWAY",0,1,"Weak"
"BIOCARTA_IL10_PATHWAY",0,1,"Weak"
"BIOCARTA_IL12_PATHWAY",0,1,"Weak"
"BIOCARTA_IL1R_PATHWAY",0,1,"Weak"
"BIOCARTA_IL22BP_PATHWAY",0,1,"Weak"
"BIOCARTA_IL2RB_PATHWAY",0,1,"Weak"
"BIOCARTA_IL2_PATHWAY",0,1,"Weak"
"BIOCARTA_IL3_PATHWAY",0,1,"Weak"
"BIOCARTA_IL4_PATHWAY",0,1,"Weak"
"BIOCARTA_IL6_PATHWAY",0,1,"Weak"
"BIOCARTA_IL7_PATHWAY",0,1,"Weak"
"BIOCARTA_INSULIN_PATHWAY",0,1,"Weak"
"BIOCARTA_INTEGRIN_PATHWAY",0,1,"Weak"
"BIOCARTA_INTRINSIC_PATHWAY",0,1,"Weak"
"BIOCARTA_KERATINOCYTE_PATHWAY",0,1,"Weak"
"BIOCARTA_LAIR_PATHWAY",0,1,"Weak"
"BIOCARTA_LDL_PATHWAY",0,1,"Weak"
"BIOCARTA_LIS1_PATHWAY",0,1,"Weak"
"BIOCARTA_LONGEVITY_PATHWAY",0,1,"Weak"
"BIOCARTA_LYMPHOCYTE_PATHWAY",0,1,"Weak"
"BIOCARTA_LYM_PATHWAY",0,1,"Weak"
"BIOCARTA_MALATEX_PATHWAY",0,1,"Weak"
"BIOCARTA_MAL_PATHWAY",0,1,"Weak"
"BIOCARTA_MAPK_PATHWAY",0,1,"Weak"
"BIOCARTA_MEF2D_PATHWAY",0,1,"Weak"
"BIOCARTA_MET_PATHWAY",0,1,"Weak"
"BIOCARTA_MONOCYTE_PATHWAY",0,1,"Weak"
"BIOCARTA_MPR_PATHWAY",0,1,"Weak"
"BIOCARTA_MSP_PATHWAY",0,1,"Weak"
"BIOCARTA_MYOSIN_PATHWAY",0,1,"Weak"
"BIOCARTA_NDKDYNAMIN_PATHWAY",0,1,"Weak"
"BIOCARTA_NEUTROPHIL_PATHWAY",0,1,"Weak"
"BIOCARTA_NFAT_PATHWAY",0,1,"Weak"
"BIOCARTA_NFKB_PATHWAY",0,1,"Weak"
"BIOCARTA_NGF_PATHWAY",0,1,"Weak"
"BIOCARTA_NO1_PATHWAY",0,1,"Weak"
"BIOCARTA_NOS1_PATHWAY",0,1,"Weak"
"BIOCARTA_NPC_PATHWAY",0,1,"Weak"
"BIOCARTA_NPP1_PATHWAY",0,1,"Weak"
"BIOCARTA_NUCLEARRS_PATHWAY",0,1,"Weak"
"BIOCARTA_P35ALZHEIMERS_PATHWAY",0,1,"Weak"
"BIOCARTA_P38MAPK_PATHWAY",0,1,"Weak"
"BIOCARTA_P53HYPOXIA_PATHWAY",0,1,"Weak"
"BIOCARTA_P53_PATHWAY",0,1,"Weak"
"BIOCARTA_PARKIN_PATHWAY",0,1,"Weak"
"BIOCARTA_PCAF_PATHWAY",0,1,"Weak"
"BIOCARTA_PDGF_PATHWAY",0,1,"Weak"
"BIOCARTA_PDZS_PATHWAY",0,1,"Weak"
"BIOCARTA_PELP1_PATHWAY",0,1,"Weak"
"BIOCARTA_PGC1A_PATHWAY",0,1,"Weak"
"BIOCARTA_PITX2_PATHWAY",0,1,"Weak"
"BIOCARTA_PKC_PATHWAY",0,1,"Weak"
"BIOCARTA_PLATELETAPP_PATHWAY",0,1,"Weak"
"BIOCARTA_PLCE_PATHWAY",0,1,"Weak"
"BIOCARTA_PLK3_PATHWAY",0,1,"Weak"
"BIOCARTA_PRION_PATHWAY",0,1,"Weak"
"BIOCARTA_PS1_PATHWAY",0,1,"Weak"
"BIOCARTA_PTDINS_PATHWAY",0,1,"Weak"
"BIOCARTA_PYK2_PATHWAY",0,1,"Weak"
"BIOCARTA_RAB_PATHWAY",0,1,"Weak"
"BIOCARTA_RAC1_PATHWAY",0,1,"Weak"
"BIOCARTA_RAN_PATHWAY",0,1,"Weak"
"BIOCARTA_RAS_PATHWAY",0,1,"Weak"
"BIOCARTA_RB_PATHWAY",0,1,"Weak"
"BIOCARTA_RECK_PATHWAY",0,1,"Weak"
"BIOCARTA_REELIN_PATHWAY",0,1,"Weak"
"BIOCARTA_RELA_PATHWAY",0,1,"Weak"
"BIOCARTA_RHODOPSIN_PATHWAY",0,1,"Weak"
"BIOCARTA_RHO_PATHWAY",0,1,"Weak"
"BIOCARTA_RNA_PATHWAY",0,1,"Weak"
"BIOCARTA_S1P_PATHWAY",0,1,"Weak"
"BIOCARTA_SALMONELLA_PATHWAY",0,1,"Weak"
"BIOCARTA_SAM68_PATHWAY",0,1,"Weak"
"BIOCARTA_SARS_PATHWAY",0,1,"Weak"
"BIOCARTA_SET_PATHWAY",0,1,"Weak"
"BIOCARTA_SHH_PATHWAY",0,1,"Weak"
"BIOCARTA_SODD_PATHWAY",0,1,"Weak"
"BIOCARTA_SPPA_PATHWAY",0,1,"Weak"
"BIOCARTA_STEM_PATHWAY",0,1,"Weak"
"BIOCARTA_STRESS_PATHWAY",0,1,"Weak"
"BIOCARTA_TALL1_PATHWAY",0,1,"Weak"
"BIOCARTA_TCR_PATHWAY",0,1,"Weak"
"BIOCARTA_TEL_PATHWAY",0,1,"Weak"
"BIOCARTA_TFF_PATHWAY",0,1,"Weak"
"BIOCARTA_TID_PATHWAY",0,1,"Weak"
"BIOCARTA_TNFR1_PATHWAY",0,1,"Weak"
"BIOCARTA_TOB1_PATHWAY",0,1,"Weak"
"BIOCARTA_TOLL_PATHWAY",0,1,"Weak"
"BIOCARTA_TPO_PATHWAY",0,1,"Weak"
"BIOCARTA_TRKA_PATHWAY",0,1,"Weak"
"BIOCARTA_TSP1_PATHWAY",0,1,"Weak"
"BIOCARTA_UCALPAIN_PATHWAY",0,1,"Weak"
"BIOCARTA_VEGF_PATHWAY",0,1,"Weak"
"BIOCARTA_VIP_PATHWAY",0,1,"Weak"
"BIOCARTA_VITCB_PATHWAY",0,1,"Weak"
"BIOCARTA_WNT_LRP6_PATHWAY",0,1,"Weak"
"BIOCARTA_WNT_PATHWAY",0,1,"Weak"
"KEGG_ACUTE_MYELOID_LEUKEMIA",0,1,"Weak"
"KEGG_ADHERENS_JUNCTION",0,1,"Weak"
"KEGG_ADIPOCYTOKINE_SIGNALING_PATHWAY",0,1,"Weak"
"KEGG_ALANINE_ASPARTATE_AND_GLUTAMATE_METABOLISM",0,1,"Weak"
"KEGG_AMINOACYL_TRNA_BIOSYNTHESIS",0,1,"Weak"
"KEGG_ANTIGEN_PROCESSING_AND_PRESENTATION",0,1,"Weak"
"KEGG_APOPTOSIS",0,1,"Weak"
"KEGG_ARACHIDONIC_ACID_METABOLISM",0,1,"Weak"
"KEGG_ARGININE_AND_PROLINE_METABOLISM",0,1,"Weak"
"KEGG_ASCORBATE_AND_ALDARATE_METABOLISM",0,1,"Weak"
"KEGG_AXON_GUIDANCE",0,1,"Weak"
"KEGG_BASAL_TRANSCRIPTION_FACTORS",0,1,"Weak"
"KEGG_BETA_ALANINE_METABOLISM",0,1,"Weak"
"KEGG_BIOSYNTHESIS_OF_UNSATURATED_FATTY_ACIDS",0,1,"Weak"
"KEGG_BLADDER_CANCER",0,1,"Weak"
"KEGG_B_CELL_RECEPTOR_SIGNALING_PATHWAY",0,1,"Weak"
"KEGG_CALCIUM_SIGNALING_PATHWAY",0,1,"Weak"
"KEGG_CARDIAC_MUSCLE_CONTRACTION",0,1,"Weak"
"KEGG_CIRCADIAN_RHYTHM_MAMMAL",0,1,"Weak"
"KEGG_COLORECTAL_CANCER",0,1,"Weak"
"KEGG_COMPLEMENT_AND_COAGULATION_CASCADES",0,1,"Weak"
"KEGG_CYSTEINE_AND_METHIONINE_METABOLISM",0,1,"Weak"
"KEGG_CYTOSOLIC_DNA_SENSING_PATHWAY",0,1,"Weak"
"KEGG_DORSO_VENTRAL_AXIS_FORMATION",0,1,"Weak"
"KEGG_ENDOCYTOSIS",0,1,"Weak"
"KEGG_EPITHELIAL_CELL_SIGNALING_IN_HELICOBACTER_PYLORI_INFECTION",0,1,"Weak"
"KEGG_FC_EPSILON_RI_SIGNALING_PATHWAY",0,1,"Weak"
"KEGG_FC_GAMMA_R_MEDIATED_PHAGOCYTOSIS",0,1,"Weak"
"KEGG_FOCAL_ADHESION",0,1,"Weak"
"KEGG_FRUCTOSE_AND_MANNOSE_METABOLISM",0,1,"Weak"
"KEGG_GAP_JUNCTION",0,1,"Weak"
"KEGG_GLIOMA",0,1,"Weak"
"KEGG_GLUTATHIONE_METABOLISM",0,1,"Weak"
"KEGG_GLYCEROLIPID_METABOLISM",0,1,"Weak"
"KEGG_GLYCINE_SERINE_AND_THREONINE_METABOLISM",0,1,"Weak"
"KEGG_GLYCOLYSIS_GLUCONEOGENESIS",0,1,"Weak"
"KEGG_GLYCOSAMINOGLYCAN_BIOSYNTHESIS_CHONDROITIN_SULFATE",0,1,"Weak"
"KEGG_GLYCOSAMINOGLYCAN_DEGRADATION",0,1,"Weak"
"KEGG_GLYCOSPHINGOLIPID_BIOSYNTHESIS_GANGLIO_SERIES",0,1,"Weak"
"KEGG_GLYCOSPHINGOLIPID_BIOSYNTHESIS_GLOBO_SERIES",0,1,"Weak"
"KEGG_GLYCOSPHINGOLIPID_BIOSYNTHESIS_LACTO_AND_NEOLACTO_SERIES",0,1,"Weak"
"KEGG_GLYCOSYLPHOSPHATIDYLINOSITOL_GPI_ANCHOR_BIOSYNTHESIS",0,1,"Weak"
"KEGG_HEDGEHOG_SIGNALING_PATHWAY",0,1,"Weak"
"KEGG_INOSITOL_PHOSPHATE_METABOLISM",0,1,"Weak"
"KEGG_INSULIN_SIGNALING_PATHWAY",0,1,"Weak"
"KEGG_JAK_STAT_SIGNALING_PATHWAY",0,1,"Weak"
"KEGG_LEUKOCYTE_TRANSENDOTHELIAL_MIGRATION",0,1,"Weak"
"KEGG_LIMONENE_AND_PINENE_DEGRADATION",0,1,"Weak"
"KEGG_LINOLEIC_ACID_METABOLISM",0,1,"Weak"
"KEGG_LONG_TERM_DEPRESSION",0,1,"Weak"
"KEGG_LONG_TERM_POTENTIATION",0,1,"Weak"
"KEGG_LYSOSOME",0,1,"Weak"
"KEGG_MAPK_SIGNALING_PATHWAY",0,1,"Weak"
"KEGG_MELANOMA",0,1,"Weak"
"KEGG_MTOR_SIGNALING_PATHWAY",0,1,"Weak"
"KEGG_NEUROACTIVE_LIGAND_RECEPTOR_INTERACTION",0,1,"Weak"
"KEGG_NICOTINATE_AND_NICOTINAMIDE_METABOLISM",0,1,"Weak"
"KEGG_NITROGEN_METABOLISM",0,1,"Weak"
"KEGG_NOD_LIKE_RECEPTOR_SIGNALING_PATHWAY",0,1,"Weak"
"KEGG_NON_HOMOLOGOUS_END_JOINING",0,1,"Weak"
"KEGG_NOTCH_SIGNALING_PATHWAY",0,1,"Weak"
"KEGG_NUCLEOTIDE_EXCISION_REPAIR",0,1,"Weak"
"KEGG_N_GLYCAN_BIOSYNTHESIS",0,1,"Weak"
"KEGG_OLFACTORY_TRANSDUCTION",0,1,"Weak"
"KEGG_ONE_CARBON_POOL_BY_FOLATE",0,1,"Weak"
"KEGG_OOCYTE_MEIOSIS",0,1,"Weak"
"KEGG_O_GLYCAN_BIOSYNTHESIS",0,1,"Weak"
"KEGG_P53_SIGNALING_PATHWAY",0,1,"Weak"
"KEGG_PANCREATIC_CANCER",0,1,"Weak"
"KEGG_PANTOTHENATE_AND_COA_BIOSYNTHESIS",0,1,"Weak"
"KEGG_PATHOGENIC_ESCHERICHIA_COLI_INFECTION",0,1,"Weak"
"KEGG_PATHWAYS_IN_CANCER",0,1,"Weak"
"KEGG_PENTOSE_PHOSPHATE_PATHWAY",0,1,"Weak"
"KEGG_PEROXISOME",0,1,"Weak"
"KEGG_PHENYLALANINE_METABOLISM",0,1,"Weak"
"KEGG_PORPHYRIN_AND_CHLOROPHYLL_METABOLISM",0,1,"Weak"
"KEGG_PPAR_SIGNALING_PATHWAY",0,1,"Weak"
"KEGG_PRIMARY_BILE_ACID_BIOSYNTHESIS",0,1,"Weak"
"KEGG_PRION_DISEASES",0,1,"Weak"
"KEGG_PROGESTERONE_MEDIATED_OOCYTE_MATURATION",0,1,"Weak"
"KEGG_PROSTATE_CANCER",0,1,"Weak"
"KEGG_PYRUVATE_METABOLISM",0,1,"Weak"
"KEGG_RENAL_CELL_CARCINOMA",0,1,"Weak"
"KEGG_RENIN_ANGIOTENSIN_SYSTEM",0,1,"Weak"
"KEGG_RETINOL_METABOLISM",0,1,"Weak"
"KEGG_RIBOFLAVIN_METABOLISM",0,1,"Weak"
"KEGG_RIG_I_LIKE_RECEPTOR_SIGNALING_PATHWAY",0,1,"Weak"
"KEGG_RNA_DEGRADATION",0,1,"Weak"
"KEGG_SELENOAMINO_ACID_METABOLISM",0,1,"Weak"
"KEGG_SNARE_INTERACTIONS_IN_VESICULAR_TRANSPORT",0,1,"Weak"
"KEGG_SPHINGOLIPID_METABOLISM",0,1,"Weak"
"KEGG_SPLICEOSOME",0,1,"Weak"
"KEGG_STARCH_AND_SUCROSE_METABOLISM",0,1,"Weak"
"KEGG_STEROID_BIOSYNTHESIS",0,1,"Weak"
"KEGG_SULFUR_METABOLISM",0,1,"Weak"
"KEGG_SYSTEMIC_LUPUS_ERYTHEMATOSUS",0,1,"Weak"
"KEGG_TAURINE_AND_HYPOTAURINE_METABOLISM",0,1,"Weak"
"KEGG_TGF_BETA_SIGNALING_PATHWAY",0,1,"Weak"
"KEGG_THYROID_CANCER",0,1,"Weak"
"KEGG_TIGHT_JUNCTION",0,1,"Weak"
"KEGG_TOLL_LIKE_RECEPTOR_SIGNALING_PATHWAY",0,1,"Weak"
"KEGG_TRYPTOPHAN_METABOLISM",0,1,"Weak"
"KEGG_TYROSINE_METABOLISM",0,1,"Weak"
"KEGG_T_CELL_RECEPTOR_SIGNALING_PATHWAY",0,1,"Weak"
"KEGG_UBIQUITIN_MEDIATED_PROTEOLYSIS",0,1,"Weak"
"KEGG_VEGF_SIGNALING_PATHWAY",0,1,"Weak"
"KEGG_VIBRIO_CHOLERAE_INFECTION",0,1,"Weak"
"KEGG_VIRAL_MYOCARDITIS",0,1,"Weak"
"KEGG_WNT_SIGNALING_PATHWAY",0,1,"Weak"
"KEGG_MEDICUS_ENV_FACTOR_BENZO_A_PYRENRE_TO_CYP_MEDIATED_METABOLISM",0,1,"Weak"
"KEGG_MEDICUS_ENV_FACTOR_DCE_TO_DNA_ADDUCTS",0,1,"Weak"
"KEGG_MEDICUS_ENV_FACTOR_E2_TO_NUCLEAR_INITIATED_ESTROGEN_SIGNALING_PATHWAY",0,1,"Weak"
"KEGG_MEDICUS_ENV_FACTOR_E2_TO_RAS_ERK_SIGNALING_PATHWAY",0,1,"Weak"
"KEGG_MEDICUS_ENV_FACTOR_IRON_TO_ANTEROGRADE_AXONAL_TRANSPORT",0,1,"Weak"
"KEGG_MEDICUS_ENV_FACTOR_METALS_TO_JNK_SIGNALING_PATHWAY",0,1,"Weak"
"KEGG_MEDICUS_ENV_FACTOR_NICOTINE_NNK_TO_PI3K_SIGNALING_PATHWAY",0,1,"Weak"
"KEGG_MEDICUS_ENV_FACTOR_NNK_NNN_TO_PI3K_SIGNALING_PATHWAY_N01339",0,1,"Weak"
"KEGG_MEDICUS_ENV_FACTOR_NNK_NNN_TO_RAS_ERK_SIGNALING_PATHWAY",0,1,"Weak"
"KEGG_MEDICUS_ENV_FACTOR_TCDD_TO_AHR_SIGNALING_PATHWAY",0,1,"Weak"
"KEGG_MEDICUS_PATHOGEN_EBV_BARF1_TO_INTRINSIC_APOPTOTIC_PATHWAY",0,1,"Weak"
"KEGG_MEDICUS_PATHOGEN_EBV_EBNA1_TO_P53_MEDIATED_TRANSCRIPTION",0,1,"Weak"
"KEGG_MEDICUS_PATHOGEN_EBV_EBNA2_TO_RBP_JK_MEDIATED_TRANSCRIPTION",0,1,"Weak"
"KEGG_MEDICUS_PATHOGEN_EBV_EBNA3C_TO_CELL_CYCLE_G1_S_N00484",0,1,"Weak"
"KEGG_MEDICUS_PATHOGEN_EBV_EBNA3C_TO_P53_MEDIATED_TRANSCRIPTION",0,1,"Weak"
"KEGG_MEDICUS_PATHOGEN_EBV_LMP1_TO_NFKB_SIGNALING_PATHWAY",0,1,"Weak"
"KEGG_MEDICUS_PATHOGEN_EBV_LMP2A_TO_PI3K_SIGNALING_PATHWAY",0,1,"Weak"
"KEGG_MEDICUS_PATHOGEN_ESCHERICHIA_EAE_TIR_TO_ACTIN_SIGNALING_PATHWAY",0,1,"Weak"
"KEGG_MEDICUS_PATHOGEN_ESCHERICHIA_TIR_TO_TLR2_4_MAPK_SIGNALING_PATHWAY",0,1,"Weak"
"KEGG_MEDICUS_PATHOGEN_HBV_HBX_TO_CREB_MEDIATED_TRANSCRIPTION",0,1,"Weak"
"KEGG_MEDICUS_PATHOGEN_HBV_HBX_TO_RAS_ERK_SIGNALING_PATHWAY",0,1,"Weak"
"KEGG_MEDICUS_PATHOGEN_HCMV_GB_TO_PDGFR_RAS_ERK_SIGNALING_PATHWAY",0,1,"Weak"
"KEGG_MEDICUS_PATHOGEN_HCMV_GH_TO_ITGA_B_RHOA_SIGNALING_PATHWAY",0,1,"Weak"
"KEGG_MEDICUS_PATHOGEN_HCMV_UL33_TO_GNB_G_RHO_SIGNALING_PATHWAY",0,1,"Weak"
"KEGG_MEDICUS_PATHOGEN_HCMV_US27_TO_CXCR4_GNB_G_PLCB_PKC_SIGNALING_PATHWAY",0,1,"Weak"
"KEGG_MEDICUS_PATHOGEN_HCMV_US28_TO_GNA12_13_RHO_SIGNALING_PATHWAY",0,1,"Weak"
"KEGG_MEDICUS_PATHOGEN_HCV_CORE_TO_ERK_SIGNALING_PATHWAY",0,1,"Weak"
"KEGG_MEDICUS_PATHOGEN_HCV_CORE_TO_RXRA_LXRA_MEDIATED_TRANSCRIPTION",0,1,"Weak"
"KEGG_MEDICUS_PATHOGEN_HCV_CORE_TO_RXRA_PPARA_MEDIATED_TRANSCRIPTION",0,1,"Weak"
"KEGG_MEDICUS_PATHOGEN_HIV_GP120_TO_CXCR4_GNAI_PI3K_BAD_SIGNALING_PATHWAY",0,1,"Weak"
"KEGG_MEDICUS_PATHOGEN_HIV_GP120_TO_CXCR4_GNAQ_PLCB_G_CALCINEURIN",0,1,"Weak"
"KEGG_MEDICUS_PATHOGEN_HIV_GP120_TO_CXCR4_GNB_G_RAC_SIGNALING_PATHWAY",0,1,"Weak"
"KEGG_MEDICUS_PATHOGEN_HIV_GP120_TO_TNF_NFKB_SIGNALING_PATHWAY",0,1,"Weak"
"KEGG_MEDICUS_PATHOGEN_HIV_NEF_TO_TNF_NFKB_SIGNALING_PATHWAY",0,1,"Weak"
"KEGG_MEDICUS_PATHOGEN_HIV_TAT_TO_TLR2_4_NFKB_SIGNALING_PATHWAY",0,1,"Weak"
"KEGG_MEDICUS_PATHOGEN_HPV_E5_TO_EGFR_RAS_ERK_SIGNALING_PATHWAY",0,1,"Weak"
"KEGG_MEDICUS_PATHOGEN_HPV_E6_TO_NOTCH_SIGNALING_PATHWAY_N00380",0,1,"Weak"
"KEGG_MEDICUS_PATHOGEN_HPV_E6_TO_NOTCH_SIGNALING_PATHWAY_N00382",0,1,"Weak"
"KEGG_MEDICUS_PATHOGEN_HPV_E7_TO_CELL_CYCLE_G1_S",0,1,"Weak"
"KEGG_MEDICUS_PATHOGEN_HSV_GD_TO_HVEM_NFKB_SIGNALING_PATHWAY",0,1,"Weak"
"KEGG_MEDICUS_PATHOGEN_HTLV_1_TAX_TO_E47_MEDIATED_TRANSCRIPTION",0,1,"Weak"
"KEGG_MEDICUS_PATHOGEN_HTLV_1_TAX_TO_P21_CELL_CYCLE_G1_S_N00497",0,1,"Weak"
"KEGG_MEDICUS_PATHOGEN_HTLV_1_TAX_TO_TNF_JNK_SIGNALING_PATHWAY",0,1,"Weak"
"KEGG_MEDICUS_PATHOGEN_KSHV_K15_TO_TNF_NFKB_SIGNALING_PATHWAY",0,1,"Weak"
"KEGG_MEDICUS_PATHOGEN_KSHV_LANA_TO_WNT_SIGNALING_PATHWAY",0,1,"Weak"
"KEGG_MEDICUS_PATHOGEN_KSHV_VCYCLIN_TO_CELL_CYCLE_G1_S",0,1,"Weak"
"KEGG_MEDICUS_PATHOGEN_KSHV_VFLIP_TO_NFKB_SIGNALING_PATHWAY",0,1,"Weak"
"KEGG_MEDICUS_PATHOGEN_KSHV_VFLIP_TO_TNF_NFKB_SIGNALING_PATHWAY",0,1,"Weak"
"KEGG_MEDICUS_PATHOGEN_KSHV_VGPCR_TO_GNB_G_ERK_SIGNALING_PATHWAY",0,1,"Weak"
"KEGG_MEDICUS_PATHOGEN_KSHV_VGPCR_TO_GNB_G_PI3K_AKT_SIGNALING_PATHWAY",0,1,"Weak"
"KEGG_MEDICUS_PATHOGEN_KSHV_VGPCR_TO_GNB_G_PI3K_JNK_SIGNALING_PATHWAY",0,1,"Weak"
"KEGG_MEDICUS_PATHOGEN_SALMONELLA_AVRA_TO_BETA_CATENIN_SIGNALING_PATHWAY",0,1,"Weak"
"KEGG_MEDICUS_PATHOGEN_SALMONELLA_SIFA_TO_MICROTUBULE_PLUS_END_DIRECTED_TRANSPORT",0,1,"Weak"
"KEGG_MEDICUS_PATHOGEN_SALMONELLA_SOPB_TO_RHOA_SIGNALING_PATHWAY",0,1,"Weak"
"KEGG_MEDICUS_PATHOGEN_SALMONELLA_SOPB_TO_RHOG_SIGNALING_PATHWAY",0,1,"Weak"
"KEGG_MEDICUS_PATHOGEN_SALMONELLA_SOPE_E2_TO_NOD_NFKB_SIGNALING_PATHWAY",0,1,"Weak"
"KEGG_MEDICUS_PATHOGEN_SALMONELLA_SOPE_TO_RAC_SIGNALING_PATHWAY",0,1,"Weak"
"KEGG_MEDICUS_PATHOGEN_SARS_COV_2_S_TO_ANGII_AT1R_NOX2_SIGNALING_PATHWAY",0,1,"Weak"
"KEGG_MEDICUS_PATHOGEN_SHIGELLA_IPGB1_TO_ITGA_B_RHOG_RAC_SIGNALING_PATHWAY",0,1,"Weak"
"KEGG_MEDICUS_PATHOGEN_SHIGELLA_OSPF_TO_TLR2_4_MAPK_SIGNALING_PATHWAY",0,1,"Weak"
"KEGG_MEDICUS_PATHOGEN_SHIGELLA_OSPG_TO_TNF_NFKB_SIGNALING_PATHWAY",0,1,"Weak"
"KEGG_MEDICUS_PATHOGEN_YERSINIA_YOPH_TO_TCR_NFAT_SIGNALING_PATHWAY",0,1,"Weak"
"KEGG_MEDICUS_PATHOGEN_YERSINIA_YOPP_J_TO_TLR2_4_MAPK_SIGNALING_PATHWAY",0,1,"Weak"
"KEGG_MEDICUS_REFERENCE_ACH_CHRN_RAS_ERK_SIGNALING_PATHWAY",0,1,"Weak"
"KEGG_MEDICUS_REFERENCE_ACTH_CORTISOL_SIGNALING_PATHWAY",0,1,"Weak"
"KEGG_MEDICUS_REFERENCE_ACTIVATION_OF_PRC2.2_BY_UBIQUITINATION_OF_H2AK119",0,1,"Weak"
"KEGG_MEDICUS_REFERENCE_ACTIVATION_OF_PRC2.2_BY_UBIQUITINATION_OF_H2AK119_IN_GERMLINE_GENES",0,1,"Weak"
"KEGG_MEDICUS_REFERENCE_ACTIVIN_SIGNALING_PATHWAY",0,1,"Weak"
"KEGG_MEDICUS_REFERENCE_ADRB3_UCP1_SIGNALING_PATHWAY",0,1,"Weak"
"KEGG_MEDICUS_REFERENCE_AHR_SIGNALING_PATHWAY",0,1,"Weak"
"KEGG_MEDICUS_REFERENCE_ALTERNATIVE_PATHWAY_OF_COMPLEMENT_CASCADE_C3B_BREAKDOWN",0,1,"Weak"
"KEGG_MEDICUS_REFERENCE_AMH_SIGNALING_PATHWAY",0,1,"Weak"
"KEGG_MEDICUS_REFERENCE_ANGII_AT1R_NOX2_SIGNALING_PATHWAY",0,1,"Weak"
"KEGG_MEDICUS_REFERENCE_ANGIOTENSIN_ALDOSTERONE_SIGNALING_PATHWAY",0,1,"Weak"
"KEGG_MEDICUS_REFERENCE_ANTEROGRADE_AXONAL_TRANSPORT",0,1,"Weak"
"KEGG_MEDICUS_REFERENCE_AREG_EGFR_PI3K_SIGNALING_PATHWAY",0,1,"Weak"
"KEGG_MEDICUS_REFERENCE_AREG_EGFR_RAS_ERK_SIGNALING_PATHWAY",0,1,"Weak"
"KEGG_MEDICUS_REFERENCE_ARL8_REGULATED_MICROTUBULE_PLUS_END_DIRECTED_TRANSPORT",0,1,"Weak"
"KEGG_MEDICUS_REFERENCE_AUTOPHAGOSOME_AND_LYSOSOME_FUSION_TETHERING_FACTOR",0,1,"Weak"
"KEGG_MEDICUS_REFERENCE_AUTOPHAGOSOME_AND_LYSOSOME_FUSION_TETHERING_FACTOR_GRASP55",0,1,"Weak"
"KEGG_MEDICUS_REFERENCE_AUTOPHAGOSOME_AND_LYSOSOME_FUSION_TRANS_SNARE",0,1,"Weak"
"KEGG_MEDICUS_REFERENCE_AUTOPHAGY_VESICLE_NUCLEATION_ELONGATION_MATURATION_E3_UBIQUITIN_LIGASE_MALIN",0,1,"Weak"
"KEGG_MEDICUS_REFERENCE_AUTOPHAGY_VESICLE_NUCLEATION_ELONGATION_MATURATION_LC3_II_FORMATION",0,1,"Weak"
"KEGG_MEDICUS_REFERENCE_AUTOPHAGY_VESICLE_NUCLEATION_ELONGATION_MATURATION_PACER_RUBCN_PI3KC3_C2",0,1,"Weak"
"KEGG_MEDICUS_REFERENCE_AUTOPHAGY_VESICLE_NUCLEATION_ELONGATION_MATURATION_PI3P_SYNTHESIS_BY_PI3KC3_C1",0,1,"Weak"
"KEGG_MEDICUS_REFERENCE_AUTOPHAGY_VESICLE_NUCLEATION_ELONGATION_MATURATION_SEQUESTOSOME_1_LIKE_RECEPTOR",0,1,"Weak"
"KEGG_MEDICUS_REFERENCE_AVP_V2R_PKA_SIGNALING_PATHWAY",0,1,"Weak"
"KEGG_MEDICUS_REFERENCE_BCR_BCAP_CD19_PI3K_SIGNALING_PATHWAY",0,1,"Weak"
"KEGG_MEDICUS_REFERENCE_BCR_PLCG_CALCINEURIN_SIGNALING_PATHWAY",0,1,"Weak"
"KEGG_MEDICUS_REFERENCE_BCR_PLCG_ITPR_SIGNALING_PATHWAY",0,1,"Weak"
"KEGG_MEDICUS_REFERENCE_BETA_OXIDATION",0,1,"Weak"
"KEGG_MEDICUS_REFERENCE_BETA_OXIDATION_ACYL_COA_SYNTHESIS",0,1,"Weak"
"KEGG_MEDICUS_REFERENCE_BILE_ACID_BIOSYNTHESIS",0,1,"Weak"
"KEGG_MEDICUS_REFERENCE_BLOCKING_UBIQUITINATION_OF_H2AK119_BY_CK2",0,1,"Weak"
"KEGG_MEDICUS_REFERENCE_BLOOD_GROUP_H_O_ANTIGEN_TYPE_1_BIOSYNTHESIS",0,1,"Weak"
"KEGG_MEDICUS_REFERENCE_BLOOD_GROUP_H_O_ANTIGEN_TYPE_2_BIOSYNTHESIS",0,1,"Weak"
"KEGG_MEDICUS_REFERENCE_BMP15_SIGNALING_PATHWAY",0,1,"Weak"
"KEGG_MEDICUS_REFERENCE_BMP_HAMP_SIGNALING_PATHWAY_AUXILIARY_FACTOR",0,1,"Weak"
"KEGG_MEDICUS_REFERENCE_BMP_SIGNALING_PATHWAY_BMP_ANTAGONIST",0,1,"Weak"
"KEGG_MEDICUS_REFERENCE_BRANCHING_MICROTUBULE_NUCLEATION",0,1,"Weak"
"KEGG_MEDICUS_REFERENCE_C9ORF72_MEDIATED_AUTOPHAGY_INITIATION",0,1,"Weak"
"KEGG_MEDICUS_REFERENCE_CA2_CAM_CAMK_SIGNALING_PATHWAY",0,1,"Weak"
"KEGG_MEDICUS_REFERENCE_CA2_CAM_CN_SIGNALING_PATHWAY",0,1,"Weak"
"KEGG_MEDICUS_REFERENCE_CA2_CAM_VGCC_RYR_SIGNALING_PATHWAY",0,1,"Weak"
"KEGG_MEDICUS_REFERENCE_CA2_ENTRY_VOLTAGE_GATED_CA2_CHANNEL",0,1,"Weak"
"KEGG_MEDICUS_REFERENCE_CA2_PLCD_ITPR_SIGNALING_PATHWAY",0,1,"Weak"
"KEGG_MEDICUS_REFERENCE_CARDIAC_TYPE_VGCC_RYR_SIGNALING",0,1,"Weak"
"KEGG_MEDICUS_REFERENCE_CCR2_GNB_G_PI3K_NFKB_SIGNALING_PATHWAY",0,1,"Weak"
"KEGG_MEDICUS_REFERENCE_CCR5_GNB_G_PLCB_G_PKC_SIGNALING_PATHWAY",0,1,"Weak"
"KEGG_MEDICUS_REFERENCE_CCR_CXCR_GNB_G_PI3K_RAC_SIGNALING_PATHWAY",0,1,"Weak"
"KEGG_MEDICUS_REFERENCE_CD80_CD86_CTLA4_PP2A_SIGNALING_PATHWAY",0,1,"Weak"
"KEGG_MEDICUS_REFERENCE_CGAS_STING_SIGNALING_PATHWAY",0,1,"Weak"
"KEGG_MEDICUS_REFERENCE_CHONDROITIN_SULFATE_BIOSYNTHESIS",0,1,"Weak"
"KEGG_MEDICUS_REFERENCE_CHRNA7_E2F_SIGNALING_PATHWAY",0,1,"Weak"
"KEGG_MEDICUS_REFERENCE_CITRATE_CYCLE_FIRST_CARBON_OXIDATION",0,1,"Weak"
"KEGG_MEDICUS_REFERENCE_COHESIN_DISSOCIATION_IN_PROPHASE",0,1,"Weak"
"KEGG_MEDICUS_REFERENCE_COMMON_PATHWAY_OF_COMPLEMENT_CASCADE_MAC_FORMATION",0,1,"Weak"
"KEGG_MEDICUS_REFERENCE_CONDENSIN_LOADING",0,1,"Weak"
"KEGG_MEDICUS_REFERENCE_COPI_VESICLE_FORMATION",0,1,"Weak"
"KEGG_MEDICUS_REFERENCE_CORE_NER_REACTION",0,1,"Weak"
"KEGG_MEDICUS_REFERENCE_CRHR_PKA_ACTH_SIGNALING_PATHWAY",0,1,"Weak"
"KEGG_MEDICUS_REFERENCE_CROSSTALK_BETWEEN_EXTRINSIC_AND_INTRINSIC_APOPTOTIC_PATHWAYS",0,1,"Weak"
"KEGG_MEDICUS_REFERENCE_CXCR4_GNAI_PI3K_BAD_SIGNALING_PATHWAY",0,1,"Weak"
"KEGG_MEDICUS_REFERENCE_CXCR4_GNB_G_PLCB_PKC_SIGNALING_PATHWAY",0,1,"Weak"
"KEGG_MEDICUS_REFERENCE_CXCR4_GNB_G_RAC_SIGNALING_PATHWAY",0,1,"Weak"
"KEGG_MEDICUS_REFERENCE_CXCR_GNB_G_ERK_SIGNALING_PATHWAY",0,1,"Weak"
"KEGG_MEDICUS_REFERENCE_CXCR_GNB_G_PI3K_AKT_SIGNALING_PATHWAY",0,1,"Weak"
"KEGG_MEDICUS_REFERENCE_DERMATAN_SULFATE_DEGRADATION",0,1,"Weak"
"KEGG_MEDICUS_REFERENCE_DOUBLE_HOLLIDAY_JUNCTION_RESOLUTION",0,1,"Weak"
"KEGG_MEDICUS_REFERENCE_DRD1_GNAS_AC_PKA_SIGNALING_PATHWAY",0,1,"Weak"
"KEGG_MEDICUS_REFERENCE_E2_ER_RAS_ERK_SIGNALING_PATHWAY",0,1,"Weak"
"KEGG_MEDICUS_REFERENCE_EARLY_ENDOSOMAL_FUSION",0,1,"Weak"
"KEGG_MEDICUS_REFERENCE_EGF_EGFR_ACTIN_SIGNALING_PATHWAY",0,1,"Weak"
"KEGG_MEDICUS_REFERENCE_EGF_EGFR_PI3K_SIGNALING_PATHWAY",0,1,"Weak"
"KEGG_MEDICUS_REFERENCE_EGF_EGFR_PLCG_CALCINEURIN_SIGNALING_PATHWAY",0,1,"Weak"
"KEGG_MEDICUS_REFERENCE_EGF_EGFR_PLCG_CAMK_SIGNALING_PATHWAY",0,1,"Weak"
"KEGG_MEDICUS_REFERENCE_EGF_EGFR_PLCG_ERK_SIGNALING_PATHWAY",0,1,"Weak"
"KEGG_MEDICUS_REFERENCE_EGF_EGFR_RAS_JNK_SIGNALING_PATHWAY",0,1,"Weak"
"KEGG_MEDICUS_REFERENCE_EGF_EGFR_RAS_PI3K_SIGNALING_PATHWAY",0,1,"Weak"
"KEGG_MEDICUS_REFERENCE_EGF_ERBB2_RAS_ERK_SIGNALING_PATHWAY",0,1,"Weak"
"KEGG_MEDICUS_REFERENCE_EGF_JAK_STAT_SIGNALING_PATHWAY",0,1,"Weak"
"KEGG_MEDICUS_REFERENCE_EREG_EGFR_PI3K_SIGNALING_PATHWAY",0,1,"Weak"
"KEGG_MEDICUS_REFERENCE_EREG_EGFR_RAS_ERK_SIGNALING_PATHWAY",0,1,"Weak"
"KEGG_MEDICUS_REFERENCE_EXTRINSIC_APOPTOTIC_PATHWAY",0,1,"Weak"
"KEGG_MEDICUS_REFERENCE_FASLG_RIPK1_3_SIGNALING_PATHWAY",0,1,"Weak"
"KEGG_MEDICUS_REFERENCE_FAS_JNK_SIGNALING_PATHWAY",0,1,"Weak"
"KEGG_MEDICUS_REFERENCE_FE_TF_TRANSPORT",0,1,"Weak"
"KEGG_MEDICUS_REFERENCE_FGF_FGFR_PI3K_SIGNALING_PATHWAY",0,1,"Weak"
"KEGG_MEDICUS_REFERENCE_FGF_FGFR_RAS_ERK_SIGNALING_PATHWAY",0,1,"Weak"
"KEGG_MEDICUS_REFERENCE_FLCN_MTORC1_SIGNALING_PATHWAY",0,1,"Weak"
"KEGG_MEDICUS_REFERENCE_FLT3LG_FLT3_RAS_ERK_SIGNALING_PATHWAY",0,1,"Weak"
"KEGG_MEDICUS_REFERENCE_FSHR_GNAS_PKA_SIGNALING_PATHWAY",0,1,"Weak"
"KEGG_MEDICUS_REFERENCE_GENE_SILENCING_BY_METHYLATION_OF_H3K27_AND_UBIQUITINATION_OF_H2AK119",0,1,"Weak"
"KEGG_MEDICUS_REFERENCE_GHRHR_PKA_GH_SIGNALING_PATHWAY",0,1,"Weak"
"KEGG_MEDICUS_REFERENCE_GH_JAK_STAT_SIGNALING_PATHWAY",0,1,"Weak"
"KEGG_MEDICUS_REFERENCE_GLOBAL_GENOME_NER",0,1,"Weak"
"KEGG_MEDICUS_REFERENCE_GLUCONEOGENESIS",0,1,"Weak"
"KEGG_MEDICUS_REFERENCE_GLYCOGEN_BIOSYNTHESIS",0,1,"Weak"
"KEGG_MEDICUS_REFERENCE_GLYCOGEN_DEGRADATION",0,1,"Weak"
"KEGG_MEDICUS_REFERENCE_GLYCOGEN_DEGRADATION_AMYLASE_",0,1,"Weak"
"KEGG_MEDICUS_REFERENCE_GPCR_PI3K_SIGNALING_PATHWAY",0,1,"Weak"
"KEGG_MEDICUS_REFERENCE_GPCR_PLCB_ITPR_SIGNALING_PATHWAY",0,1,"Weak"
"KEGG_MEDICUS_REFERENCE_GPI_ANCHOR_BIOSYNTHESIS",0,1,"Weak"
"KEGG_MEDICUS_REFERENCE_HEDGEHOG_SIGNALING_PATHWAY",0,1,"Weak"
"KEGG_MEDICUS_REFERENCE_HEDGEHOG_SIGNALING_PATHWAY_PTCH_CORECEPTOR",0,1,"Weak"
"KEGG_MEDICUS_REFERENCE_HEME_BIOSYNTHESIS",0,1,"Weak"
"KEGG_MEDICUS_REFERENCE_HGF_MET_PI3K_SIGNALING_PATHWAY",0,1,"Weak"
"KEGG_MEDICUS_REFERENCE_HGF_MET_RAS_ERK_SIGNALING_PATHWAY",0,1,"Weak"
"KEGG_MEDICUS_REFERENCE_HIF_1_SIGNALING_PATHWAY",0,1,"Weak"
"KEGG_MEDICUS_REFERENCE_HOMOLOGOUS_RECOMBINATION_IN_ICLR",0,1,"Weak"
"KEGG_MEDICUS_REFERENCE_ICOSLG_ICOS_PI3K_SIGNALING_PATHWAY",0,1,"Weak"
"KEGG_MEDICUS_REFERENCE_IGF2_IGF1R_PI3K_SIGNALING_PATHWAY",0,1,"Weak"
"KEGG_MEDICUS_REFERENCE_IGF_IGF1R_PI3K_SIGNALING_PATHWAY",0,1,"Weak"
"KEGG_MEDICUS_REFERENCE_IGF_IGF1R_RAS_ERK_SIGNALING_PATHWAY",0,1,"Weak"
"KEGG_MEDICUS_REFERENCE_IGF_IGFR_PI3K_NFKB_SIGNALING_PATHWAY",0,1,"Weak"
"KEGG_MEDICUS_REFERENCE_II_BLOOD_GROUP_ANTIGEN_BIOSYNTHESIS",0,1,"Weak"
"KEGG_MEDICUS_REFERENCE_IL10_FAMILY_TO_JAK_STAT_SIGNALING_PATHWAY",0,1,"Weak"
"KEGG_MEDICUS_REFERENCE_IL12_23_TO_JAK_STAT_SIGNALING_PATHWAY",0,1,"Weak"
"KEGG_MEDICUS_REFERENCE_IL1_IL1R_JNK_SIGNALING_PATHWAY",0,1,"Weak"
"KEGG_MEDICUS_REFERENCE_IL1_IL1R_P38_SIGNALING_PATHWAY",0,1,"Weak"
"KEGG_MEDICUS_REFERENCE_IL6_FAMILY_TO_JAK_STAT_SIGNALING_PATHWAY",0,1,"Weak"
"KEGG_MEDICUS_REFERENCE_INACTIVATION_OF_CONDENSIN_I",0,1,"Weak"
"KEGG_MEDICUS_REFERENCE_INTRINSIC_APOPTOTIC_PATHWAY",0,1,"Weak"
"KEGG_MEDICUS_REFERENCE_IRE1A_JNK_SIGNALING_PATHWAY",0,1,"Weak"
"KEGG_MEDICUS_REFERENCE_ITGA_B_FAK_RAC_SIGNALING_PATHWAY",0,1,"Weak"
"KEGG_MEDICUS_REFERENCE_ITGA_B_RHOGAP_RHOA_SIGNALING_PATHWAY",0,1,"Weak"
"KEGG_MEDICUS_REFERENCE_ITGA_B_RHOGEF_RHOA_SIGNALING_PATHWAY",0,1,"Weak"
"KEGG_MEDICUS_REFERENCE_ITGA_B_RHOG_RAC_SIGNALING_PATHWAY",0,1,"Weak"
"KEGG_MEDICUS_REFERENCE_KEAP1_NRF2_SIGNALING_PATHWAY",0,1,"Weak"
"KEGG_MEDICUS_REFERENCE_KINETOCHORE_FIBER_ORGANIZATION",0,1,"Weak"
"KEGG_MEDICUS_REFERENCE_KISS1_KISS1R_PLCB_PKC_SIGNALING_PATHWAY",0,1,"Weak"
"KEGG_MEDICUS_REFERENCE_KITLG_KIT_PI3K_SIGNALING_PATHWAY",0,1,"Weak"
"KEGG_MEDICUS_REFERENCE_KITLG_KIT_RAS_ERK_SIGNALING_PATHWAY",0,1,"Weak"
"KEGG_MEDICUS_REFERENCE_LECTIN_PATHWAY_OF_COAGULATION_CASCADE_PROTHROMBIN_TO_THROMBIN",0,1,"Weak"
"KEGG_MEDICUS_REFERENCE_LECTIN_PATHWAY_OF_COMPLEMENT_CASCADE_C4_C2_TO_C3_CONVERTASE_FORMATION",0,1,"Weak"
"KEGG_MEDICUS_REFERENCE_LESION_BYPASS_BY_TLS_AND_DSB_FORMATION",0,1,"Weak"
"KEGG_MEDICUS_REFERENCE_LHCGR_GNAS_PKA_SIGNALING_PATHWAY",0,1,"Weak"
"KEGG_MEDICUS_REFERENCE_LIGHT_HVEM_NFKB_SIGNALING_PATHWAY",0,1,"Weak"
"KEGG_MEDICUS_REFERENCE_LOADING_OF_THE_SMC5_SMC6_COMPLEX",0,1,"Weak"
"KEGG_MEDICUS_REFERENCE_LPAR_GNB_G_RHO_SIGNALING_PATHWAY",0,1,"Weak"
"KEGG_MEDICUS_REFERENCE_LPA_GNA12_13_RHOA_SIGNALING_PATHWAY",0,1,"Weak"
"KEGG_MEDICUS_REFERENCE_LPA_GNAQ_11_RHOA_SIGNALING_PATHWAY",0,1,"Weak"
"KEGG_MEDICUS_REFERENCE_LYSOSOMAL_CA2_RELEASE",0,1,"Weak"
"KEGG_MEDICUS_REFERENCE_MACHR_CA2_APOPTOTIC_PATHWAY",0,1,"Weak"
"KEGG_MEDICUS_REFERENCE_MANNOSE_TYPE_O_GLYCAN_BIOSYNTHESIS_FKTN_TO_LARGE",0,1,"Weak"
"KEGG_MEDICUS_REFERENCE_MDA5_IRF7_3_SIGNALING_PATHWAY",0,1,"Weak"
"KEGG_MEDICUS_REFERENCE_MDM2_P21_CELL_CYCLE_G1_S_N00066",0,1,"Weak"
"KEGG_MEDICUS_REFERENCE_MEMBRANE_INITIATED_PROGESTERONE_SIGNALING_PATHWAY",0,1,"Weak"
"KEGG_MEDICUS_REFERENCE_METHIONINE_DEGRADATION",0,1,"Weak"
"KEGG_MEDICUS_REFERENCE_MEVALONATE_PATHWAY",0,1,"Weak"
"KEGG_MEDICUS_REFERENCE_MGLUR1_TRPC3_SIGNALING_PATHWAY",0,1,"Weak"
"KEGG_MEDICUS_REFERENCE_MGLUR5_CA2_APOPTOTIC_PATHWAY",0,1,"Weak"
"KEGG_MEDICUS_REFERENCE_MICROTUBULE_NUCLEATION",0,1,"Weak"
"KEGG_MEDICUS_REFERENCE_MICROTUBULE_RHOA_SIGNALING_PATHWAY",0,1,"Weak"
"KEGG_MEDICUS_REFERENCE_MYOSTATIN_SIGNALING_PATHWAY",0,1,"Weak"
"KEGG_MEDICUS_REFERENCE_NAD_BIOSYNTHESIS",0,1,"Weak"
"KEGG_MEDICUS_REFERENCE_NLRP3_INFLAMMASOME_SIGNALING_PATHWAY",0,1,"Weak"
"KEGG_MEDICUS_REFERENCE_NODAL_SIGNALING_PATHWAY",0,1,"Weak"
"KEGG_MEDICUS_REFERENCE_NOD_NFKB_SIGNALING_PATHWAY",0,1,"Weak"
"KEGG_MEDICUS_REFERENCE_NON_HOMOLOGOUS_END_JOINING",0,1,"Weak"
"KEGG_MEDICUS_REFERENCE_NOTCH_LIGAND_UBIQUITYLATION",0,1,"Weak"
"KEGG_MEDICUS_REFERENCE_NOTCH_MESP2_SIGNALING",0,1,"Weak"
"KEGG_MEDICUS_REFERENCE_NOTCH_PROTEOLYTIC_ACTIVATION",0,1,"Weak"
"KEGG_MEDICUS_REFERENCE_NRG_ERBB4_PI3K_SIGNALING_PATHWAY",0,1,"Weak"
"KEGG_MEDICUS_REFERENCE_NUCLEAR_EXPORT_OF_MRNA",0,1,"Weak"
"KEGG_MEDICUS_REFERENCE_NUCLEAR_INITIATED_ESTROGEN_SIGNALING_PATHWAY",0,1,"Weak"
"KEGG_MEDICUS_REFERENCE_NUCLEAR_INITIATED_PROGESTERONE_SIGNALING_PATHWAY",0,1,"Weak"
"KEGG_MEDICUS_REFERENCE_N_GLYCAN_BIOSYNTHESIS",0,1,"Weak"
"KEGG_MEDICUS_REFERENCE_N_GLYCAN_PRECURSOR_BIOSYNTHESIS_ALG7_TO_ALG11",0,1,"Weak"
"KEGG_MEDICUS_REFERENCE_N_GLYCAN_PRECURSOR_BIOSYNTHESIS_GLC_6P_TO_MAN_P_DOL",0,1,"Weak"
"KEGG_MEDICUS_REFERENCE_P15_CELL_CYCLE_G1_S",0,1,"Weak"
"KEGG_MEDICUS_REFERENCE_P300_P21_CELL_CYCLE_G1_S",0,1,"Weak"
"KEGG_MEDICUS_REFERENCE_P4_PR_PI3K_SIGNALING_PATHWAY",0,1,"Weak"
"KEGG_MEDICUS_REFERENCE_P4_PR_RAS_ERK_SIGNALING_PATHWAY",0,1,"Weak"
"KEGG_MEDICUS_REFERENCE_PDL_PD1_SHP_PI3K_SIGNALING_PATHWAY",0,1,"Weak"
"KEGG_MEDICUS_REFERENCE_PINK_PARKIN_MEDIATED_AUTOPHAGOSOME_FORMATION",0,1,"Weak"
"KEGG_MEDICUS_REFERENCE_PKA_HOLOENZYME",0,1,"Weak"
"KEGG_MEDICUS_REFERENCE_PP2A_AKT_SIGNALING_PATHWAY",0,1,"Weak"
"KEGG_MEDICUS_REFERENCE_PRL_JAK_STAT_SIGNALING_PATHWAY",0,1,"Weak"
"KEGG_MEDICUS_REFERENCE_PRNP_PI3K_NOX2_SIGNALING_PATHWAY",0,1,"Weak"
"KEGG_MEDICUS_REFERENCE_PROK_PRKR_GI_ERK_SIGNALING_PATHWAY",0,1,"Weak"
"KEGG_MEDICUS_REFERENCE_PURINE_SALVAGE_PATHWAY_ADENINE_TO_AMP",0,1,"Weak"
"KEGG_MEDICUS_REFERENCE_PURINE_SALVAGE_PATHWAY_HYPOXANTHINE_GUANINE_TO_IMP_GMP",0,1,"Weak"
"KEGG_MEDICUS_REFERENCE_REGULATION_OF_COMPLEMENT_CASCADE_MAC_INHIBITION",0,1,"Weak"
"KEGG_MEDICUS_REFERENCE_REGULATION_OF_FIBRINOLYTIC_SYSTEM_C1INH",0,1,"Weak"
"KEGG_MEDICUS_REFERENCE_REGULATION_OF_GF_RTK_RAS_ERK_SIGNALING_MRAS_SHOC2_PP1_HOLOPHOSPHATASE",0,1,"Weak"
"KEGG_MEDICUS_REFERENCE_REGULATION_OF_GF_RTK_RAS_ERK_SIGNALING_PTP",0,1,"Weak"
"KEGG_MEDICUS_REFERENCE_REGULATION_OF_GF_RTK_RAS_ERK_SIGNALING_RAS_UBIQUITINATION_BY_CUL3_COMPLEX",0,1,"Weak"
"KEGG_MEDICUS_REFERENCE_REGULATION_OF_GF_RTK_RAS_ERK_SIGNALING_SPRED_AND_NF1",0,1,"Weak"
"KEGG_MEDICUS_REFERENCE_REGULATION_OF_NLRP3_INFLAMMASOME_SIGNALING_PATHWAY_NLRP3_INHIBITION",0,1,"Weak"
"KEGG_MEDICUS_REFERENCE_REGULATION_OF_SERCA",0,1,"Weak"
"KEGG_MEDICUS_REFERENCE_REGULATION_OF_TNF_NFKB_SIGNALING_PATHWAY_LUBAC_MEDIATED_LINEAR_UBIQUITINATION",0,1,"Weak"
"KEGG_MEDICUS_REFERENCE_RELN_VLDLR_PI3K_SIGNALING_PATHWAY",0,1,"Weak"
"KEGG_MEDICUS_REFERENCE_RETROGRADE_AXONAL_TRANSPORT",0,1,"Weak"
"KEGG_MEDICUS_REFERENCE_RIG_I_IRF7_3_SIGNALING_PATHWAY",0,1,"Weak"
"KEGG_MEDICUS_REFERENCE_RIG_I_NFKB_SIGNALING_PATHWAY",0,1,"Weak"
"KEGG_MEDICUS_REFERENCE_RORA_MEDIATED_TRANSCRIPTION",0,1,"Weak"
"KEGG_MEDICUS_REFERENCE_SIALYL_LEWIS_X_ANTIGEN_BIOSYNTHESIS",0,1,"Weak"
"KEGG_MEDICUS_REFERENCE_SKELETAL_TYPE_VGCC_RYR_SIGNALING",0,1,"Weak"
"KEGG_MEDICUS_REFERENCE_STRAD_STK11_TSC_SIGNALING_PATHWAY",0,1,"Weak"
"KEGG_MEDICUS_REFERENCE_TBK1_MEDIATED_AUTOPHAGOSOME_FORMATION",0,1,"Weak"
"KEGG_MEDICUS_REFERENCE_TCR_PLCG_ITPR_SIGNALING_PATHWAY",0,1,"Weak"
"KEGG_MEDICUS_REFERENCE_TELOMERE_ELONGATION",0,1,"Weak"
"KEGG_MEDICUS_REFERENCE_TETHERING_OF_LATE_ENDOSOMES_AND_LYSOSOMES",0,1,"Weak"
"KEGG_MEDICUS_REFERENCE_TGFA_EGFR_PI3K_SIGNALING_PATHWAY",0,1,"Weak"
"KEGG_MEDICUS_REFERENCE_TGFA_EGFR_PLCG_PKC_SIGNALING_PATHWAY",0,1,"Weak"
"KEGG_MEDICUS_REFERENCE_TGFA_EGFR_RAS_ERK_SIGNALING_PATHWAY",0,1,"Weak"
"KEGG_MEDICUS_REFERENCE_THYROID_HORMONE_SIGNALING_PATHWAY",0,1,"Weak"
"KEGG_MEDICUS_REFERENCE_TIGHT_JUNCTION_ACTIN_SIGNALING_PATHWAY",0,1,"Weak"
"KEGG_MEDICUS_REFERENCE_TLR1_2_4_NFKB_SIGNALING_PATHWAY",0,1,"Weak"
"KEGG_MEDICUS_REFERENCE_TLR2_4_MAPK_SIGNALING_PATHWAY",0,1,"Weak"
"KEGG_MEDICUS_REFERENCE_TLR3_IRF3_SIGNALING_PATHWAY",0,1,"Weak"
"KEGG_MEDICUS_REFERENCE_TLR3_IRF7_SIGNALING_PATHWAY",0,1,"Weak"
"KEGG_MEDICUS_REFERENCE_TLR3_NFKB_SIGNALING_PATHWAY",0,1,"Weak"
"KEGG_MEDICUS_REFERENCE_TLR4_IRF3_7_SIGNALING_PATHWAY",0,1,"Weak"
"KEGG_MEDICUS_REFERENCE_TLR5_NFKB_SIGNALING_PATHWAY",0,1,"Weak"
"KEGG_MEDICUS_REFERENCE_TLR7_9_IRF7_SIGNALING_PATHWAY",0,1,"Weak"
"KEGG_MEDICUS_REFERENCE_TNF_JNK_SIGNALING_PATHWAY",0,1,"Weak"
"KEGG_MEDICUS_REFERENCE_TNF_NFKB_SIGNALING_PATHWAY",0,1,"Weak"
"KEGG_MEDICUS_REFERENCE_TNF_P38_SIGNALING_PATHWAY",0,1,"Weak"
"KEGG_MEDICUS_REFERENCE_TNF_RIPK1_3_SIGNALING_PATHWAY",0,1,"Weak"
"KEGG_MEDICUS_REFERENCE_TRANSCRIPTIONAL_ACTIVATION_BY_ACETYLATION_OF_H3K27",0,1,"Weak"
"KEGG_MEDICUS_REFERENCE_TRAPPI_RAB1_SIGNALING_PATHWAY",0,1,"Weak"
"KEGG_MEDICUS_REFERENCE_TSC1_2_MTORC1_SIGNALING_PATHWAY",0,1,"Weak"
"KEGG_MEDICUS_REFERENCE_TSH_TG_SIGNALING_PATHWAY",0,1,"Weak"
"KEGG_MEDICUS_REFERENCE_TYPE_II_INTERFERON_TO_JAK_STAT_SIGNALING_PATHWAY",0,1,"Weak"
"KEGG_MEDICUS_REFERENCE_TYROSINE_DEGRADATION",0,1,"Weak"
"KEGG_MEDICUS_REFERENCE_UREA_CYCLE",0,1,"Weak"
"KEGG_MEDICUS_REFERENCE_VALINE_DEGRADATION",0,1,"Weak"
"KEGG_MEDICUS_REFERENCE_VGCC_CA2_APOPTOTIC_PATHWAY",0,1,"Weak"
"KEGG_MEDICUS_REFERENCE_V_D_J_RECOMBINATION",0,1,"Weak"
"KEGG_MEDICUS_REFERENCE_WNT_SIGNALING_MODULATION_LGR_RSPO",0,1,"Weak"
"KEGG_MEDICUS_REFERENCE_WNT_SIGNALING_MODULATION_WNT_ACYLATION",0,1,"Weak"
"KEGG_MEDICUS_REFERENCE_WNT_SIGNALING_MODULATION_WNT_INHIBITOR",0,1,"Weak"
"KEGG_MEDICUS_VARIANT_AMPLIFIED_CCND1_TO_CELL_CYCLE_G1_S",0,1,"Weak"
