"Skewness","Kurtosis","Pathway","Group"
0.113027179639081,1.96890476322255,"SA_B_CELL_RECEPTOR_COMPLEXES","Filtered"
0.0271130229075156,2.2472468269641,"SA_CASPASE_CASCADE","Filtered"
-0.928854965815365,3.39936393919332,"SA_FAS_SIGNALING","Filtered"
0.0338548199372276,2.41995598004874,"SA_G1_AND_S_PHASES","Filtered"
0.0118201485465378,2.18224154127969,"SA_G2_AND_M_PHASES","Filtered"
-0.304518814992258,1.8783361022721,"SA_MMP_CYTOKINE_CONNECTION","Filtered"
-0.4880307657066,2.53483335716817,"SA_PROGRAMMED_CELL_DEATH","Filtered"
-0.0291641550514305,2.25886153463918,"SA_PTEN_PATHWAY","Filtered"
-0.397898156376117,1.80780822490194,"SA_REG_CASCADE_OF_CYCLIN_EXPR","Retained"
-0.158677273500986,2.15089099115359,"SA_TRKA_RECEPTOR","Filtered"
0.249337610308636,2.17488648289974,"SIG_BCR_SIGNALING_PATHWAY","Filtered"
-0.135383094343373,2.00340118008526,"SIG_CD40PATHWAYMAP","Filtered"
-0.150073229336667,1.86813295456881,"SIG_CHEMOTAXIS","Filtered"
-0.228139273484983,1.89150831412834,"SIG_IL4RECEPTOR_IN_B_LYPHOCYTES","Filtered"
-0.157599102929833,2.04248653600248,"SIG_INSULIN_RECEPTOR_PATHWAY_IN_CARDIAC_MYOCYTES","Filtered"
0.308662688532827,2.59092306794184,"SIG_PIP3_SIGNALING_IN_B_LYMPHOCYTES","Filtered"
-0.186543327142222,2.18388876985961,"SIG_PIP3_SIGNALING_IN_CARDIAC_MYOCTES","Filtered"
-0.220083036900734,2.73606737698292,"SIG_REGULATION_OF_THE_ACTIN_CYTOSKELETON_BY_RHO_GTPASES","Filtered"
0.21074674004201,2.22123972149684,"WNT_SIGNALING","Filtered"
0.41802638734401,2.45298090281101,"BIOCARTA_41BB_PATHWAY","Filtered"
0.44436368970963,2.19424354206672,"BIOCARTA_ACE2_PATHWAY","Filtered"
0.0217384403628352,2.03620790805486,"BIOCARTA_ACETAMINOPHEN_PATHWAY","Filtered"
0.296455081565664,2.35204993454134,"BIOCARTA_ACH_PATHWAY","Filtered"
-0.340853241090798,2.29238367188862,"BIOCARTA_ACTINY_PATHWAY","Filtered"
-0.257939129817239,2.36541497173578,"BIOCARTA_AGPCR_PATHWAY","Filtered"
-0.132149694322582,2.09224525921982,"BIOCARTA_AGR_PATHWAY","Filtered"
-0.240023765494441,2.49717757668506,"BIOCARTA_AHSP_PATHWAY","Filtered"
-0.0567349575703881,2.29861862031453,"BIOCARTA_AKAP13_PATHWAY","Filtered"
-0.132434099128335,2.51190793397095,"BIOCARTA_AKAP95_PATHWAY","Filtered"
0.151947429329221,2.691053693283,"BIOCARTA_AKAPCENTROSOME_PATHWAY","Filtered"
-0.0971697418725468,2.07699765460341,"BIOCARTA_AKT_PATHWAY","Filtered"
0.157774563376336,1.64225191429964,"BIOCARTA_ALK_PATHWAY","Filtered"
-0.281370514850076,2.237502089392,"BIOCARTA_ALTERNATIVE_PATHWAY","Filtered"
0.0632166141570458,1.77381695160557,"BIOCARTA_AMAN_PATHWAY","Filtered"
0.183078770998086,2.04800484893839,"BIOCARTA_AMI_PATHWAY","Filtered"
0.349356892923738,2.36760433045355,"BIOCARTA_ARAP_PATHWAY","Filtered"
0.123963869044231,2.30055066512292,"BIOCARTA_ARENRF2_PATHWAY","Filtered"
-0.206704662693566,2.45523081797174,"BIOCARTA_ARF_PATHWAY","Filtered"
-0.444362306826066,1.90153750102346,"BIOCARTA_ASBCELL_PATHWAY","Filtered"
-0.316496111287056,2.48497069357828,"BIOCARTA_AT1R_PATHWAY","Filtered"
0.235151743272561,1.96769386804382,"BIOCARTA_ATM_PATHWAY","Filtered"
-0.12672824616687,1.94581392562453,"BIOCARTA_ATRBRCA_PATHWAY","Filtered"
-0.0472853465416108,1.99081705516526,"BIOCARTA_BAD_PATHWAY","Filtered"
-0.239472994757437,1.97295944850025,"BIOCARTA_BARD1_PATHWAY","Filtered"
0.378869747585319,2.38517334012166,"BIOCARTA_BARRESTIN_PATHWAY","Filtered"
0.000224383159411504,2.087047144691,"BIOCARTA_BARRESTIN_SRC_PATHWAY","Filtered"
-0.0804060225045456,2.22316383735057,"BIOCARTA_BARR_MAPK_PATHWAY","Filtered"
-0.349719558937284,1.81938614499258,"BIOCARTA_BBCELL_PATHWAY","Filtered"
0.0908645567429451,2.77070537327485,"BIOCARTA_BCELLSURVIVAL_PATHWAY","Filtered"
0.103809790633111,2.08930104566139,"BIOCARTA_BCR_PATHWAY","Filtered"
0.0423352290360199,1.9997225153238,"BIOCARTA_BIOPEPTIDES_PATHWAY","Filtered"
-0.377303062211751,2.11191848922359,"BIOCARTA_BLYMPHOCYTE_PATHWAY","Filtered"
0.162766978986956,2.16572150037439,"BIOCARTA_BOTULIN_PATHWAY","Filtered"
-0.398650935421356,2.40186940599115,"BIOCARTA_BTG2_PATHWAY","Filtered"
-0.00407639049099424,1.88494743938147,"BIOCARTA_CACAM_PATHWAY","Filtered"
0.292871336093826,1.92187809163165,"BIOCARTA_CALCINEURIN_PATHWAY","Filtered"
0.286928688999776,2.12147335257349,"BIOCARTA_CARDIACEGF_PATHWAY","Filtered"
0.25388710653863,1.98164385063995,"BIOCARTA_CARM1_PATHWAY","Filtered"
0.317863049477921,1.99828268548617,"BIOCARTA_CARM_ER_PATHWAY","Filtered"
-0.133131079786302,1.85188084944687,"BIOCARTA_CASPASE_PATHWAY","Filtered"
0.133189165089369,2.10121797342645,"BIOCARTA_CB1R_PATHWAY","Filtered"
0.0134473272099801,1.71797272636092,"BIOCARTA_CBL_PATHWAY","Filtered"
0.224315977184164,2.21350676753933,"BIOCARTA_CCR3_PATHWAY","Filtered"
0.054000287607417,1.71359005494042,"BIOCARTA_CCR5_PATHWAY","Filtered"
-0.199105962808568,2.20782835665066,"BIOCARTA_CD40_PATHWAY","Filtered"
-0.0765260154450286,2.2272642709783,"BIOCARTA_CDC25_PATHWAY","Filtered"
-0.173301967473045,1.88055411805328,"BIOCARTA_CDC42RAC_PATHWAY","Filtered"
-0.0973432474918145,2.01919719471809,"BIOCARTA_CDK5_PATHWAY","Filtered"
-0.157506640536302,2.22365265691166,"BIOCARTA_CDMAC_PATHWAY","Filtered"
-0.186583360309254,1.85974886090947,"BIOCARTA_CELL2CELL_PATHWAY","Filtered"
-0.408039555475915,2.03022154908635,"BIOCARTA_CELLCYCLE_PATHWAY","Filtered"
-0.628539453719738,2.7819301580887,"BIOCARTA_CERAMIDE_PATHWAY","Filtered"
0.00135009773464849,2.06935797176199,"BIOCARTA_CFTR_PATHWAY","Filtered"
-0.156464252516153,2.70111265517709,"BIOCARTA_CHEMICAL_PATHWAY","Filtered"
0.033745917421845,2.10060954060681,"BIOCARTA_CHREBP_PATHWAY","Filtered"
0.729280783468017,3.41104074727569,"BIOCARTA_CIRCADIAN_PATHWAY","Filtered"
-0.123989576253796,2.0890402552047,"BIOCARTA_CK1_PATHWAY","Filtered"
-0.0721138979702593,1.93159346626871,"BIOCARTA_CLASSIC_PATHWAY","Filtered"
-0.0939272309699489,2.22753357138104,"BIOCARTA_COMP_PATHWAY","Filtered"
0.19761424751238,1.95696565462713,"BIOCARTA_CPSF_PATHWAY","Filtered"
0.173179874581465,1.8446084372647,"BIOCARTA_CREB_PATHWAY","Filtered"
-0.192596372457416,2.33549870050769,"BIOCARTA_CREM_PATHWAY","Filtered"
0.0530469095849603,1.79723177689817,"BIOCARTA_CSK_PATHWAY","Filtered"
-0.249449630710055,2.09195319503629,"BIOCARTA_CTBP1_PATHWAY","Filtered"
0.376257803559756,2.24836080458691,"BIOCARTA_CTCF_PATHWAY","Filtered"
-0.1802982502722,1.78215837143469,"BIOCARTA_CTLA4_PATHWAY","Filtered"
-0.193730219507089,1.60059882273019,"BIOCARTA_CTL_PATHWAY","Retained"
0.370164729919053,1.97590532905039,"BIOCARTA_CXCR4_PATHWAY","Filtered"
-0.349707404503648,1.93845781897429,"BIOCARTA_CYTOKINE_PATHWAY","Filtered"
-0.197580668029956,2.11352118968669,"BIOCARTA_D4GDI_PATHWAY","Filtered"
-0.139597569986196,1.68719988270301,"BIOCARTA_DC_PATHWAY","Filtered"
-0.243717453957543,2.4392384684524,"BIOCARTA_DEATH_PATHWAY","Filtered"
0.679094726303205,2.07082230306409,"BIOCARTA_DICER_PATHWAY","Retained"
-0.0847738612798412,2.48609593554535,"BIOCARTA_DNAFRAGMENT_PATHWAY","Filtered"
0.112350877622835,2.21661567953062,"BIOCARTA_DREAM_PATHWAY","Filtered"
0.226251146095298,2.56320486365936,"BIOCARTA_DSP_PATHWAY","Filtered"
-0.081019293629837,2.11419220303286,"BIOCARTA_ECM_PATHWAY","Filtered"
0.124812538837987,2.3853767650961,"BIOCARTA_EDG1_PATHWAY","Filtered"
0.223698194217964,2.04280506048706,"BIOCARTA_EEA1_PATHWAY","Filtered"
0.0722864590134907,2.18678334792642,"BIOCARTA_EFP_PATHWAY","Filtered"
0.378156759155292,1.98351395905127,"BIOCARTA_EGFR_SMRTE_PATHWAY","Filtered"
0.0394261249871489,1.87118155183724,"BIOCARTA_EGF_PATHWAY","Filtered"
0.00249571000282405,2.24487609157156,"BIOCARTA_EICOSANOID_PATHWAY","Filtered"
-0.111434508454429,2.68409560083663,"BIOCARTA_EIF2_PATHWAY","Filtered"
0.153902764911677,2.21796221307212,"BIOCARTA_EIF4_PATHWAY","Filtered"
-0.171087802472542,2.1720413841589,"BIOCARTA_EIF_PATHWAY","Filtered"
-0.246037768535397,1.83518356121517,"BIOCARTA_EOSINOPHILS_PATHWAY","Filtered"
-0.00245916294067866,2.75524762309651,"BIOCARTA_EPHA4_PATHWAY","Filtered"
0.160473368372338,1.96787924002737,"BIOCARTA_EPONFKB_PATHWAY","Filtered"
0.218462455057263,2.59696109952018,"BIOCARTA_EPO_PATHWAY","Filtered"
-0.141269437008688,2.25843914269199,"BIOCARTA_ERAD_PATHWAY","Filtered"
-0.269006828890185,2.72089972022535,"BIOCARTA_ERBB3_PATHWAY","Filtered"
0.012892593613083,2.19649227469973,"BIOCARTA_ERBB4_PATHWAY","Filtered"
0.0760876255547739,1.89919421506023,"BIOCARTA_ERK5_PATHWAY","Filtered"
-0.231496957837162,1.99320734658349,"BIOCARTA_ERK_PATHWAY","Filtered"
-0.045132656236875,1.80550800179095,"BIOCARTA_ERYTH_PATHWAY","Filtered"
-0.664797664723102,2.1775129470211,"BIOCARTA_ETC_PATHWAY","Filtered"
0.0541570109029784,1.89505170328134,"BIOCARTA_ETS_PATHWAY","Filtered"
-0.126174244139141,1.78465551503296,"BIOCARTA_EXTRINSIC_PATHWAY","Filtered"
0.079656157053637,2.18501339867795,"BIOCARTA_FAS_PATHWAY","Filtered"
-0.145510129078912,2.02992631430743,"BIOCARTA_FBW7_PATHWAY","Filtered"
0.254747287927751,2.12395591112836,"BIOCARTA_FCER1_PATHWAY","Filtered"
-0.166619367656238,2.87888621361628,"BIOCARTA_FEEDER_PATHWAY","Filtered"
-0.0504619339969399,1.90303190422748,"BIOCARTA_FIBRINOLYSIS_PATHWAY","Filtered"
-0.533077271142486,2.56565557732484,"BIOCARTA_FLUMAZENIL_PATHWAY","Filtered"
-0.12385347654329,2.9130367471323,"BIOCARTA_FMLP_PATHWAY","Filtered"
-0.217832172999654,2.33767807468594,"BIOCARTA_FOSB_PATHWAY","Filtered"
-0.48605516457863,2.04666192083891,"BIOCARTA_FREE_PATHWAY","Filtered"
0.26922256021809,2.30601477114573,"BIOCARTA_FXR_PATHWAY","Filtered"
-0.239216972235088,2.49054745601629,"BIOCARTA_G1_PATHWAY","Filtered"
-0.00651765360972698,2.24513618293728,"BIOCARTA_G2_PATHWAY","Filtered"
-0.0336138627290046,2.29915227724412,"BIOCARTA_GABA_PATHWAY","Filtered"
0.0385600621612313,2.40147182934516,"BIOCARTA_GATA3_PATHWAY","Filtered"
-0.0114925736002001,2.37538727463721,"BIOCARTA_GCR_PATHWAY","Filtered"
0.155284592874341,2.15254945948318,"BIOCARTA_GHRELIN_PATHWAY","Filtered"
0.269302744467709,2.34250858914289,"BIOCARTA_GH_PATHWAY","Filtered"
0.108609980727798,2.05851821053598,"BIOCARTA_GLEEVEC_PATHWAY","Filtered"
0.233457565091466,1.71200591912419,"BIOCARTA_GPCR_PATHWAY","Filtered"
-0.222000458627324,2.37182545443454,"BIOCARTA_GRANULOCYTES_PATHWAY","Filtered"
-0.201448253299083,1.79732670353247,"BIOCARTA_GSK3_PATHWAY","Filtered"
0.016830733039435,2.75282498767983,"BIOCARTA_HBX_PATHWAY","Filtered"
-0.16605731086926,2.03627025757845,"BIOCARTA_HCMV_PATHWAY","Filtered"
0.365669008694854,1.84597620244711,"BIOCARTA_HDAC_PATHWAY","Filtered"
0.171974886340822,2.07729648598868,"BIOCARTA_HER2_PATHWAY","Filtered"
0.248945380623614,2.04636183583249,"BIOCARTA_HES_PATHWAY","Filtered"
0.205178745928808,2.37988149668808,"BIOCARTA_HIF_PATHWAY","Filtered"
0.0907509854911129,2.24468264543677,"BIOCARTA_HIVNEF_PATHWAY","Filtered"
-0.499295634110634,3.30844570579468,"BIOCARTA_HSP27_PATHWAY","Filtered"
0.2844787372176,1.98731611695507,"BIOCARTA_HSWI_SNF_PATHWAY","Filtered"
0.176398867853703,1.80733469795642,"BIOCARTA_IFNA_PATHWAY","Filtered"
-0.307037953011997,2.49905545174151,"BIOCARTA_IFNG_PATHWAY","Filtered"
0.0477193261242949,2.36757325420141,"BIOCARTA_IGF1MTOR_PATHWAY","Filtered"
-0.488681894319123,2.23397597768523,"BIOCARTA_IGF1R_PATHWAY","Filtered"
-0.210962181657024,2.13329348736173,"BIOCARTA_IGF1_PATHWAY","Filtered"
-0.189193353788751,2.58859858215605,"BIOCARTA_IL10_PATHWAY","Filtered"
0.104974570410988,1.97966746768097,"BIOCARTA_IL12_PATHWAY","Filtered"
-0.186746613920076,1.94463791019563,"BIOCARTA_IL17_PATHWAY","Filtered"
-0.0698751736213753,2.23646564252341,"BIOCARTA_IL1R_PATHWAY","Filtered"
0.155542908992458,2.05738442178087,"BIOCARTA_IL22BP_PATHWAY","Filtered"
0.116365345492165,2.14328151026004,"BIOCARTA_IL2RB_PATHWAY","Filtered"
-0.190182679413753,2.46939530161774,"BIOCARTA_IL2_PATHWAY","Filtered"
0.0205837996537645,1.96315879456929,"BIOCARTA_IL3_PATHWAY","Filtered"
-0.379773039402389,2.33500206211346,"BIOCARTA_IL4_PATHWAY","Filtered"
-0.283959565655168,2.05242104555306,"BIOCARTA_IL5_PATHWAY","Filtered"
0.0146881065386768,2.12556216878054,"BIOCARTA_IL6_PATHWAY","Filtered"
0.480490836002672,2.54399311467894,"BIOCARTA_IL7_PATHWAY","Filtered"
-0.0985640272789504,1.66971983316021,"BIOCARTA_INFLAM_PATHWAY","Filtered"
-0.0590387998346515,2.021062501866,"BIOCARTA_INSULIN_PATHWAY","Filtered"
-0.146960784064643,1.95470222512341,"BIOCARTA_INTEGRIN_PATHWAY","Filtered"
0.0862956311190372,2.22475052300791,"BIOCARTA_INTRINSIC_PATHWAY","Filtered"
0.457328884342461,2.05295303322,"BIOCARTA_ION_PATHWAY","Filtered"
0.410006113584837,2.179656094077,"BIOCARTA_IRES_PATHWAY","Filtered"
0.129746170008913,1.98395483385913,"BIOCARTA_KERATINOCYTE_PATHWAY","Filtered"
-0.026784426603863,2.19025191769982,"BIOCARTA_KREB_PATHWAY","Filtered"
-0.0640245453834588,2.31216014169728,"BIOCARTA_LAIR_PATHWAY","Filtered"
-0.167328460869771,2.31948732248302,"BIOCARTA_LDL_PATHWAY","Filtered"
0.112941981402015,1.7500661608854,"BIOCARTA_LECTIN_PATHWAY","Filtered"
-0.154884244081616,1.90787913749799,"BIOCARTA_LEPTIN_PATHWAY","Filtered"
0.138535326561674,2.12947474710258,"BIOCARTA_LIS1_PATHWAY","Filtered"
0.238272674622795,2.10138010898182,"BIOCARTA_LONGEVITY_PATHWAY","Filtered"
-0.445461298464638,2.3339028456517,"BIOCARTA_LYMPHOCYTE_PATHWAY","Filtered"
-0.0628378390505955,2.40786968371008,"BIOCARTA_LYM_PATHWAY","Filtered"
-0.0529478287942778,2.2048115514699,"BIOCARTA_MALATEX_PATHWAY","Filtered"
-0.214649440418345,2.43908887425039,"BIOCARTA_MAL_PATHWAY","Filtered"
-0.00779694412840202,1.8995380133689,"BIOCARTA_MAPK_PATHWAY","Filtered"
0.0432775390987399,2.01436882720228,"BIOCARTA_MCALPAIN_PATHWAY","Filtered"
-0.508977906123756,1.90491037598179,"BIOCARTA_MCM_PATHWAY","Retained"
0.127285905976032,2.22974637674667,"BIOCARTA_MEF2D_PATHWAY","Filtered"
-0.021196530412114,1.71466215473833,"BIOCARTA_MELANOCYTE_PATHWAY","Retained"
0.216577688586164,1.94409378981421,"BIOCARTA_MET_PATHWAY","Filtered"
-0.806873837208194,2.7124757145679,"BIOCARTA_MHC_PATHWAY","Filtered"
-0.422480122795832,2.18490255093309,"BIOCARTA_MITOCHONDRIA_PATHWAY","Filtered"
-0.414105002491461,1.87056333379543,"BIOCARTA_MITR_PATHWAY","Retained"
-0.345927921347524,2.34336073324951,"BIOCARTA_MONOCYTE_PATHWAY","Filtered"
0.0314168755669797,2.80155586254272,"BIOCARTA_MPR_PATHWAY","Filtered"
0.591690937368701,2.19227966967736,"BIOCARTA_MRP_PATHWAY","Retained"
-0.168422335555761,2.49501048025493,"BIOCARTA_MSP_PATHWAY","Filtered"
-0.202485333238539,1.95222428990287,"BIOCARTA_MTA3_PATHWAY","Filtered"
0.555085857013231,2.29189401440621,"BIOCARTA_MTOR_PATHWAY","Filtered"
0.42119608898712,2.18189955654168,"BIOCARTA_MYOSIN_PATHWAY","Filtered"
-0.228578332381621,2.38805004135343,"BIOCARTA_NDKDYNAMIN_PATHWAY","Filtered"
-0.310756303945356,2.11917341139234,"BIOCARTA_NEUTROPHIL_PATHWAY","Filtered"
0.339625574522132,2.21934517978611,"BIOCARTA_NFAT_PATHWAY","Filtered"
-0.133008730072323,3.25179732419921,"BIOCARTA_NFKB_PATHWAY","Filtered"
0.0734787426564223,2.42879285245052,"BIOCARTA_NGF_PATHWAY","Filtered"
-0.0507748897462204,1.897387438697,"BIOCARTA_NKCELLS_PATHWAY","Filtered"
-0.155571102665452,1.68580840815351,"BIOCARTA_NKT_PATHWAY","Filtered"
0.351684334780319,2.26830472045002,"BIOCARTA_NO1_PATHWAY","Filtered"
0.136217522653152,1.69016856029677,"BIOCARTA_NO2IL12_PATHWAY","Filtered"
-0.44236134843207,2.4129546353923,"BIOCARTA_NOS1_PATHWAY","Filtered"
0.590969675827308,2.49083826350956,"BIOCARTA_NOTCH_PATHWAY","Filtered"
0.264832290859918,2.50660045318002,"BIOCARTA_NPC_PATHWAY","Filtered"
0.308827983816082,2.14585292759441,"BIOCARTA_NPP1_PATHWAY","Filtered"
-0.519665275668076,2.52584846843426,"BIOCARTA_NTHI_PATHWAY","Filtered"
0.150740854080898,2.30753582836704,"BIOCARTA_NUCLEARRS_PATHWAY","Filtered"
-0.357071368572206,1.86731168467047,"BIOCARTA_P27_PATHWAY","Filtered"
0.0210289843203408,2.45660705882046,"BIOCARTA_P35ALZHEIMERS_PATHWAY","Filtered"
0.0202245697811161,2.23366410525993,"BIOCARTA_P38MAPK_PATHWAY","Filtered"
-0.576139777207851,2.78900360654676,"BIOCARTA_P53HYPOXIA_PATHWAY","Filtered"
-0.486551904024499,2.98019519971929,"BIOCARTA_P53_PATHWAY","Filtered"
0.626124818443081,1.99705267334844,"BIOCARTA_PAR1_PATHWAY","Retained"
-0.0512121029063811,2.19496809667473,"BIOCARTA_PARKIN_PATHWAY","Filtered"
-0.15939406648363,2.20533618279554,"BIOCARTA_PCAF_PATHWAY","Filtered"
0.0424272320507893,1.84530404762127,"BIOCARTA_PDGF_PATHWAY","Filtered"
0.264753858695032,2.03526764124956,"BIOCARTA_PDZS_PATHWAY","Filtered"
0.349381572404834,2.06282781095418,"BIOCARTA_PELP1_PATHWAY","Filtered"
-0.543193900111042,2.08394007455681,"BIOCARTA_PEPI_PATHWAY","Filtered"
0.143083329781985,2.41177839214439,"BIOCARTA_PGC1A_PATHWAY","Filtered"
0.397349481136972,2.17169497220503,"BIOCARTA_PITX2_PATHWAY","Filtered"
0.0465628032670521,2.03997776335679,"BIOCARTA_PKC_PATHWAY","Filtered"
0.384968417290858,2.09913857692903,"BIOCARTA_PLATELETAPP_PATHWAY","Filtered"
-0.0524882661198995,1.86358552135088,"BIOCARTA_PLCD_PATHWAY","Filtered"
0.0783547574969324,1.99585881226879,"BIOCARTA_PLCE_PATHWAY","Filtered"
0.42046290456416,2.02252306470465,"BIOCARTA_PLC_PATHWAY","Filtered"
0.237057071301792,2.06805944828066,"BIOCARTA_PLK3_PATHWAY","Filtered"
-0.140313040091373,1.78223093985708,"BIOCARTA_PML_PATHWAY","Filtered"
0.590568700226244,2.25922345847347,"BIOCARTA_PPARA_PATHWAY","Filtered"
0.403176325587332,2.1144953305894,"BIOCARTA_PPARG_PATHWAY","Filtered"
-0.209307705807443,2.07764135791238,"BIOCARTA_PRC2_PATHWAY","Filtered"
0.113535651641248,2.39414516595803,"BIOCARTA_PRION_PATHWAY","Filtered"
-0.602973630794681,1.9566732425593,"BIOCARTA_PROTEASOME_PATHWAY","Retained"
0.381065573371599,2.21754294510954,"BIOCARTA_PS1_PATHWAY","Filtered"
-0.214513856516399,1.64146359476227,"BIOCARTA_PTC1_PATHWAY","Retained"
-0.24525012748832,2.07990477016127,"BIOCARTA_PTDINS_PATHWAY","Filtered"
-0.143877288899337,1.8408345909963,"BIOCARTA_PTEN_PATHWAY","Filtered"
-0.149974281610286,2.34673714654569,"BIOCARTA_PYK2_PATHWAY","Filtered"
-0.160100852153325,2.54404917410437,"BIOCARTA_RAB_PATHWAY","Filtered"
0.0618364119078013,2.10976527795313,"BIOCARTA_RAC1_PATHWAY","Filtered"
-1.07446439053722,3.80583626984017,"BIOCARTA_RACCYCD_PATHWAY","Filtered"
-0.036354237304133,1.80018049369773,"BIOCARTA_RACC_PATHWAY","Filtered"
0.541290694076201,2.28366977683962,"BIOCARTA_RANBP2_PATHWAY","Filtered"
-0.197787715225499,1.77712517418138,"BIOCARTA_RANKL_PATHWAY","Retained"
-0.0891741777843408,1.71474919759874,"BIOCARTA_RANMS_PATHWAY","Filtered"
-0.0812087788698521,1.84291177136468,"BIOCARTA_RAN_PATHWAY","Filtered"
0.359344424644288,1.96802962144,"BIOCARTA_RARRXR_PATHWAY","Filtered"
-0.545865352255986,3.08715100697201,"BIOCARTA_RAS_PATHWAY","Filtered"
-0.257607583221004,2.48355177467396,"BIOCARTA_RB_PATHWAY","Filtered"
-0.0680172210194477,1.95700855482308,"BIOCARTA_RECK_PATHWAY","Filtered"
-0.233018627046131,2.1660686068342,"BIOCARTA_REELIN_PATHWAY","Filtered"
0.00457759329118048,2.66301091690543,"BIOCARTA_RELA_PATHWAY","Filtered"
0.00254060986710054,2.13315337803412,"BIOCARTA_RHODOPSIN_PATHWAY","Filtered"
0.137518186976283,2.02220690035433,"BIOCARTA_RHO_PATHWAY","Filtered"
0.433400588215455,2.09251756663088,"BIOCARTA_RNAPOL3_PATHWAY","Filtered"
-0.0381434128323071,2.68675802202738,"BIOCARTA_RNA_PATHWAY","Filtered"
0.181536328859851,1.91740655162523,"BIOCARTA_S1P_PATHWAY","Filtered"
-0.479146044184698,2.21230166964242,"BIOCARTA_SALMONELLA_PATHWAY","Filtered"
0.0772811294906331,1.98788649482213,"BIOCARTA_SAM68_PATHWAY","Filtered"
0.103314558159119,2.19755449132546,"BIOCARTA_SARS_PATHWAY","Filtered"
0.228280484039377,2.05449229170998,"BIOCARTA_SET_PATHWAY","Filtered"
0.082624210828498,2.05980681336644,"BIOCARTA_SHH_PATHWAY","Filtered"
-0.184296659434602,1.63400618749865,"BIOCARTA_SKP2E2F_PATHWAY","Retained"
-0.0454006901506039,1.76183957045655,"BIOCARTA_SLRP_PATHWAY","Filtered"
-0.182572262571743,1.58973478593532,"BIOCARTA_SM_PATHWAY","Retained"
0.108559397773214,2.40125667975517,"BIOCARTA_SODD_PATHWAY","Filtered"
0.0306575197843737,2.25337654557084,"BIOCARTA_SPPA_PATHWAY","Filtered"
-0.0607076895381653,1.85096492943657,"BIOCARTA_SPRY_PATHWAY","Filtered"
-0.452710515378205,2.357319394944,"BIOCARTA_SRCRPTP_PATHWAY","Filtered"
0.246462818819378,1.91629736585084,"BIOCARTA_STAT3_PATHWAY","Filtered"
-0.0948962937137323,1.82660991850583,"BIOCARTA_STATHMIN_PATHWAY","Filtered"
-0.14450121061106,1.97045887686947,"BIOCARTA_STEM_PATHWAY","Filtered"
-0.315819735578476,2.43496398320356,"BIOCARTA_STRESS_PATHWAY","Filtered"
-0.691667393462512,2.31158611140164,"BIOCARTA_SUMO_PATHWAY","Filtered"
0.000568584142379696,2.05407834383756,"BIOCARTA_TALL1_PATHWAY","Filtered"
-0.254697608225111,1.62738691773854,"BIOCARTA_TCAPOPTOSIS_PATHWAY","Retained"
0.0222446322360975,1.58495387097537,"BIOCARTA_TCRA_PATHWAY","Filtered"
-0.0252282752010043,2.3980551453133,"BIOCARTA_TCR_PATHWAY","Filtered"
-0.0817654802393174,1.66520108837066,"BIOCARTA_TCYTOTOXIC_PATHWAY","Filtered"
-0.00119641609523745,1.93802571367591,"BIOCARTA_TEL_PATHWAY","Filtered"
0.626520567484519,2.85352605260042,"BIOCARTA_TERC_PATHWAY","Filtered"
0.175193682086803,1.85064631247923,"BIOCARTA_TERT_PATHWAY","Filtered"
-0.383000279979745,2.35975687216835,"BIOCARTA_TFF_PATHWAY","Filtered"
-0.105171280423868,1.65234111720013,"BIOCARTA_TGFB_PATHWAY","Filtered"
-0.217819113259954,1.72705088182745,"BIOCARTA_TH1TH2_PATHWAY","Filtered"
-0.0717662761466399,1.6625964027216,"BIOCARTA_THELPER_PATHWAY","Filtered"
-0.26952890795298,2.16425090654342,"BIOCARTA_TID_PATHWAY","Filtered"
-0.0954869348643309,2.25687403300924,"BIOCARTA_TNFR1_PATHWAY","Filtered"
-0.0226667253905426,1.89732838977407,"BIOCARTA_TNFR2_PATHWAY","Filtered"
-0.133508872908362,2.04294974499998,"BIOCARTA_TOB1_PATHWAY","Filtered"
-0.296459031085095,2.23966703530667,"BIOCARTA_TOLL_PATHWAY","Filtered"
0.249126666685858,2.10929758671496,"BIOCARTA_TPO_PATHWAY","Filtered"
0.0544893688234552,1.93679456427001,"BIOCARTA_TRKA_PATHWAY","Filtered"
-0.246120922286445,2.14668214836017,"BIOCARTA_TSP1_PATHWAY","Filtered"
0.39537475178289,1.88278833449573,"BIOCARTA_TUBBY_PATHWAY","Retained"
-0.270876564130751,2.03429407715693,"BIOCARTA_UCALPAIN_PATHWAY","Filtered"
0.622852099391842,2.27768496435368,"BIOCARTA_VDR_PATHWAY","Filtered"
-0.167471218803987,2.11362064095875,"BIOCARTA_VEGF_PATHWAY","Filtered"
-0.0804339039256336,2.23711546984414,"BIOCARTA_VIP_PATHWAY","Filtered"
0.423671702360538,2.20446830125689,"BIOCARTA_VITCB_PATHWAY","Filtered"
-0.493657934729237,2.07789030867006,"BIOCARTA_VOBESITY_PATHWAY","Filtered"
-0.146940078262377,2.41590542785437,"BIOCARTA_WNT_LRP6_PATHWAY","Filtered"
0.0357645254730051,2.14432908531325,"BIOCARTA_WNT_PATHWAY","Filtered"
0.696710378279407,2.62913853734795,"KEGG_ABC_TRANSPORTERS","Filtered"
-0.0716949954692301,2.05386410147436,"KEGG_ACUTE_MYELOID_LEUKEMIA","Filtered"
-0.109443817371429,2.12160214265081,"KEGG_ADHERENS_JUNCTION","Filtered"
0.175808228432274,2.00495116732694,"KEGG_ADIPOCYTOKINE_SIGNALING_PATHWAY","Filtered"
-0.12500332259606,2.52363495915793,"KEGG_ALANINE_ASPARTATE_AND_GLUTAMATE_METABOLISM","Filtered"
0.297436125939443,1.98594063779619,"KEGG_ALDOSTERONE_REGULATED_SODIUM_REABSORPTION","Filtered"
-0.251089923862517,1.72263435926063,"KEGG_ALLOGRAFT_REJECTION","Filtered"
0.17867498914611,1.85076142893636,"KEGG_ALPHA_LINOLENIC_ACID_METABOLISM","Filtered"
-0.450143224234123,1.85774654712819,"KEGG_ALZHEIMERS_DISEASE","Filtered"
-0.0210371640116417,2.32937651044403,"KEGG_AMINOACYL_TRNA_BIOSYNTHESIS","Filtered"
-0.689917332205837,2.70690232310535,"KEGG_AMINO_SUGAR_AND_NUCLEOTIDE_SUGAR_METABOLISM","Filtered"
-1.03671071876009,3.97802705337129,"KEGG_AMYOTROPHIC_LATERAL_SCLEROSIS_ALS","Filtered"
-0.20665723703964,1.96679456573732,"KEGG_ANTIGEN_PROCESSING_AND_PRESENTATION","Filtered"
-0.648250994328082,3.14214464989583,"KEGG_APOPTOSIS","Filtered"
-0.283235367069281,2.18658744836312,"KEGG_ARACHIDONIC_ACID_METABOLISM","Filtered"
-0.329404088413466,2.30329586811551,"KEGG_ARGININE_AND_PROLINE_METABOLISM","Filtered"
0.267635467890091,2.0477916857467,"KEGG_ARRHYTHMOGENIC_RIGHT_VENTRICULAR_CARDIOMYOPATHY_ARVC","Filtered"
-0.198216298350917,2.10489450947719,"KEGG_ASCORBATE_AND_ALDARATE_METABOLISM","Filtered"
-0.229818417868043,1.79608873587633,"KEGG_ASTHMA","Filtered"
-0.277419674385161,1.7667693860985,"KEGG_AUTOIMMUNE_THYROID_DISEASE","Filtered"
0.0159865028803578,1.87880623006539,"KEGG_AXON_GUIDANCE","Filtered"
0.459253836721448,2.22275267351968,"KEGG_BASAL_CELL_CARCINOMA","Filtered"
0.0509358374386262,2.22334364514566,"KEGG_BASAL_TRANSCRIPTION_FACTORS","Filtered"
-0.304414832272336,1.97004505304529,"KEGG_BASE_EXCISION_REPAIR","Filtered"
-0.121687422837857,2.69022340201009,"KEGG_BETA_ALANINE_METABOLISM","Filtered"
-0.398327796280803,2.89923860657443,"KEGG_BIOSYNTHESIS_OF_UNSATURATED_FATTY_ACIDS","Filtered"
0.175401750888355,2.3031983262742,"KEGG_BLADDER_CANCER","Filtered"
-0.131531337787374,1.85543214844252,"KEGG_BUTANOATE_METABOLISM","Filtered"
0.150977298275723,2.40713365569567,"KEGG_B_CELL_RECEPTOR_SIGNALING_PATHWAY","Filtered"
0.369481325184297,2.50834439581283,"KEGG_CALCIUM_SIGNALING_PATHWAY","Filtered"
-0.29460650549648,2.05645907925444,"KEGG_CARDIAC_MUSCLE_CONTRACTION","Filtered"
0.013684447809984,1.72936618605341,"KEGG_CELL_ADHESION_MOLECULES_CAMS","Filtered"
-0.144243839743913,1.70519490251811,"KEGG_CELL_CYCLE","Filtered"
-0.0325910447950171,1.83977236732155,"KEGG_CHEMOKINE_SIGNALING_PATHWAY","Filtered"
-0.370469383671321,2.10703655527461,"KEGG_CHRONIC_MYELOID_LEUKEMIA","Filtered"
0.0370864207945083,2.18573522483548,"KEGG_CIRCADIAN_RHYTHM_MAMMAL","Filtered"
-1.01580151751734,4.51592988991635,"KEGG_CITRATE_CYCLE_TCA_CYCLE","Filtered"
-0.0752727032887779,1.85437390674636,"KEGG_COLORECTAL_CANCER","Filtered"
-0.0671281646241774,2.79814962965821,"KEGG_COMPLEMENT_AND_COAGULATION_CASCADES","Filtered"
-0.380496196491454,2.53728076654156,"KEGG_CYSTEINE_AND_METHIONINE_METABOLISM","Filtered"
0.053799010134003,1.76683803719618,"KEGG_CYTOKINE_CYTOKINE_RECEPTOR_INTERACTION","Filtered"
-0.0942352623958152,2.71065696930164,"KEGG_CYTOSOLIC_DNA_SENSING_PATHWAY","Filtered"
0.50665331959274,2.26463503383119,"KEGG_DILATED_CARDIOMYOPATHY","Filtered"
-0.317440258457224,1.68440019871833,"KEGG_DNA_REPLICATION","Retained"
0.0789720156693082,2.24263592965435,"KEGG_DORSO_VENTRAL_AXIS_FORMATION","Filtered"
-0.357848334414699,1.9762338808106,"KEGG_DRUG_METABOLISM_CYTOCHROME_P450","Filtered"
-0.427233312946901,2.1597708418546,"KEGG_DRUG_METABOLISM_OTHER_ENZYMES","Filtered"
0.453958164950734,2.32795746293943,"KEGG_ECM_RECEPTOR_INTERACTION","Filtered"
-0.133191144490472,2.63608780590584,"KEGG_ENDOCYTOSIS","Filtered"
0.0474198157844616,1.7770814887238,"KEGG_ENDOMETRIAL_CANCER","Filtered"
-0.653893489947138,4.29347376365566,"KEGG_EPITHELIAL_CELL_SIGNALING_IN_HELICOBACTER_PYLORI_INFECTION","Filtered"
0.161525128229235,2.26446885299171,"KEGG_ERBB_SIGNALING_PATHWAY","Filtered"
-0.436656449140093,2.20956992142338,"KEGG_ETHER_LIPID_METABOLISM","Filtered"
-0.210335871783609,1.88578598963021,"KEGG_FATTY_ACID_METABOLISM","Filtered"
0.151022960564444,2.45287057284179,"KEGG_FC_EPSILON_RI_SIGNALING_PATHWAY","Filtered"
-0.00962756368047933,2.1704657802651,"KEGG_FC_GAMMA_R_MEDIATED_PHAGOCYTOSIS","Filtered"
0.197495433447218,2.02818107841749,"KEGG_FOCAL_ADHESION","Filtered"
-0.334660504345251,1.98365813292193,"KEGG_FOLATE_BIOSYNTHESIS","Filtered"
-0.214185144685383,2.66936050661847,"KEGG_FRUCTOSE_AND_MANNOSE_METABOLISM","Filtered"
-0.414723866170619,2.07572583065113,"KEGG_GALACTOSE_METABOLISM","Filtered"
0.11125649669103,1.93240385022694,"KEGG_GAP_JUNCTION","Filtered"
0.0717356767730004,2.04572871494316,"KEGG_GLIOMA","Filtered"
-0.122599432470132,2.14356765372904,"KEGG_GLUTATHIONE_METABOLISM","Filtered"
0.422882613736721,2.32925035089061,"KEGG_GLYCEROLIPID_METABOLISM","Filtered"
0.696028063609114,2.70619028897872,"KEGG_GLYCEROPHOSPHOLIPID_METABOLISM","Filtered"
-0.440683118640874,2.266492622835,"KEGG_GLYCINE_SERINE_AND_THREONINE_METABOLISM","Filtered"
-0.700313821794756,3.08651293970558,"KEGG_GLYCOLYSIS_GLUCONEOGENESIS","Filtered"
0.155097018073206,2.0672337371563,"KEGG_GLYCOSAMINOGLYCAN_BIOSYNTHESIS_CHONDROITIN_SULFATE","Filtered"
0.20567484692521,2.17351530725103,"KEGG_GLYCOSAMINOGLYCAN_BIOSYNTHESIS_HEPARAN_SULFATE","Filtered"
-0.424761781670529,2.27850376647469,"KEGG_GLYCOSAMINOGLYCAN_BIOSYNTHESIS_KERATAN_SULFATE","Filtered"
-0.193631662408968,2.22183898725198,"KEGG_GLYCOSAMINOGLYCAN_DEGRADATION","Filtered"
-0.322597986251535,2.779638918948,"KEGG_GLYCOSPHINGOLIPID_BIOSYNTHESIS_GANGLIO_SERIES","Filtered"
-0.456812855788375,2.31500832910683,"KEGG_GLYCOSPHINGOLIPID_BIOSYNTHESIS_GLOBO_SERIES","Filtered"
-0.0364261507518237,2.07995314310813,"KEGG_GLYCOSPHINGOLIPID_BIOSYNTHESIS_LACTO_AND_NEOLACTO_SERIES","Filtered"
-0.00198901690564963,2.18517970237874,"KEGG_GLYCOSYLPHOSPHATIDYLINOSITOL_GPI_ANCHOR_BIOSYNTHESIS","Filtered"
-0.220638441319205,1.78906158050336,"KEGG_GLYOXYLATE_AND_DICARBOXYLATE_METABOLISM","Filtered"
0.582323272347354,2.29917995832586,"KEGG_GNRH_SIGNALING_PATHWAY","Filtered"
-0.302572143582991,1.72254846450028,"KEGG_GRAFT_VERSUS_HOST_DISEASE","Filtered"
0.54755803861778,2.56758679779218,"KEGG_HEDGEHOG_SIGNALING_PATHWAY","Filtered"
-0.00179376041357401,1.76073967166494,"KEGG_HEMATOPOIETIC_CELL_LINEAGE","Filtered"
-0.0122110351152483,1.77271641013377,"KEGG_HISTIDINE_METABOLISM","Filtered"
-0.320908539099768,1.7948138497528,"KEGG_HOMOLOGOUS_RECOMBINATION","Filtered"
-0.528614619694564,1.90258801343718,"KEGG_HUNTINGTONS_DISEASE","Retained"
0.311374470295087,2.49581008683375,"KEGG_HYPERTROPHIC_CARDIOMYOPATHY_HCM","Filtered"
0.309877061526394,2.02896455483529,"KEGG_INOSITOL_PHOSPHATE_METABOLISM","Filtered"
0.0961693856054309,2.65155923973522,"KEGG_INSULIN_SIGNALING_PATHWAY","Filtered"
-0.062017991671619,1.7332750093047,"KEGG_INTESTINAL_IMMUNE_NETWORK_FOR_IGA_PRODUCTION","Filtered"
0.441587391385468,2.50352419340756,"KEGG_JAK_STAT_SIGNALING_PATHWAY","Filtered"
-0.269074218754561,1.94248097325264,"KEGG_LEISHMANIA_INFECTION","Filtered"
0.00433429669231455,2.15693579375399,"KEGG_LEUKOCYTE_TRANSENDOTHELIAL_MIGRATION","Filtered"
0.230115296017821,2.43531463405105,"KEGG_LIMONENE_AND_PINENE_DEGRADATION","Filtered"
0.170556551948718,2.03695426745782,"KEGG_LINOLEIC_ACID_METABOLISM","Filtered"
0.458235814606618,2.48335958502498,"KEGG_LONG_TERM_DEPRESSION","Filtered"
0.365517211562379,2.10877581847947,"KEGG_LONG_TERM_POTENTIATION","Filtered"
0.526712691923326,2.44305239674283,"KEGG_LYSINE_DEGRADATION","Filtered"
0.155180566693035,2.1687607715244,"KEGG_LYSOSOME","Filtered"
0.329104275217731,2.62008398248039,"KEGG_MAPK_SIGNALING_PATHWAY","Filtered"
0.0405744944061457,1.53468067740067,"KEGG_MATURITY_ONSET_DIABETES_OF_THE_YOUNG","Retained"
0.309067238768864,1.94196327621036,"KEGG_MELANOGENESIS","Filtered"
0.240761669552643,2.17531253554671,"KEGG_MELANOMA","Filtered"
-0.182951125747981,1.87522563111459,"KEGG_METABOLISM_OF_XENOBIOTICS_BY_CYTOCHROME_P450","Filtered"
-0.444341522369466,2.05821250050858,"KEGG_MISMATCH_REPAIR","Filtered"
0.180416422475065,2.38862599399899,"KEGG_MTOR_SIGNALING_PATHWAY","Filtered"
-0.176764897300845,1.82233048716498,"KEGG_NATURAL_KILLER_CELL_MEDIATED_CYTOTOXICITY","Filtered"
0.22598926258611,2.32307976859141,"KEGG_NEUROACTIVE_LIGAND_RECEPTOR_INTERACTION","Filtered"
0.0188623032062475,1.87422473544977,"KEGG_NEUROTROPHIN_SIGNALING_PATHWAY","Filtered"
-0.403918731055095,2.66254799667716,"KEGG_NICOTINATE_AND_NICOTINAMIDE_METABOLISM","Filtered"
-0.104634203471941,2.22636698137689,"KEGG_NITROGEN_METABOLISM","Filtered"
-0.0678416792154362,1.99137979168273,"KEGG_NOD_LIKE_RECEPTOR_SIGNALING_PATHWAY","Filtered"
0.0823926232720852,2.50637305950525,"KEGG_NON_HOMOLOGOUS_END_JOINING","Filtered"
0.0348790015580308,2.01874923142754,"KEGG_NON_SMALL_CELL_LUNG_CANCER","Filtered"
-0.0896585509983447,2.12931136680225,"KEGG_NOTCH_SIGNALING_PATHWAY","Filtered"
-0.289416803424439,1.9935856368092,"KEGG_NUCLEOTIDE_EXCISION_REPAIR","Filtered"
-0.0992535161820504,2.80394574595505,"KEGG_N_GLYCAN_BIOSYNTHESIS","Filtered"
0.0029692260793726,2.00403250421963,"KEGG_OLFACTORY_TRANSDUCTION","Filtered"
-0.0014921985215704,2.20110815655503,"KEGG_ONE_CARBON_POOL_BY_FOLATE","Filtered"
-0.364588581030122,2.50347029364443,"KEGG_OOCYTE_MEIOSIS","Filtered"
-0.145271833251265,1.72820788008264,"KEGG_OTHER_GLYCAN_DEGRADATION","Filtered"
-0.312746661298865,1.73547839362684,"KEGG_OXIDATIVE_PHOSPHORYLATION","Retained"
0.203700414377817,1.93304194994983,"KEGG_O_GLYCAN_BIOSYNTHESIS","Filtered"
-0.180358323201571,2.20295677818466,"KEGG_P53_SIGNALING_PATHWAY","Filtered"
-0.578378176932839,2.43250466155279,"KEGG_PANCREATIC_CANCER","Filtered"
0.110341717735772,2.74315878934069,"KEGG_PANTOTHENATE_AND_COA_BIOSYNTHESIS","Filtered"
-0.337152953798431,1.71032568243088,"KEGG_PARKINSONS_DISEASE","Retained"
-0.405270811499886,2.27670766004063,"KEGG_PATHOGENIC_ESCHERICHIA_COLI_INFECTION","Filtered"
-0.0730687349399635,2.03619133752411,"KEGG_PATHWAYS_IN_CANCER","Filtered"
-0.311974381713076,2.00348046284666,"KEGG_PENTOSE_AND_GLUCURONATE_INTERCONVERSIONS","Filtered"
-0.348504447379062,2.16565581855794,"KEGG_PENTOSE_PHOSPHATE_PATHWAY","Filtered"
-0.35524169980764,2.33010120135507,"KEGG_PEROXISOME","Filtered"
0.0764240132732292,2.03206570210629,"KEGG_PHENYLALANINE_METABOLISM","Filtered"
0.507830781651621,2.22395832590891,"KEGG_PHOSPHATIDYLINOSITOL_SIGNALING_SYSTEM","Filtered"
-0.50759337300356,2.43353405270648,"KEGG_PORPHYRIN_AND_CHLOROPHYLL_METABOLISM","Filtered"
0.0291042253602335,2.82436417734085,"KEGG_PPAR_SIGNALING_PATHWAY","Filtered"
-0.270185411942252,2.06972238204396,"KEGG_PRIMARY_BILE_ACID_BIOSYNTHESIS","Filtered"
0.186510325435657,1.69144035332148,"KEGG_PRIMARY_IMMUNODEFICIENCY","Filtered"
0.252824831316929,2.52083217082204,"KEGG_PRION_DISEASES","Filtered"
-0.319699049680606,2.405502903358,"KEGG_PROGESTERONE_MEDIATED_OOCYTE_MATURATION","Filtered"
0.0265077793427838,1.77815461022619,"KEGG_PROPANOATE_METABOLISM","Filtered"
-0.18091465883948,1.93938090023473,"KEGG_PROSTATE_CANCER","Filtered"
-0.607593159876837,1.91389092185386,"KEGG_PROTEASOME","Retained"
-0.354114041137683,1.97975218416104,"KEGG_PROTEIN_EXPORT","Filtered"
-0.63289205285427,2.7013311667708,"KEGG_PROXIMAL_TUBULE_BICARBONATE_RECLAMATION","Filtered"
-0.491633612994682,2.06324956657147,"KEGG_PURINE_METABOLISM","Filtered"
-0.492492631414281,2.00462394634571,"KEGG_PYRIMIDINE_METABOLISM","Filtered"
-0.286412781263956,2.26263104740496,"KEGG_PYRUVATE_METABOLISM","Filtered"
0.0270368692598589,1.85889605613452,"KEGG_REGULATION_OF_ACTIN_CYTOSKELETON","Filtered"
-0.437203414758234,2.25012878269074,"KEGG_REGULATION_OF_AUTOPHAGY","Filtered"
-0.304460681857684,2.04754249281868,"KEGG_RENAL_CELL_CARCINOMA","Filtered"
0.482412341529078,2.49445587945424,"KEGG_RENIN_ANGIOTENSIN_SYSTEM","Filtered"
-0.244329317893816,1.99676300982463,"KEGG_RETINOL_METABOLISM","Filtered"
-0.0723109066622235,2.33748692690269,"KEGG_RIBOFLAVIN_METABOLISM","Filtered"
-0.573028467568815,1.80178008486283,"KEGG_RIBOSOME","Retained"
0.0440947539244171,2.25954375350887,"KEGG_RIG_I_LIKE_RECEPTOR_SIGNALING_PATHWAY","Filtered"
-0.0738371788184814,2.06385625250734,"KEGG_RNA_DEGRADATION","Filtered"
-0.412384668765798,2.13227557393999,"KEGG_RNA_POLYMERASE","Filtered"
-0.522884783937001,2.54427408560852,"KEGG_SELENOAMINO_ACID_METABOLISM","Filtered"
-0.0760825820183948,1.87895512070038,"KEGG_SMALL_CELL_LUNG_CANCER","Filtered"
-0.138992362299056,2.17214058474687,"KEGG_SNARE_INTERACTIONS_IN_VESICULAR_TRANSPORT","Filtered"
0.222733909126875,2.20675301860126,"KEGG_SPHINGOLIPID_METABOLISM","Filtered"
0.160868784531655,2.38208639054948,"KEGG_SPLICEOSOME","Filtered"
-0.141541600656059,2.3016232298592,"KEGG_STARCH_AND_SUCROSE_METABOLISM","Filtered"
-0.2096254676968,2.00975931679488,"KEGG_STEROID_BIOSYNTHESIS","Filtered"
-0.448504077285147,2.02501048969292,"KEGG_STEROID_HORMONE_BIOSYNTHESIS","Filtered"
0.0275016934374216,2.63294748215736,"KEGG_SULFUR_METABOLISM","Filtered"
-0.100409306959018,2.01766565382532,"KEGG_SYSTEMIC_LUPUS_ERYTHEMATOSUS","Filtered"
0.556823478107608,2.08907054835218,"KEGG_TASTE_TRANSDUCTION","Retained"
-0.045906501697954,2.00195362883926,"KEGG_TAURINE_AND_HYPOTAURINE_METABOLISM","Filtered"
-0.343475941742121,2.22339402922463,"KEGG_TERPENOID_BACKBONE_BIOSYNTHESIS","Filtered"
-0.0748878136165262,2.56803425309364,"KEGG_TGF_BETA_SIGNALING_PATHWAY","Filtered"
-0.148121515432059,2.49768813557921,"KEGG_THYROID_CANCER","Filtered"
-0.0891992216001632,2.26507922590369,"KEGG_TIGHT_JUNCTION","Filtered"
-0.350743965565107,2.27975392996849,"KEGG_TOLL_LIKE_RECEPTOR_SIGNALING_PATHWAY","Filtered"
-0.209919033480087,2.17969852300291,"KEGG_TRYPTOPHAN_METABOLISM","Filtered"
0.523069778745579,2.29385690724993,"KEGG_TYPE_II_DIABETES_MELLITUS","Filtered"
-0.238154195893946,1.76110535020611,"KEGG_TYPE_I_DIABETES_MELLITUS","Filtered"
-0.240971462834749,2.14075492774065,"KEGG_TYROSINE_METABOLISM","Filtered"
0.137346022319661,2.14018372012527,"KEGG_T_CELL_RECEPTOR_SIGNALING_PATHWAY","Filtered"
0.0484792173374651,2.73376213835884,"KEGG_UBIQUITIN_MEDIATED_PROTEOLYSIS","Filtered"
0.109270319500963,1.98857703332666,"KEGG_VALINE_LEUCINE_AND_ISOLEUCINE_BIOSYNTHESIS","Filtered"
0.0242688538514026,1.79590198145104,"KEGG_VALINE_LEUCINE_AND_ISOLEUCINE_DEGRADATION","Filtered"
0.626622777096007,2.65063750520464,"KEGG_VASCULAR_SMOOTH_MUSCLE_CONTRACTION","Filtered"
-0.0817475712167198,1.77375026165486,"KEGG_VASOPRESSIN_REGULATED_WATER_REABSORPTION","Filtered"
0.159443737955586,2.63210010317103,"KEGG_VEGF_SIGNALING_PATHWAY","Filtered"
-0.306354688650355,2.25451024458915,"KEGG_VIBRIO_CHOLERAE_INFECTION","Filtered"
-0.189263629303393,2.21351798109317,"KEGG_VIRAL_MYOCARDITIS","Filtered"
0.158344989914261,2.09457230860056,"KEGG_WNT_SIGNALING_PATHWAY","Filtered"
-0.412508059133434,1.94271581704527,"KEGG_MEDICUS_ENV_FACTOR_ARSENIC_TO_ELECTRON_TRANSFER_IN_COMPLEX_IV","Filtered"
0.177048475171527,2.07409555916577,"KEGG_MEDICUS_ENV_FACTOR_BENZO_A_PYRENRE_TO_CYP_MEDIATED_METABOLISM","Filtered"
-0.247904149999977,2.3738078778923,"KEGG_MEDICUS_ENV_FACTOR_DCE_TO_DNA_ADDUCTS","Filtered"
0.411211056060803,2.53109139699426,"KEGG_MEDICUS_ENV_FACTOR_E2_TO_NUCLEAR_INITIATED_ESTROGEN_SIGNALING_PATHWAY","Filtered"
0.0081039474990409,2.15939279147014,"KEGG_MEDICUS_ENV_FACTOR_E2_TO_RAS_ERK_SIGNALING_PATHWAY","Filtered"
-0.441656827207078,2.20605778067862,"KEGG_MEDICUS_ENV_FACTOR_IRON_TO_ANTEROGRADE_AXONAL_TRANSPORT","Filtered"
0.19506178387919,2.29001180453649,"KEGG_MEDICUS_ENV_FACTOR_METALS_TO_JNK_SIGNALING_PATHWAY","Filtered"
0.165206692782536,1.89859610894661,"KEGG_MEDICUS_ENV_FACTOR_METALS_TO_KEAP1_NRF2_SIGNALIG_PATHWAY","Filtered"
0.0247917842205551,1.89754246711194,"KEGG_MEDICUS_ENV_FACTOR_METALS_TO_NFKB_SIGNALING_PATHWAY","Filtered"
-0.246054517923047,2.06539160197058,"KEGG_MEDICUS_ENV_FACTOR_METALS_TO_RAS_ERK_SIGNALING_PATHWAY","Filtered"
-0.0146229889413373,2.2420509992934,"KEGG_MEDICUS_ENV_FACTOR_NICOTINE_NNK_TO_PI3K_SIGNALING_PATHWAY","Filtered"
0.233618543505668,1.86893045473755,"KEGG_MEDICUS_ENV_FACTOR_NICOTINE_TO_JAK_STAT_SIGNALING_PATHWAY","Filtered"
-0.283073480353748,1.88405483423733,"KEGG_MEDICUS_ENV_FACTOR_NNK_NNN_TO_CHRNA7_E2F_SIGNALING_PATHWAY","Filtered"
-0.256230188985923,2.19835761701251,"KEGG_MEDICUS_ENV_FACTOR_NNK_NNN_TO_PI3K_SIGNALING_PATHWAY_N01339","Filtered"
0.396576725204077,2.26528053153938,"KEGG_MEDICUS_ENV_FACTOR_NNK_NNN_TO_PI3K_SIGNALING_PATHWAY_N01350","Filtered"
0.0246034019385396,1.99405990763292,"KEGG_MEDICUS_ENV_FACTOR_NNK_NNN_TO_RAS_ERK_SIGNALING_PATHWAY","Filtered"
-0.165662814417112,1.64059317601366,"KEGG_MEDICUS_ENV_FACTOR_NNK_TO_DNA_ADDUCTS","Filtered"
0.00848461910130593,2.18933056174351,"KEGG_MEDICUS_ENV_FACTOR_PARAQUAT_TO_FAS_JNK_SIGNALING_PATHWAY","Filtered"
0.40066401982732,1.5821545096867,"KEGG_MEDICUS_ENV_FACTOR_PHIP_TO_DNA_ADDUCTS","Retained"
-0.224871383733045,2.32952770493802,"KEGG_MEDICUS_ENV_FACTOR_TCDD_TO_AHR_SIGNALING_PATHWAY","Filtered"
-0.436302110832622,2.05828287643728,"KEGG_MEDICUS_ENV_FACTOR_ZN_TO_ANTEROGRADE_AXONAL_TRANSPORT","Retained"
-0.778017428139392,2.68796720354897,"KEGG_MEDICUS_PATHOGEN_ARSENIC_TO_ELECTRON_TRANSFER_IN_COMPLEX_II","Filtered"
-0.472193617890093,2.66571421844705,"KEGG_MEDICUS_PATHOGEN_EBV_BARF1_TO_INTRINSIC_APOPTOTIC_PATHWAY","Filtered"
-0.189112726945406,2.4520677781445,"KEGG_MEDICUS_PATHOGEN_EBV_EBNA1_TO_P53_MEDIATED_TRANSCRIPTION","Filtered"
0.300244552160464,2.69384468321188,"KEGG_MEDICUS_PATHOGEN_EBV_EBNA2_TO_RBP_JK_MEDIATED_TRANSCRIPTION","Filtered"
-0.289314874869976,1.86698855357366,"KEGG_MEDICUS_PATHOGEN_EBV_EBNA3C_TO_CELL_CYCLE_G1_S_N00483","Filtered"
0.045627291570261,1.84809560623248,"KEGG_MEDICUS_PATHOGEN_EBV_EBNA3C_TO_CELL_CYCLE_G1_S_N00484","Filtered"
-0.226755451210972,1.86485150966274,"KEGG_MEDICUS_PATHOGEN_EBV_EBNA3C_TO_P27_CELL_CYCLE_G1_S_N00264","Filtered"
-0.237414041322019,1.92948328241039,"KEGG_MEDICUS_PATHOGEN_EBV_EBNA3C_TO_P27_CELL_CYCLE_G1_S_N00482","Filtered"
-0.163554598299292,2.28088728784255,"KEGG_MEDICUS_PATHOGEN_EBV_EBNA3C_TO_P53_MEDIATED_TRANSCRIPTION","Filtered"
-0.341710236832396,2.61375637526568,"KEGG_MEDICUS_PATHOGEN_EBV_LMP1_TO_NFKB_SIGNALING_PATHWAY","Filtered"
0.40650174660789,2.30258778737534,"KEGG_MEDICUS_PATHOGEN_EBV_LMP1_TO_PI3K_SIGNALING_PATHWAY","Filtered"
-0.3041340024077,2.27446137877222,"KEGG_MEDICUS_PATHOGEN_EBV_LMP2A_TO_PI3K_SIGNALING_PATHWAY","Filtered"
-0.285307330075356,2.02440463992152,"KEGG_MEDICUS_PATHOGEN_ESCHERICHIA_EAE_TIR_TCCP_TO_ACTIN_SIGNALING_PATHWAY","Filtered"
-0.282296548819509,2.32140506140745,"KEGG_MEDICUS_PATHOGEN_ESCHERICHIA_EAE_TIR_TO_ACTIN_SIGNALING_PATHWAY","Filtered"
-0.417393563677525,2.07638944220221,"KEGG_MEDICUS_PATHOGEN_ESCHERICHIA_ESPG_TO_MICROTUBULE_RHOA_SIGNALING_PATHWAY","Filtered"
-0.524153046137868,2.34843782661803,"KEGG_MEDICUS_PATHOGEN_ESCHERICHIA_ESPJ_TO_IGG_FCGR_RAC_SIGNALING_PATHWAY","Filtered"
-0.438088543512673,2.09897046269714,"KEGG_MEDICUS_PATHOGEN_ESCHERICHIA_ESPT_TO_RAC_SIGNALING_PATHWAY","Filtered"
-0.361178326116301,2.06461960114944,"KEGG_MEDICUS_PATHOGEN_ESCHERICHIA_MAP_TO_CDC42_SIGNALING_PATHWAY","Filtered"
0.136012669370525,2.01393347887083,"KEGG_MEDICUS_PATHOGEN_ESCHERICHIA_MAP_TO_LPA_GNA12_13_RHOA_SIGNALING_PATHWAY","Filtered"
0.07336074732191,1.92700831686359,"KEGG_MEDICUS_PATHOGEN_ESCHERICHIA_TIR_TO_TLR2_4_MAPK_SIGNALING_PATHWAY","Filtered"
-0.323634580452071,2.44721775738122,"KEGG_MEDICUS_PATHOGEN_HBV_HBX_TO_CREB_MEDIATED_TRANSCRIPTION","Filtered"
0.135970104935416,1.83851721387339,"KEGG_MEDICUS_PATHOGEN_HBV_HBX_TO_ERK_SIGNALING_PATHWAY","Filtered"
-0.291115877611996,2.26373434598746,"KEGG_MEDICUS_PATHOGEN_HBV_HBX_TO_RAS_ERK_SIGNALING_PATHWAY","Filtered"
0.207831442889229,1.93522444255596,"KEGG_MEDICUS_PATHOGEN_HBV_LHBS_TO_PKC_ERK_SIGNALING_PATHWAY","Filtered"
-0.367398402989695,2.25842199495314,"KEGG_MEDICUS_PATHOGEN_HCMV_GB_TO_PDGFR_RAS_ERK_SIGNALING_PATHWAY","Filtered"
-0.304829750037277,2.0305948213935,"KEGG_MEDICUS_PATHOGEN_HCMV_GH_TO_ITGA_B_RHOA_SIGNALING_PATHWAY","Filtered"
0.0246517242320812,2.03958285888163,"KEGG_MEDICUS_PATHOGEN_HCMV_UL33_TO_GNAI_AC_PKA_SIGNALING_PATHWAY","Filtered"
0.43928332542997,2.03023456179725,"KEGG_MEDICUS_PATHOGEN_HCMV_UL33_TO_GNAQ_PLCB_G_CALCINEURIN_SIGNALING_PATHWAY","Filtered"
-0.365628388908712,2.70066877404708,"KEGG_MEDICUS_PATHOGEN_HCMV_UL33_TO_GNB_G_RHO_SIGNALING_PATHWAY","Filtered"
0.167506850046367,1.97548432839425,"KEGG_MEDICUS_PATHOGEN_HCMV_US27_TO_CXCR4_GNB_G_PLCB_PKC_SIGNALING_PATHWAY","Filtered"
0.131004389472608,1.91204829281909,"KEGG_MEDICUS_PATHOGEN_HCMV_US28_TO_GNA12_13_RHO_SIGNALING_PATHWAY","Filtered"
0.253213292775949,1.92116580834906,"KEGG_MEDICUS_PATHOGEN_HCMV_US28_TO_GNAQ_PLCB_G_CALCINEURIN_SIGNALING_PATHWAY","Filtered"
0.122975348933817,1.82401842985535,"KEGG_MEDICUS_PATHOGEN_HCMV_US28_TO_GNB_G_PI3K_NFKB_SIGNALING_PATHWAY","Filtered"
-0.495154022844971,3.24908265694302,"KEGG_MEDICUS_PATHOGEN_HCV_CORE_TO_ERK_SIGNALING_PATHWAY","Filtered"
-0.274559257589935,2.83704927938349,"KEGG_MEDICUS_PATHOGEN_HCV_CORE_TO_RXRA_LXRA_MEDIATED_TRANSCRIPTION","Filtered"
-0.302675115311979,2.5255205245923,"KEGG_MEDICUS_PATHOGEN_HCV_CORE_TO_RXRA_PPARA_MEDIATED_TRANSCRIPTION","Filtered"
-0.0528198246624424,2.02389660761714,"KEGG_MEDICUS_PATHOGEN_HIV_GP120_TO_CXCR4_GNAI_PI3K_BAD_SIGNALING_PATHWAY","Filtered"
0.369948274110771,2.52195486449472,"KEGG_MEDICUS_PATHOGEN_HIV_GP120_TO_CXCR4_GNAQ_PLCB_G_CALCINEURIN","Filtered"
-0.0149158795251968,2.37278261608084,"KEGG_MEDICUS_PATHOGEN_HIV_GP120_TO_CXCR4_GNB_G_RAC_SIGNALING_PATHWAY","Filtered"
0.0403140880233489,2.48864240179649,"KEGG_MEDICUS_PATHOGEN_HIV_GP120_TO_TNF_NFKB_SIGNALING_PATHWAY","Filtered"
-0.0910631289688254,2.25091714887569,"KEGG_MEDICUS_PATHOGEN_HIV_NEF_TO_TNF_NFKB_SIGNALING_PATHWAY","Filtered"
-0.424251622557707,2.08979281805829,"KEGG_MEDICUS_PATHOGEN_HIV_TAT_NEF_TO_CROSSTALK_BETWEEN_EXTRINSIC_AND_INTRINSIC_APOPTOTIC_PATHWAYS","Filtered"
-0.215932974501534,2.34554182284434,"KEGG_MEDICUS_PATHOGEN_HIV_TAT_TO_TLR2_4_NFKB_SIGNALING_PATHWAY","Filtered"
0.326341158976451,2.29527617546061,"KEGG_MEDICUS_PATHOGEN_HIV_VPR_TAT_TO_TNF_JNK_SIGNALING_PATHWAY","Filtered"
-0.253454676922075,1.92274475851599,"KEGG_MEDICUS_PATHOGEN_HIV_VPR_TO_CDC25_CELL_CYCLE_G2M","Filtered"
-0.33316171641788,1.84655246453449,"KEGG_MEDICUS_PATHOGEN_HIV_VPR_TO_WEE1_CELL_CYCLE_G2M","Filtered"
-0.427408264543072,1.97111025585819,"KEGG_MEDICUS_PATHOGEN_HPV_E5_TO_ANTIGEN_PROCESSING_AND_PRESENTATION_BY_MHC_CLASS_I_MOLECULES","Filtered"
-0.438588090978232,2.17811101350473,"KEGG_MEDICUS_PATHOGEN_HPV_E5_TO_EGFR_RAS_ERK_SIGNALING_PATHWAY","Filtered"
0.434799672015678,2.25529581863787,"KEGG_MEDICUS_PATHOGEN_HPV_E6_TO_NOTCH_SIGNALING_PATHWAY_N00380","Filtered"
0.419304362396965,1.94500479660163,"KEGG_MEDICUS_PATHOGEN_HPV_E6_TO_NOTCH_SIGNALING_PATHWAY_N00381","Filtered"
0.302108827558624,2.06396742329872,"KEGG_MEDICUS_PATHOGEN_HPV_E6_TO_NOTCH_SIGNALING_PATHWAY_N00382","Filtered"
-0.0768071138295158,2.03823765661496,"KEGG_MEDICUS_PATHOGEN_HPV_E7_TO_CELL_CYCLE_G1_S","Filtered"
-0.225775552110333,1.85904006281331,"KEGG_MEDICUS_PATHOGEN_HPV_E7_TO_P27_CELL_CYCLE_G1_S","Filtered"
-0.321799344942122,2.43499377084644,"KEGG_MEDICUS_PATHOGEN_HSV_GD_TO_HVEM_NFKB_SIGNALING_PATHWAY","Filtered"
-0.470621786900993,2.18245896281678,"KEGG_MEDICUS_PATHOGEN_HTLV_1_P12_TO_ANTIGEN_PROCESSING_AND_PRESENTATION_BY_MHC_CLASS_I_MOLECULES","Filtered"
0.400034705503568,2.18657033369754,"KEGG_MEDICUS_PATHOGEN_HTLV_1_P12_TO_JAK_STAT_SIGNALING_PATHWAY","Filtered"
-0.440156174719217,2.39486176715947,"KEGG_MEDICUS_PATHOGEN_HTLV_1_TAX_TO_E47_MEDIATED_TRANSCRIPTION","Filtered"
-0.109983031021873,1.9358363482989,"KEGG_MEDICUS_PATHOGEN_HTLV_1_TAX_TO_NFY_MEDIATED_TRANSCRIPTION","Filtered"
-0.0947697748990887,1.95966111740605,"KEGG_MEDICUS_PATHOGEN_HTLV_1_TAX_TO_P21_CELL_CYCLE_G1_S_N00497","Filtered"
-0.233106554520175,1.95164228143652,"KEGG_MEDICUS_PATHOGEN_HTLV_1_TAX_TO_P21_CELL_CYCLE_G1_S_N00498","Filtered"
-0.0174311380346221,1.69995305142614,"KEGG_MEDICUS_PATHOGEN_HTLV_1_TAX_TO_SPINDLE_ASSEMBLY_CHECKPOINT_SIGNALING","Filtered"
-0.0730817472935182,1.82173996818186,"KEGG_MEDICUS_PATHOGEN_HTLV_1_TAX_TO_SRF_MEDIATED_TRANSCRIPTION","Filtered"
0.00961455101617667,2.04351181036653,"KEGG_MEDICUS_PATHOGEN_HTLV_1_TAX_TO_TNF_JNK_SIGNALING_PATHWAY","Filtered"
-0.211665254149291,2.48804184019584,"KEGG_MEDICUS_PATHOGEN_KSHV_K15_TO_TNF_NFKB_SIGNALING_PATHWAY","Filtered"
0.355399854885733,2.4358311714596,"KEGG_MEDICUS_PATHOGEN_KSHV_LANA_TO_WNT_SIGNALING_PATHWAY","Filtered"
-0.337253206347111,2.00626325545945,"KEGG_MEDICUS_PATHOGEN_KSHV_MIR1_2_TO_ANTIGEN_PROCESSING_AND_PRESENTATION_BY_MHC_CLASS_I_MOLECULES","Filtered"
-0.642554237184292,2.40444150622838,"KEGG_MEDICUS_PATHOGEN_KSHV_MIR2_TO_CELL_SURFACE_MOLECULE_ENDOCYTOSIS","Filtered"
-0.270452422265671,2.09180115850753,"KEGG_MEDICUS_PATHOGEN_KSHV_VCYCLIN_TO_CELL_CYCLE_G1_S","Filtered"
-0.489533590517749,2.77784392577108,"KEGG_MEDICUS_PATHOGEN_KSHV_VFLIP_TO_NFKB_SIGNALING_PATHWAY","Filtered"
-0.166790262245558,2.42550062640568,"KEGG_MEDICUS_PATHOGEN_KSHV_VFLIP_TO_TNF_NFKB_SIGNALING_PATHWAY","Filtered"
-0.0142286211899109,2.07954860070005,"KEGG_MEDICUS_PATHOGEN_KSHV_VGPCR_TO_GNB_G_ERK_SIGNALING_PATHWAY","Filtered"
-0.0253101228860738,2.12397007164621,"KEGG_MEDICUS_PATHOGEN_KSHV_VGPCR_TO_GNB_G_PI3K_AKT_SIGNALING_PATHWAY","Filtered"
-0.213477829863389,2.45512396878476,"KEGG_MEDICUS_PATHOGEN_KSHV_VGPCR_TO_GNB_G_PI3K_JNK_SIGNALING_PATHWAY","Filtered"
0.104623708030762,2.15338405409776,"KEGG_MEDICUS_PATHOGEN_SALMONELLA_AVRA_TO_BETA_CATENIN_SIGNALING_PATHWAY","Filtered"
-0.0760931915500263,1.93851198142687,"KEGG_MEDICUS_PATHOGEN_SALMONELLA_SIFA_TO_MICROTUBULE_PLUS_END_DIRECTED_TRANSPORT","Filtered"
-0.0904136231006962,1.90779813850509,"KEGG_MEDICUS_PATHOGEN_SALMONELLA_SIFA_TO_TETHERING_OF_LATE_ENDOSOMES_AND_LYSOSOMES","Filtered"
-0.375458112947663,1.91473815796743,"KEGG_MEDICUS_PATHOGEN_SALMONELLA_SOPB_TO_ARNO_ARF_ACTB_G_SIGNALING_PATHWAY","Filtered"
-0.640809096804979,2.8170106393091,"KEGG_MEDICUS_PATHOGEN_SALMONELLA_SOPB_TO_RHOA_SIGNALING_PATHWAY","Filtered"
0.232089678171288,2.30662006565668,"KEGG_MEDICUS_PATHOGEN_SALMONELLA_SOPB_TO_RHOG_SIGNALING_PATHWAY","Filtered"
-0.714248273995935,3.58484301880466,"KEGG_MEDICUS_PATHOGEN_SALMONELLA_SOPE_E2_TO_NOD_NFKB_SIGNALING_PATHWAY","Filtered"
-0.384675338734844,2.08835930274497,"KEGG_MEDICUS_PATHOGEN_SALMONELLA_SOPE_TO_RAC_SIGNALING_PATHWAY","Filtered"
-0.490999880294908,2.27853407389617,"KEGG_MEDICUS_PATHOGEN_SALMONELLA_SPVD_TO_TNF_NFKB_SIGNALING_PATHWAY","Filtered"
-0.0653706981732154,1.89067658450688,"KEGG_MEDICUS_PATHOGEN_SARS_COV_2_S_N_TO_LECTIN_PATHWAY_OF_COAGULATION_CASCADE","Filtered"
-0.283016233417712,2.16736689721365,"KEGG_MEDICUS_PATHOGEN_SARS_COV_2_S_TO_ANGII_AT1R_NOX2_SIGNALING_PATHWAY","Filtered"
-0.332207220977694,1.70902866473418,"KEGG_MEDICUS_PATHOGEN_SARS_COV_2_S_TO_CLASSICAL_PATHWAY_OF_COMPLEMENT_CASCADE","Filtered"
0.0746444582564181,2.17453106148456,"KEGG_MEDICUS_PATHOGEN_SHIGELLA_FIMA_TO_CROSSTALK_BETWEEN_EXTRINSIC_AND_INTRINSIC_APOPTOTIC_PATHWAYS","Filtered"
-0.65796862617103,2.57446105265739,"KEGG_MEDICUS_PATHOGEN_SHIGELLA_IPAA_TO_ITGA_B_RHOGEF_RHOA_SIGNALING_PATHWAY","Filtered"
-0.173118551816181,1.69395329755128,"KEGG_MEDICUS_PATHOGEN_SHIGELLA_IPAB_C_D_TO_ITGA_B_TALIN_VINCULIN_SIGNALING_PATHWAY","Filtered"
-0.23424381208798,1.92997616710536,"KEGG_MEDICUS_PATHOGEN_SHIGELLA_IPAC_TO_ACTIN_SIGNALING_PATHWAY","Filtered"
-0.341614782863586,1.74932026884018,"KEGG_MEDICUS_PATHOGEN_SHIGELLA_IPAH7.8_TO_NLRP3_INFLAMMASOME_SIGNALING_PATHWAY","Filtered"
0.648450319285601,3.42845292256493,"KEGG_MEDICUS_PATHOGEN_SHIGELLA_IPGB1_TO_ITGA_B_RHOG_RAC_SIGNALING_PATHWAY","Filtered"
-0.336403277785657,1.85913292263226,"KEGG_MEDICUS_PATHOGEN_SHIGELLA_IPGD_TO_ARNO_ARF_ACTB_G_SIGNALING_PATHWAY","Filtered"
-0.121768531080898,2.47946075673199,"KEGG_MEDICUS_PATHOGEN_SHIGELLA_OSPF_TO_TLR2_4_MAPK_SIGNALING_PATHWAY","Filtered"
-0.298524163307261,2.27743778211641,"KEGG_MEDICUS_PATHOGEN_SHIGELLA_OSPG_TO_TNF_NFKB_SIGNALING_PATHWAY","Filtered"
-0.199629666236881,2.09116633948853,"KEGG_MEDICUS_PATHOGEN_YERSINIA_YOPH_TO_TCR_NFAT_SIGNALING_PATHWAY","Filtered"
0.304937911790898,2.23657585344427,"KEGG_MEDICUS_PATHOGEN_YERSINIA_YOPP_J_TO_TLR2_4_MAPK_SIGNALING_PATHWAY","Filtered"
-0.642112347625174,1.91708161541013,"KEGG_MEDICUS_REFERENCE_26S_PROTEASOME_MEDIATED_PROTEIN_DEGRADATION","Retained"
-0.277243261357967,1.91586815526216,"KEGG_MEDICUS_REFERENCE_ACH_CHRN_PI3K_SIGNALING_PATHWAY","Filtered"
-0.0996666391401037,2.77052474348729,"KEGG_MEDICUS_REFERENCE_ACH_CHRN_RAS_ERK_SIGNALING_PATHWAY","Filtered"
0.357353857013213,2.23500342203647,"KEGG_MEDICUS_REFERENCE_ACTH_CORTISOL_SIGNALING_PATHWAY","Filtered"
-0.0575012694633683,2.10249701601818,"KEGG_MEDICUS_REFERENCE_ACTIVATION_OF_PRC2.2_BY_UBIQUITINATION_OF_H2AK119","Filtered"
0.206276919194594,2.07370715329502,"KEGG_MEDICUS_REFERENCE_ACTIVATION_OF_PRC2.2_BY_UBIQUITINATION_OF_H2AK119_IN_GERMLINE_GENES","Filtered"
-0.0490023880727796,2.49289127622734,"KEGG_MEDICUS_REFERENCE_ACTIVIN_SIGNALING_PATHWAY","Filtered"
0.279045186295476,2.45001115956795,"KEGG_MEDICUS_REFERENCE_ADRB3_UCP1_SIGNALING_PATHWAY","Filtered"
-0.268196968419028,2.09399526925248,"KEGG_MEDICUS_REFERENCE_AGE_RAGE_SIGNALING_PATHWAY","Filtered"
0.167860569172752,2.63772398492247,"KEGG_MEDICUS_REFERENCE_AHR_SIGNALING_PATHWAY","Filtered"
-0.17641061718459,1.9070586424518,"KEGG_MEDICUS_REFERENCE_ALTERNATIVE_PATHWAY_OF_COMPLEMENT_CASCADE_C3B_BREAKDOWN","Filtered"
0.128284393958984,2.4278640414046,"KEGG_MEDICUS_REFERENCE_AMH_SIGNALING_PATHWAY","Filtered"
-0.0106412514771154,2.26607557258428,"KEGG_MEDICUS_REFERENCE_ANGII_AT1R_NOX2_SIGNALING_PATHWAY","Filtered"
-0.445525164341888,2.61132905191011,"KEGG_MEDICUS_REFERENCE_ANGIOTENSIN_ALDOSTERONE_SIGNALING_PATHWAY","Filtered"
-0.0303531905654837,1.93770199358236,"KEGG_MEDICUS_REFERENCE_ANTEROGRADE_AXONAL_TRANSPORT","Filtered"
-0.179586060414175,2.00783057190501,"KEGG_MEDICUS_REFERENCE_ANTIGEN_PROCESSING_AND_PRESENTATION_BY_MHC_CLASS_II_MOLECULES","Filtered"
-0.225223980597162,1.98648766561412,"KEGG_MEDICUS_REFERENCE_ANTIGEN_PROCESSING_AND_PRESENTATION_BY_MHC_CLASS_I_MOLECULES","Filtered"
-0.189297723375718,1.69996496714759,"KEGG_MEDICUS_REFERENCE_ANXA2_S100A10_REGULATED_ACTIN_CYTOSKELETON","Filtered"
0.0923232966224606,2.06931966111208,"KEGG_MEDICUS_REFERENCE_AREG_EGFR_PI3K_SIGNALING_PATHWAY","Filtered"
-0.376615928689929,2.25937309255975,"KEGG_MEDICUS_REFERENCE_AREG_EGFR_RAS_ERK_SIGNALING_PATHWAY","Filtered"
-0.0717225017997121,2.54578201994433,"KEGG_MEDICUS_REFERENCE_ARL8_REGULATED_MICROTUBULE_PLUS_END_DIRECTED_TRANSPORT","Filtered"
-0.347177932769131,1.83110995565436,"KEGG_MEDICUS_REFERENCE_ARNO_ARF_ACTB_G_SIGNALING_PATHWAY","Filtered"
-0.641336998206031,2.27321090612025,"KEGG_MEDICUS_REFERENCE_ASSEMBLY_AND_TRAFFICKING_OF_TELOMERASE","Filtered"
-0.0332366138410497,1.90490910899975,"KEGG_MEDICUS_REFERENCE_ATR_P21_CELL_CYCLE_G2_M","Filtered"
-0.505828349821553,2.2457522474812,"KEGG_MEDICUS_REFERENCE_ATR_SIGNALING","Filtered"
0.0255721379290953,1.90872052426351,"KEGG_MEDICUS_REFERENCE_AUTOPHAGOSOME_AND_LYSOSOME_FUSION_TETHERING_FACTOR","Filtered"
-0.501783551821595,2.604896579293,"KEGG_MEDICUS_REFERENCE_AUTOPHAGOSOME_AND_LYSOSOME_FUSION_TETHERING_FACTOR_GRASP55","Filtered"
0.091984262581146,2.38217438739959,"KEGG_MEDICUS_REFERENCE_AUTOPHAGOSOME_AND_LYSOSOME_FUSION_TRANS_SNARE","Filtered"
-0.190752644071135,2.4118546062469,"KEGG_MEDICUS_REFERENCE_AUTOPHAGY_VESICLE_NUCLEATION_ELONGATION_MATURATION_E3_UBIQUITIN_LIGASE_MALIN","Filtered"
-0.45813381302065,2.21399478038892,"KEGG_MEDICUS_REFERENCE_AUTOPHAGY_VESICLE_NUCLEATION_ELONGATION_MATURATION_LC3_II_FORMATION","Filtered"
0.441757634530135,2.01906648127095,"KEGG_MEDICUS_REFERENCE_AUTOPHAGY_VESICLE_NUCLEATION_ELONGATION_MATURATION_MTORC1_PI3KC3_C1","Filtered"
0.0332186826234298,1.89609919493017,"KEGG_MEDICUS_REFERENCE_AUTOPHAGY_VESICLE_NUCLEATION_ELONGATION_MATURATION_PACER_RUBCN_PI3KC3_C2","Filtered"
0.209497872653104,2.04776779673537,"KEGG_MEDICUS_REFERENCE_AUTOPHAGY_VESICLE_NUCLEATION_ELONGATION_MATURATION_PI3P_SYNTHESIS_BY_PI3KC3_C1","Filtered"
-0.562626807461949,2.56205572361226,"KEGG_MEDICUS_REFERENCE_AUTOPHAGY_VESICLE_NUCLEATION_ELONGATION_MATURATION_SEQUESTOSOME_1_LIKE_RECEPTOR","Filtered"
0.447210230868778,2.54399407582744,"KEGG_MEDICUS_REFERENCE_AVP_V2R_PKA_SIGNALING_PATHWAY","Filtered"
-0.389154389446376,2.10361182140718,"KEGG_MEDICUS_REFERENCE_BASE_EXCISION_AND_STRAND_CLEAVAGE_BY_BIFUNCTIONAL_GLYCOSYLASE","Filtered"
-0.523598391791207,2.17232652297276,"KEGG_MEDICUS_REFERENCE_BASE_EXCISION_AND_STRAND_CLEAVAGE_BY_MONOFUNCTIONAL_GLYCOSYLASE","Filtered"
0.210342580095158,1.88550600295475,"KEGG_MEDICUS_REFERENCE_BASE_EXCISION_AND_STRAND_CLEAVAGE_BY_NEIL_GLYCOSYLASE","Filtered"
-0.124447066404427,2.2881613594592,"KEGG_MEDICUS_REFERENCE_BCR_BCAP_CD19_PI3K_SIGNALING_PATHWAY","Filtered"
-0.120536749108953,2.19365361474569,"KEGG_MEDICUS_REFERENCE_BCR_PLCG_CALCINEURIN_SIGNALING_PATHWAY","Filtered"
0.0904839238947208,1.99137338835453,"KEGG_MEDICUS_REFERENCE_BCR_PLCG_ITPR_SIGNALING_PATHWAY","Filtered"
-0.136777641442536,2.08684480874835,"KEGG_MEDICUS_REFERENCE_BETA_OXIDATION","Filtered"
0.041782047841063,2.20114092262384,"KEGG_MEDICUS_REFERENCE_BETA_OXIDATION_ACYL_COA_SYNTHESIS","Filtered"
0.328079836479506,1.78205969432634,"KEGG_MEDICUS_REFERENCE_BETA_OXIDATION_PEROXISOME_VLCFA","Retained"
-0.1918181837156,1.95283842724174,"KEGG_MEDICUS_REFERENCE_BILE_ACID_BIOSYNTHESIS","Filtered"
0.0117352165471259,2.33304227919,"KEGG_MEDICUS_REFERENCE_BLOCKING_UBIQUITINATION_OF_H2AK119_BY_CK2","Filtered"
0.34859443806121,2.16964605521479,"KEGG_MEDICUS_REFERENCE_BLOOD_GROUP_H_O_ANTIGEN_TYPE_1_BIOSYNTHESIS","Filtered"
-0.131491201285207,2.25924302368338,"KEGG_MEDICUS_REFERENCE_BLOOD_GROUP_H_O_ANTIGEN_TYPE_2_BIOSYNTHESIS","Filtered"
0.136596947688392,2.20056914058914,"KEGG_MEDICUS_REFERENCE_BMP15_SIGNALING_PATHWAY","Filtered"
0.215629962836738,1.75205715561506,"KEGG_MEDICUS_REFERENCE_BMP9_10_SIGNALING_PATHWAY","Filtered"
0.0771066008299871,1.85648166072983,"KEGG_MEDICUS_REFERENCE_BMP_HAMP_SIGNALING_PATHWAY","Filtered"
-0.118173066967241,2.34395228089658,"KEGG_MEDICUS_REFERENCE_BMP_HAMP_SIGNALING_PATHWAY_AUXILIARY_FACTOR","Filtered"
4.08073880588217e-05,1.88846585395719,"KEGG_MEDICUS_REFERENCE_BMP_SIGNALING_PATHWAY","Filtered"
0.0910093055627273,2.0558871898678,"KEGG_MEDICUS_REFERENCE_BMP_SIGNALING_PATHWAY_BMP_ANTAGONIST","Filtered"
0.309463714518445,2.03402470066544,"KEGG_MEDICUS_REFERENCE_BRANCHING_MICROTUBULE_NUCLEATION","Filtered"
-0.264595143180615,1.73810939276731,"KEGG_MEDICUS_REFERENCE_BREAK_INDUCED_REPLICATION","Filtered"
-0.354948490541425,2.19662147630233,"KEGG_MEDICUS_REFERENCE_C9ORF72_MEDIATED_AUTOPHAGY_INITIATION","Filtered"
-0.0251574599363428,2.71593340861012,"KEGG_MEDICUS_REFERENCE_CA2_CAM_CAMK_SIGNALING_PATHWAY","Filtered"
0.141635010413178,2.15137945263489,"KEGG_MEDICUS_REFERENCE_CA2_CAM_CN_SIGNALING_PATHWAY","Filtered"
0.0830920941345338,1.7976301514154,"KEGG_MEDICUS_REFERENCE_CA2_CAM_VGCC_RYR_SIGNALING_PATHWAY","Filtered"
-0.123895454455133,1.72591771492752,"KEGG_MEDICUS_REFERENCE_CA2_ENTRY_LIGAND_GATED_CA2_CHANNEL","Filtered"
-0.446414033324463,2.24379600626041,"KEGG_MEDICUS_REFERENCE_CA2_ENTRY_STORE_OPERATED_CA2_CHANNEL","Retained"
0.539232720951618,3.09428196053568,"KEGG_MEDICUS_REFERENCE_CA2_ENTRY_VOLTAGE_GATED_CA2_CHANNEL","Filtered"
0.00978849059579204,2.36156641194753,"KEGG_MEDICUS_REFERENCE_CA2_PLCD_ITPR_SIGNALING_PATHWAY","Filtered"
-0.193605179052937,1.9198643295795,"KEGG_MEDICUS_REFERENCE_CA2_PYK2_RAS_ERK_SIGNALING_PATHWAY","Filtered"
0.494279098160918,2.81871479979591,"KEGG_MEDICUS_REFERENCE_CARDIAC_TYPE_VGCC_RYR_SIGNALING","Filtered"
0.361164711477866,1.87780894023149,"KEGG_MEDICUS_REFERENCE_CASR_PTH_SIGNALING_PATHWAY","Filtered"
0.101742839728392,1.93118320809191,"KEGG_MEDICUS_REFERENCE_CCR2_GNB_G_PI3K_NFKB_SIGNALING_PATHWAY","Filtered"
-0.00934102319882638,2.3633719493749,"KEGG_MEDICUS_REFERENCE_CCR5_GNB_G_PLCB_G_PKC_SIGNALING_PATHWAY","Filtered"
-0.499805676868049,2.55158612268872,"KEGG_MEDICUS_REFERENCE_CCR_CXCR_GNB_G_PI3K_RAC_SIGNALING_PATHWAY","Filtered"
-0.0481066889158617,1.65940960057139,"KEGG_MEDICUS_REFERENCE_CD40_NFKB_SIGNALING_PATHWAY","Filtered"
-0.0880317823676892,1.78219744042922,"KEGG_MEDICUS_REFERENCE_CD80_CD86_CD28_PI3K_SIGNALING_PATHWAY","Filtered"
-0.299748599527223,2.27379964260928,"KEGG_MEDICUS_REFERENCE_CD80_CD86_CTLA4_PP2A_SIGNALING_PATHWAY","Filtered"
-0.134366806282932,1.66497155920476,"KEGG_MEDICUS_REFERENCE_CDC25_CELL_CYCLE_G2_M","Filtered"
-0.314442644780515,1.56111299578774,"KEGG_MEDICUS_REFERENCE_CENPE_INTERACTION_WITH_NDC80_COMPLEX","Retained"
0.316817814932836,2.3630422447722,"KEGG_MEDICUS_REFERENCE_CGAS_STING_SIGNALING_PATHWAY","Filtered"
-0.165236794753835,1.98243268161297,"KEGG_MEDICUS_REFERENCE_CHOLESTEROL_BIOSYNTHESIS","Filtered"
0.481127235432992,2.40086375456579,"KEGG_MEDICUS_REFERENCE_CHONDROITIN_SULFATE_BIOSYNTHESIS","Filtered"
-0.312296803390659,2.16529035867528,"KEGG_MEDICUS_REFERENCE_CHRNA7_E2F_SIGNALING_PATHWAY","Filtered"
-0.381272696126139,2.71590191229843,"KEGG_MEDICUS_REFERENCE_CITRATE_CYCLE_FIRST_CARBON_OXIDATION","Filtered"
-0.874524212354727,2.93583768540133,"KEGG_MEDICUS_REFERENCE_CITRATE_CYCLE_SECOND_CARBON_OXIDATION_2","Filtered"
-0.173335668967723,1.87181159665268,"KEGG_MEDICUS_REFERENCE_CLASSICAL_PATHWAY_OF_COMPLEMENT_CASCADE_C4_C2_TO_C3_CONVERTASE_FORMATION","Filtered"
0.692467220735923,2.35738699000463,"KEGG_MEDICUS_REFERENCE_COHESIN_ACETYLATION","Retained"
-0.0309691845217744,1.71878892653518,"KEGG_MEDICUS_REFERENCE_COHESIN_DISSOCIATION_IN_ANAPHASE","Filtered"
-0.440750259903933,2.58047598278558,"KEGG_MEDICUS_REFERENCE_COHESIN_DISSOCIATION_IN_PROPHASE","Filtered"
0.479003611707404,2.16670492474193,"KEGG_MEDICUS_REFERENCE_COHESIN_LOADING","Filtered"
0.225187851728147,2.06728351592849,"KEGG_MEDICUS_REFERENCE_COMMON_PATHWAY_OF_COMPLEMENT_CASCADE_MAC_FORMATION","Filtered"
-0.146335018859907,1.92282123577625,"KEGG_MEDICUS_REFERENCE_CONDENSIN_LOADING","Filtered"
-0.440569763504108,2.46670698260298,"KEGG_MEDICUS_REFERENCE_COPII_VESICLE_FORMATION","Filtered"
-0.929422862686966,3.50172371315996,"KEGG_MEDICUS_REFERENCE_COPI_VESICLE_FORMATION","Filtered"
-0.174398233268059,1.92539578051452,"KEGG_MEDICUS_REFERENCE_CORE_NER_REACTION","Filtered"
-0.302971300332493,1.97361398578322,"KEGG_MEDICUS_REFERENCE_CREATINE_PATHWAY","Filtered"
0.297901816634924,2.59849461027004,"KEGG_MEDICUS_REFERENCE_CRHR_PKA_ACTH_SIGNALING_PATHWAY","Filtered"
-0.674003334383339,2.73459860777165,"KEGG_MEDICUS_REFERENCE_CROSSTALK_BETWEEN_EXTRINSIC_AND_INTRINSIC_APOPTOTIC_PATHWAYS","Filtered"
0.230199696534033,1.82858436377517,"KEGG_MEDICUS_REFERENCE_CX3CR1_GNAI_AC_PKA_SIGNALING_PATHWAY","Filtered"
0.526961473972308,2.57491687597782,"KEGG_MEDICUS_REFERENCE_CXCL12_CXCR4_PKC_ERK_SIGNALING_PATHAWAY","Filtered"
0.26972064754229,2.08771472405487,"KEGG_MEDICUS_REFERENCE_CXCR4_GNA12_13_RHO_SIGNALING_PATHWAY","Filtered"
-0.0170487158086532,2.04897376408973,"KEGG_MEDICUS_REFERENCE_CXCR4_GNAI_PI3K_BAD_SIGNALING_PATHWAY","Filtered"
0.397684011781155,2.0560245075261,"KEGG_MEDICUS_REFERENCE_CXCR4_GNAQ_PLCB_G_CALCINEURIN_SIGNALING_PATHWAY","Filtered"
-0.227504790624869,2.19551440699543,"KEGG_MEDICUS_REFERENCE_CXCR4_GNB_G_PLCB_PKC_SIGNALING_PATHWAY","Filtered"
-0.040083691019334,2.27758196145355,"KEGG_MEDICUS_REFERENCE_CXCR4_GNB_G_RAC_SIGNALING_PATHWAY","Filtered"
-0.342881379893379,2.24935576049287,"KEGG_MEDICUS_REFERENCE_CXCR_GNB_G_ERK_SIGNALING_PATHWAY","Filtered"
-0.12572468667506,2.08411802307499,"KEGG_MEDICUS_REFERENCE_CXCR_GNB_G_PI3K_AKT_SIGNALING_PATHWAY","Filtered"
0.0458383423579521,1.84899768550174,"KEGG_MEDICUS_REFERENCE_CYTOKINE_JAK_STAT_SIGNALING_PATHWAY","Filtered"
-0.326326867479819,1.60771151947816,"KEGG_MEDICUS_REFERENCE_DEPHOSPHORYLATION_OF_KINETOCHORE","Retained"
-0.263854086703214,2.23842604490844,"KEGG_MEDICUS_REFERENCE_DERMATAN_SULFATE_DEGRADATION","Filtered"
0.436818481778501,1.95455643910512,"KEGG_MEDICUS_REFERENCE_DEUBIQUITINATION_OF_H2AK119","Filtered"
-0.0813116704656908,1.62328303889562,"KEGG_MEDICUS_REFERENCE_DISASSEMBLY_OF_MCC","Filtered"
0.221147862692696,2.28485687689803,"KEGG_MEDICUS_REFERENCE_DNA_DEGRADATION_BY_EXTRACELLULAR_ENDOLYSOSOMAL_DNASE","Filtered"
-0.268497955632192,2.23129691689991,"KEGG_MEDICUS_REFERENCE_DNA_END_RESECTION_AND_RPA_LOADING","Filtered"
-0.373562907497426,1.77423882480075,"KEGG_MEDICUS_REFERENCE_DNA_REPLICATION_LICENSING","Filtered"
-0.353902289029416,1.80520607848975,"KEGG_MEDICUS_REFERENCE_DNA_REPLICATION_TERMINATION","Filtered"
0.671267707138113,2.96027868337627,"KEGG_MEDICUS_REFERENCE_DOUBLE_HOLLIDAY_JUNCTION_RESOLUTION","Filtered"
0.847698597705354,2.72959873142778,"KEGG_MEDICUS_REFERENCE_DOUBLE_STRAND_BREAK_SIGNALING","Filtered"
0.0612536731219893,2.45610182627062,"KEGG_MEDICUS_REFERENCE_DRD1_GNAS_AC_PKA_SIGNALING_PATHWAY","Filtered"
-0.891664242718295,4.38114177459495,"KEGG_MEDICUS_REFERENCE_DYNEIN_RECRUITMENT_TO_THE_KINETOCHORE","Filtered"
0.0209701018761562,2.48336558464068,"KEGG_MEDICUS_REFERENCE_E2_ER_RAS_ERK_SIGNALING_PATHWAY","Filtered"
-0.106986588426308,2.11837181742491,"KEGG_MEDICUS_REFERENCE_EARLY_ENDOSOMAL_FUSION","Filtered"
-0.162349036298379,2.1701166194034,"KEGG_MEDICUS_REFERENCE_EGF_EGFR_ACTIN_SIGNALING_PATHWAY","Filtered"
-0.438655497816743,2.22788655186008,"KEGG_MEDICUS_REFERENCE_EGF_EGFR_PI3K_NFKB_SIGNALING_PATHWAY","Filtered"
0.0501008839089439,2.30987364580418,"KEGG_MEDICUS_REFERENCE_EGF_EGFR_PI3K_SIGNALING_PATHWAY","Filtered"
0.474626340354292,2.47204047968636,"KEGG_MEDICUS_REFERENCE_EGF_EGFR_PLCG_CALCINEURIN_SIGNALING_PATHWAY","Filtered"
0.149254469835607,2.24780659700588,"KEGG_MEDICUS_REFERENCE_EGF_EGFR_PLCG_CAMK_SIGNALING_PATHWAY","Filtered"
0.189628480965541,1.94710961122427,"KEGG_MEDICUS_REFERENCE_EGF_EGFR_PLCG_ERK_SIGNALING_PATHWAY","Filtered"
-0.395825761679776,2.06030258737747,"KEGG_MEDICUS_REFERENCE_EGF_EGFR_RAS_ERK_SIGNALING_PATHWAY","Filtered"
0.246029241256304,2.12289333946549,"KEGG_MEDICUS_REFERENCE_EGF_EGFR_RAS_JNK_SIGNALING_PATHWAY","Filtered"
-0.0911467619578191,2.28968056500059,"KEGG_MEDICUS_REFERENCE_EGF_EGFR_RAS_PI3K_SIGNALING_PATHWAY","Filtered"
0.0222274203665261,1.74416385775546,"KEGG_MEDICUS_REFERENCE_EGF_EGFR_RAS_RALGDS_SIGNALING_PATHWAY","Filtered"
0.148413370681035,1.68613403715828,"KEGG_MEDICUS_REFERENCE_EGF_EGFR_RAS_RASSF1_SIGNALING_PATHWAY","Filtered"
-0.443507233636033,2.15886232295983,"KEGG_MEDICUS_REFERENCE_EGF_ERBB2_RAS_ERK_SIGNALING_PATHWAY","Filtered"
-0.0167864655951467,1.86672931443637,"KEGG_MEDICUS_REFERENCE_EGF_JAK_STAT_SIGNALING_PATHWAY","Filtered"
-0.244048817969281,1.61205883875907,"KEGG_MEDICUS_REFERENCE_ELECTRON_TRANSFER_IN_COMPLEX_I","Retained"
-0.362815966608414,1.66349243300512,"KEGG_MEDICUS_REFERENCE_ELECTRON_TRANSFER_IN_COMPLEX_III","Retained"
-0.355958385948973,1.84481338104447,"KEGG_MEDICUS_REFERENCE_ELECTRON_TRANSFER_IN_COMPLEX_IV","Filtered"
0.344250829647125,2.03064130007324,"KEGG_MEDICUS_REFERENCE_EP_NE_ADRB_CAMP_SIGNALING_PATHWAY","Filtered"
0.0934545387421598,2.06838794449706,"KEGG_MEDICUS_REFERENCE_EREG_EGFR_PI3K_SIGNALING_PATHWAY","Filtered"
-0.380406801120896,2.3326142581076,"KEGG_MEDICUS_REFERENCE_EREG_EGFR_RAS_ERK_SIGNALING_PATHWAY","Filtered"
0.433268724005475,1.93297616633246,"KEGG_MEDICUS_REFERENCE_ERK_RSK_SIGNALING","Filtered"
0.121831900563804,1.620585977331,"KEGG_MEDICUS_REFERENCE_ESTABLISHMENT_OF_COHESION","Filtered"
-0.377411471006307,2.77312259646337,"KEGG_MEDICUS_REFERENCE_EXTRINSIC_APOPTOTIC_PATHWAY","Filtered"
-0.296793416057974,1.97585132234565,"KEGG_MEDICUS_REFERENCE_FANCONI_ANEMIA_PATHWAY","Filtered"
-0.467288056521617,2.52940368233637,"KEGG_MEDICUS_REFERENCE_FASLG_RIPK1_3_SIGNALING_PATHWAY","Filtered"
-0.476587145736773,2.65867231532244,"KEGG_MEDICUS_REFERENCE_FAS_JNK_SIGNALING_PATHWAY","Filtered"
-0.938266191096527,3.01945527909904,"KEGG_MEDICUS_REFERENCE_FE3_FERRITIN_TRANSPORT","Retained"
-0.192030214541857,2.38060220655525,"KEGG_MEDICUS_REFERENCE_FE_TF_TRANSPORT","Filtered"
0.0564924063020006,1.94144688542241,"KEGG_MEDICUS_REFERENCE_FGF_FGFR_PI3K_SIGNALING_PATHWAY","Filtered"
0.0971609872828688,1.97816970233045,"KEGG_MEDICUS_REFERENCE_FGF_FGFR_RAS_ERK_SIGNALING_PATHWAY","Filtered"
0.156914482062198,2.08607672027143,"KEGG_MEDICUS_REFERENCE_FLCN_MTORC1_SIGNALING_PATHWAY","Filtered"
-0.20854985007611,2.2106830471652,"KEGG_MEDICUS_REFERENCE_FLT3LG_FLT3_RAS_ERK_SIGNALING_PATHWAY","Filtered"
0.212618332132584,1.95804812321205,"KEGG_MEDICUS_REFERENCE_FLT3LG_FLT3_RAS_PI3K_SIGNALING_PATHWAY","Filtered"
0.382192971328978,2.27904173749998,"KEGG_MEDICUS_REFERENCE_FSHR_GNAS_PKA_SIGNALING_PATHWAY","Filtered"
0.585014680405517,2.42776788811682,"KEGG_MEDICUS_REFERENCE_GATOR1_MTORC1_SIGNALING_PATHWAY","Filtered"
0.0766507192174222,2.14366851975391,"KEGG_MEDICUS_REFERENCE_GENE_SILENCING_BY_METHYLATION_OF_H3K27_AND_UBIQUITINATION_OF_H2AK119","Filtered"
0.303526347404885,2.01484193453467,"KEGG_MEDICUS_REFERENCE_GF_RTK_PI3K_SIGNALING_PATHWAY","Filtered"
0.321825484984373,2.04672448539565,"KEGG_MEDICUS_REFERENCE_GF_RTK_RAS_ERK_SIGNALING_PATHWAY","Filtered"
0.267246233730717,2.00639505054638,"KEGG_MEDICUS_REFERENCE_GF_RTK_RAS_PI3K_SIGNALING_PATHWAY","Filtered"
0.0183669394856787,2.22806348656578,"KEGG_MEDICUS_REFERENCE_GHRHR_PKA_GH_SIGNALING_PATHWAY","Filtered"
0.158666011048533,2.16649129067286,"KEGG_MEDICUS_REFERENCE_GH_JAK_STAT_SIGNALING_PATHWAY","Filtered"
-0.04456331992828,2.16183491633515,"KEGG_MEDICUS_REFERENCE_GLOBAL_GENOME_NER","Filtered"
-0.339336961934721,2.43837817705121,"KEGG_MEDICUS_REFERENCE_GLUCONEOGENESIS","Filtered"
-0.0280875534886434,1.7343655608111,"KEGG_MEDICUS_REFERENCE_GLUTATHIONE_BIOSYNTHESIS","Filtered"
0.0780363353585975,2.76589854860661,"KEGG_MEDICUS_REFERENCE_GLYCOGEN_BIOSYNTHESIS","Filtered"
-0.312109554808834,2.45889638747397,"KEGG_MEDICUS_REFERENCE_GLYCOGEN_DEGRADATION","Filtered"
0.702523308436504,2.78657324739277,"KEGG_MEDICUS_REFERENCE_GLYCOGEN_DEGRADATION_AMYLASE_","Filtered"
-0.178419518540302,1.83902813428225,"KEGG_MEDICUS_REFERENCE_GLYCOLYSIS","Filtered"
0.459440944990651,2.08323031111559,"KEGG_MEDICUS_REFERENCE_GLYCOSAMINOGLYCAN_BIOSYNTHESIS_LINKAGE_TETRASACCHARIDE","Filtered"
0.477770124424551,2.43204921897992,"KEGG_MEDICUS_REFERENCE_GNRH_GNRHR_PLCB_PKC_SIGNALING_PATHWAY","Filtered"
0.0798741418948685,2.56560922442266,"KEGG_MEDICUS_REFERENCE_GPCR_PI3K_SIGNALING_PATHWAY","Filtered"
0.457479048676657,2.38900057948114,"KEGG_MEDICUS_REFERENCE_GPCR_PLCB_ITPR_SIGNALING_PATHWAY","Filtered"
-0.1031923432126,2.27732698317323,"KEGG_MEDICUS_REFERENCE_GPI_ANCHOR_BIOSYNTHESIS","Filtered"
0.527717830489932,2.49655133144297,"KEGG_MEDICUS_REFERENCE_HEDGEHOG_SIGNALING_PATHWAY","Filtered"
0.175148527639379,1.52042243566154,"KEGG_MEDICUS_REFERENCE_HEDGEHOG_SIGNALING_PATHWAY_HH_LIGAND_SECRETION","Retained"
0.257956089581823,2.20197720671055,"KEGG_MEDICUS_REFERENCE_HEDGEHOG_SIGNALING_PATHWAY_PTCH_CORECEPTOR","Filtered"
-0.260335506970959,2.49225692852257,"KEGG_MEDICUS_REFERENCE_HEME_BIOSYNTHESIS","Filtered"
-0.156387655146048,2.23929683699202,"KEGG_MEDICUS_REFERENCE_HEPARAN_SULFATE_BIOSYNTHESIS","Filtered"
0.367862252707882,1.82311165019232,"KEGG_MEDICUS_REFERENCE_HEPARAN_SULFATE_DEGRADATION","Filtered"
0.0479563133993406,2.03109547152492,"KEGG_MEDICUS_REFERENCE_HGF_MET_PI3K_SIGNALING_PATHWAY","Filtered"
-0.340704348575069,2.34354153402872,"KEGG_MEDICUS_REFERENCE_HGF_MET_RAS_ERK_SIGNALING_PATHWAY","Filtered"
-0.174542187810024,2.0836235435147,"KEGG_MEDICUS_REFERENCE_HIF_1_SIGNALING_PATHWAY","Filtered"
-0.387907166667296,1.6936001455249,"KEGG_MEDICUS_REFERENCE_HOMOLOGOUS_RECOMBINATION","Retained"
-0.30998345853759,2.05345880592801,"KEGG_MEDICUS_REFERENCE_HOMOLOGOUS_RECOMBINATION_IN_ICLR","Filtered"
0.364834565100404,2.05334481975835,"KEGG_MEDICUS_REFERENCE_HORMONE_LIKE_CYTOKINE_TO_JAK_STAT_SIGNALING_PATHWAY","Filtered"
0.118207767116859,1.79045970968416,"KEGG_MEDICUS_REFERENCE_HYDROLYSIS_OF_SPHINGOMYELIN","Filtered"
0.291831722465256,2.24722874397728,"KEGG_MEDICUS_REFERENCE_ICOSLG_ICOS_PI3K_SIGNALING_PATHWAY","Filtered"
0.229934798005639,2.00870598899613,"KEGG_MEDICUS_REFERENCE_IFN_RIPK1_3_SIGNALING_PATHWAY","Filtered"
0.0875679076474238,2.20370993407301,"KEGG_MEDICUS_REFERENCE_IGF2_IGF1R_PI3K_SIGNALING_PATHWAY","Filtered"
0.2340133768438,2.08962706916906,"KEGG_MEDICUS_REFERENCE_IGF_IGF1R_PI3K_SIGNALING_PATHWAY","Filtered"
-0.26218463595033,2.16621692633958,"KEGG_MEDICUS_REFERENCE_IGF_IGF1R_RAS_ERK_SIGNALING_PATHWAY","Filtered"
-0.291442640803939,2.45100959294069,"KEGG_MEDICUS_REFERENCE_IGF_IGFR_PI3K_NFKB_SIGNALING_PATHWAY","Filtered"
-0.508571785057449,2.24050015926591,"KEGG_MEDICUS_REFERENCE_IGG_FCGR_RAC_SIGNALING_PATHWAY","Filtered"
-0.359320582584289,2.17422844109237,"KEGG_MEDICUS_REFERENCE_II_BLOOD_GROUP_ANTIGEN_BIOSYNTHESIS","Filtered"
0.161447794792957,2.20588326816269,"KEGG_MEDICUS_REFERENCE_IL10_FAMILY_TO_JAK_STAT_SIGNALING_PATHWAY","Filtered"
0.277944682009684,2.00860315085013,"KEGG_MEDICUS_REFERENCE_IL12_23_TO_JAK_STAT_SIGNALING_PATHWAY","Filtered"
0.178605584438147,2.26511244041995,"KEGG_MEDICUS_REFERENCE_IL1_IL1R_JNK_SIGNALING_PATHWAY","Filtered"
-0.00737489114806301,2.39118841689724,"KEGG_MEDICUS_REFERENCE_IL1_IL1R_P38_SIGNALING_PATHWAY","Filtered"
0.0329720939246354,1.78567700688367,"KEGG_MEDICUS_REFERENCE_IL2_FAMILY_TO_JAK_STAT_SIGNALING_PATHWAY","Filtered"
0.30529786426167,2.50366431076361,"KEGG_MEDICUS_REFERENCE_IL6_FAMILY_TO_JAK_STAT_SIGNALING_PATHWAY","Filtered"
-0.169445666671056,2.01719915641346,"KEGG_MEDICUS_REFERENCE_INACTIVATION_OF_CONDENSIN_I","Filtered"
-0.553982860223002,2.64550049430532,"KEGG_MEDICUS_REFERENCE_INTRINSIC_APOPTOTIC_PATHWAY","Filtered"
0.571463101610502,2.78857682934291,"KEGG_MEDICUS_REFERENCE_IRE1A_JNK_SIGNALING_PATHWAY","Filtered"
-0.602924873935798,2.30752953721209,"KEGG_MEDICUS_REFERENCE_ISOLEUCINE_DEGRADATION","Filtered"
-0.196115661547686,1.87567097804729,"KEGG_MEDICUS_REFERENCE_ITGA_B_FAK_CDC42_SIGNALING_PATHWAY","Filtered"
-0.100091951225048,2.16207132103801,"KEGG_MEDICUS_REFERENCE_ITGA_B_FAK_RAC_SIGNALING_PATHWAY","Filtered"
-0.0814747087528662,2.05281865178994,"KEGG_MEDICUS_REFERENCE_ITGA_B_RHOGAP_RHOA_SIGNALING_PATHWAY","Filtered"
-0.0277576392768495,2.08964594318451,"KEGG_MEDICUS_REFERENCE_ITGA_B_RHOGEF_RHOA_SIGNALING_PATHWAY","Filtered"
-0.062792929466184,2.01692695489647,"KEGG_MEDICUS_REFERENCE_ITGA_B_RHOG_RAC_SIGNALING_PATHWAY","Filtered"
-0.195353344913963,1.79266686554787,"KEGG_MEDICUS_REFERENCE_ITGA_B_TALIN_VINCULIN_SIGNALING_PATHWAY","Retained"
-0.127262335559056,2.02143130106785,"KEGG_MEDICUS_REFERENCE_KEAP1_NRF2_SIGNALING_PATHWAY","Filtered"
-0.462615609307593,2.17852992373711,"KEGG_MEDICUS_REFERENCE_KERATAN_SULFATE_DEGRADATION","Filtered"
-0.282358770867834,2.11157755913143,"KEGG_MEDICUS_REFERENCE_KINETOCHORE_FIBER_ORGANIZATION","Filtered"
-0.327885756115909,2.01911724268363,"KEGG_MEDICUS_REFERENCE_KINETOCHORE_MICROTUBULE_ATTACHMENT","Retained"
0.168392470212107,1.96048133994784,"KEGG_MEDICUS_REFERENCE_KISS1_KISS1R_PLCB_PKC_SIGNALING_PATHWAY","Filtered"
-0.00252530825114027,1.95675451607382,"KEGG_MEDICUS_REFERENCE_KITLG_KIT_PI3K_SIGNALING_PATHWAY","Filtered"
-0.170925981199035,2.03250878947278,"KEGG_MEDICUS_REFERENCE_KITLG_KIT_RAS_ERK_SIGNALING_PATHWAY","Filtered"
-0.25478872538907,1.68561815813141,"KEGG_MEDICUS_REFERENCE_LECTIN_PATHWAY_OF_COAGULATION_CASCADE_FIBRINOGEN_TO_FIBRIN","Filtered"
0.350702117260338,2.15837390731655,"KEGG_MEDICUS_REFERENCE_LECTIN_PATHWAY_OF_COAGULATION_CASCADE_PROTHROMBIN_TO_THROMBIN","Filtered"
0.295987914969597,2.1982781590284,"KEGG_MEDICUS_REFERENCE_LECTIN_PATHWAY_OF_COMPLEMENT_CASCADE_C4_C2_TO_C3_CONVERTASE_FORMATION","Filtered"
0.106670713831542,2.59435605214602,"KEGG_MEDICUS_REFERENCE_LESION_BYPASS_BY_TLS_AND_DSB_FORMATION","Filtered"
-0.075356455488352,1.83295574390037,"KEGG_MEDICUS_REFERENCE_LEUCINE_DEGRADATION","Filtered"
0.245753010854477,1.84668400854032,"KEGG_MEDICUS_REFERENCE_LEWIS_X_ANTIGEN_BIOSYNTHESIS","Filtered"
0.41885545645811,2.37891718318398,"KEGG_MEDICUS_REFERENCE_LHCGR_GNAS_PKA_SIGNALING_PATHWAY","Filtered"
-0.00748525077455932,2.64850289974127,"KEGG_MEDICUS_REFERENCE_LIGHT_HVEM_NFKB_SIGNALING_PATHWAY","Filtered"
-0.0962212154186425,2.27688400720841,"KEGG_MEDICUS_REFERENCE_LOADING_OF_THE_SMC5_SMC6_COMPLEX","Filtered"
-0.327168680331061,1.67297375706521,"KEGG_MEDICUS_REFERENCE_LONG_PATCH_BER","Retained"
-0.242995092500019,2.5799414438843,"KEGG_MEDICUS_REFERENCE_LPAR_GNB_G_RHO_SIGNALING_PATHWAY","Filtered"
0.397388988720962,2.33016286504459,"KEGG_MEDICUS_REFERENCE_LPA_GNA12_13_RHOA_SIGNALING_PATHWAY","Filtered"
0.221905900513794,2.07490365049457,"KEGG_MEDICUS_REFERENCE_LPA_GNAQ_11_RHOA_SIGNALING_PATHWAY","Filtered"
-0.404269833914472,2.79530719380443,"KEGG_MEDICUS_REFERENCE_LYSOSOMAL_CA2_RELEASE","Filtered"
0.0464091702966245,2.30894089039916,"KEGG_MEDICUS_REFERENCE_MACHR_CA2_APOPTOTIC_PATHWAY","Filtered"
0.0905765920759199,1.77095598541574,"KEGG_MEDICUS_REFERENCE_MAGI_PTEN_SIGNALING_PATHWAY","Filtered"
0.195294486104804,2.04360545918452,"KEGG_MEDICUS_REFERENCE_MANNOSE_TYPE_O_GLYCAN_BIOSYNTHESIS_FKTN_TO_LARGE","Filtered"
0.319686673765819,1.9254556584505,"KEGG_MEDICUS_REFERENCE_MANNOSE_TYPE_O_GLYCAN_BIOSYNTHESIS_POMT_TO_POMK","Filtered"
0.109079216989747,1.91341868624135,"KEGG_MEDICUS_REFERENCE_MDA5_IRF7_3_SIGNALING_PATHWAY","Filtered"
-0.113263096485649,2.4026635776631,"KEGG_MEDICUS_REFERENCE_MDM2_P21_CELL_CYCLE_G1_S_N00066","Filtered"
0.0161033394490741,1.83698378179703,"KEGG_MEDICUS_REFERENCE_MDM2_P21_CELL_CYCLE_G1_S_N00536","Filtered"
-0.295672984255987,2.26707054445183,"KEGG_MEDICUS_REFERENCE_MEMBRANE_INITIATED_PROGESTERONE_SIGNALING_PATHWAY","Filtered"
-0.0315453595213765,2.24116905670964,"KEGG_MEDICUS_REFERENCE_METHIONINE_DEGRADATION","Filtered"
-0.199675586967245,2.02108842705755,"KEGG_MEDICUS_REFERENCE_MEVALONATE_PATHWAY","Filtered"
0.501929320313459,2.47058417442507,"KEGG_MEDICUS_REFERENCE_MGLUR1_TRPC3_SIGNALING_PATHWAY","Filtered"
-0.0770884675233715,2.82457804031041,"KEGG_MEDICUS_REFERENCE_MGLUR5_CA2_APOPTOTIC_PATHWAY","Filtered"
-0.32450610760776,1.93754784582877,"KEGG_MEDICUS_REFERENCE_MICROTUBULE_DEPOLYMERIZATION","Filtered"
-0.387337785981117,1.94084862008027,"KEGG_MEDICUS_REFERENCE_MICROTUBULE_DEPOLYMERIZATION_AT_THE_MINUS_ENDS","Retained"
0.264428483073366,2.154331844365,"KEGG_MEDICUS_REFERENCE_MICROTUBULE_NUCLEATION","Filtered"
-0.512825020170023,2.33227877666305,"KEGG_MEDICUS_REFERENCE_MICROTUBULE_RHOA_SIGNALING_PATHWAY","Filtered"
-0.379556356673865,1.95713997332652,"KEGG_MEDICUS_REFERENCE_MISMATCH_REPAIR","Filtered"
-0.471630536423919,1.77177260294834,"KEGG_MEDICUS_REFERENCE_MITOCHONDRIAL_COMPLEX_UCP1_IN_THERMOGENESIS","Retained"
0.367609813636149,2.03373734343672,"KEGG_MEDICUS_REFERENCE_MLK_JNK_SIGNALING_PATHWAY","Filtered"
-0.104204032599785,1.64577714411749,"KEGG_MEDICUS_REFERENCE_MODIFYING_OF_CONDENSIN_II_SUBUNITS","Filtered"
-0.401841286077347,1.66754750468269,"KEGG_MEDICUS_REFERENCE_MODIFYING_OF_CONDENSIN_I_SUBUNITS","Retained"
0.320417151151753,2.12957816454758,"KEGG_MEDICUS_REFERENCE_MYOSTATIN_SIGNALING_PATHWAY","Filtered"
-0.297241781310665,2.41338539481685,"KEGG_MEDICUS_REFERENCE_NAD_BIOSYNTHESIS","Filtered"
-0.483576762943171,2.04898495140816,"KEGG_MEDICUS_REFERENCE_NALP12_INFLAMMASOME_SIGNALING_PATHWAY","Filtered"
-0.459306279209149,2.10004243911992,"KEGG_MEDICUS_REFERENCE_NLRC4_INFLAMMASOME_SIGNALING_PATHWAY","Filtered"
-0.245918584821837,1.88001053498842,"KEGG_MEDICUS_REFERENCE_NLRP1_INFLAMMASOME_SIGNALING_PATHWAY","Filtered"
-0.451974695180145,2.20246398609205,"KEGG_MEDICUS_REFERENCE_NLRP3_INFLAMMASOME_SIGNALING_PATHWAY","Filtered"
-0.125678926437273,2.31200669816723,"KEGG_MEDICUS_REFERENCE_NODAL_SIGNALING_PATHWAY","Filtered"
-0.425966817025701,3.11398041680903,"KEGG_MEDICUS_REFERENCE_NOD_NFKB_SIGNALING_PATHWAY","Filtered"
-0.419696969543999,2.08117380861141,"KEGG_MEDICUS_REFERENCE_NON_CANONICAL_INFLAMMASOME_SIGNALING_PATHWAY","Filtered"
0.213161027402993,2.25743323033136,"KEGG_MEDICUS_REFERENCE_NON_HOMOLOGOUS_END_JOINING","Filtered"
0.726550268846282,3.0432877942593,"KEGG_MEDICUS_REFERENCE_NOTCH_LIGAND_UBIQUITYLATION","Filtered"
0.0978118623759087,2.2261645943671,"KEGG_MEDICUS_REFERENCE_NOTCH_MESP2_SIGNALING","Filtered"
-0.213161997327918,2.58062294907136,"KEGG_MEDICUS_REFERENCE_NOTCH_PROTEOLYTIC_ACTIVATION","Filtered"
0.658287131469391,2.69214837573593,"KEGG_MEDICUS_REFERENCE_NOTCH_SIGNALING_PATHWAY","Filtered"
0.114230812326862,2.30987474351579,"KEGG_MEDICUS_REFERENCE_NRG_ERBB4_PI3K_SIGNALING_PATHWAY","Filtered"
-0.106803613377811,2.26436438335993,"KEGG_MEDICUS_REFERENCE_NUCLEAR_EXPORT_OF_MRNA","Filtered"
0.429129879176605,2.43929632774867,"KEGG_MEDICUS_REFERENCE_NUCLEAR_INITIATED_ESTROGEN_SIGNALING_PATHWAY","Filtered"
0.205260539865466,1.95287438229007,"KEGG_MEDICUS_REFERENCE_NUCLEAR_INITIATED_PROGESTERONE_SIGNALING_PATHWAY","Filtered"
-0.145223367176117,2.54621315636845,"KEGG_MEDICUS_REFERENCE_N_GLYCAN_BIOSYNTHESIS","Filtered"
-0.414122985946216,1.87441838133015,"KEGG_MEDICUS_REFERENCE_N_GLYCAN_PRECURSOR_BIOSYNTHESIS_ALG6_TO_OST","Filtered"
0.0518814337522939,2.45195322420533,"KEGG_MEDICUS_REFERENCE_N_GLYCAN_PRECURSOR_BIOSYNTHESIS_ALG7_TO_ALG11","Filtered"
0.0092885748280684,2.05678777926989,"KEGG_MEDICUS_REFERENCE_N_GLYCAN_PRECURSOR_BIOSYNTHESIS_GLC_6P_TO_MAN_P_DOL","Filtered"
-0.0892231644280133,1.5636668488118,"KEGG_MEDICUS_REFERENCE_OKAZAKI_FRAGMENT_MATURATION","Retained"
-0.0961044881060274,1.52459973202988,"KEGG_MEDICUS_REFERENCE_ORGANIZATION_OF_THE_INNER_KINETOCHORE","Retained"
-0.200889238249236,1.47188760496839,"KEGG_MEDICUS_REFERENCE_ORGANIZATION_OF_THE_OUTER_KINETOCHORE","Retained"
-0.397226985782372,1.65315014049918,"KEGG_MEDICUS_REFERENCE_ORIGIN_UNWINDING_AND_ELONGATION","Retained"
0.154098360453104,2.19325317113036,"KEGG_MEDICUS_REFERENCE_P15_CELL_CYCLE_G1_S","Filtered"
-0.269839295598887,1.90856497072776,"KEGG_MEDICUS_REFERENCE_P16_CELL_CYCLE_G1_S","Filtered"
-0.175806507065358,1.60884409060512,"KEGG_MEDICUS_REFERENCE_P27_CELL_CYCLE_G1_S","Retained"
-0.185886669278467,2.12574216157404,"KEGG_MEDICUS_REFERENCE_P300_P21_CELL_CYCLE_G1_S","Filtered"
-0.0173462030056682,1.77388954899737,"KEGG_MEDICUS_REFERENCE_P4_PR_PI3K_SIGNALING_PATHWAY","Filtered"
-0.299374929917889,2.06286673084276,"KEGG_MEDICUS_REFERENCE_P4_PR_RAS_ERK_SIGNALING_PATHWAY","Filtered"
-0.00153056410906723,1.73891779354216,"KEGG_MEDICUS_REFERENCE_PDGF_PDGFR_PI3K_SIGNALING_PATHWAY","Filtered"
0.282423501251563,1.976327239799,"KEGG_MEDICUS_REFERENCE_PDGF_PDGFR_PLCG_CAMK_SIGNALING_PATHWAY","Filtered"
-0.156483920864425,1.97665038358389,"KEGG_MEDICUS_REFERENCE_PDGF_PDGFR_RAS_ERK_SIGNALING_PATHWAY","Filtered"
0.0924297548621973,2.34660242169277,"KEGG_MEDICUS_REFERENCE_PDL_PD1_SHP_PI3K_SIGNALING_PATHWAY","Filtered"
-0.422778438325428,2.62625691186999,"KEGG_MEDICUS_REFERENCE_PINK_PARKIN_MEDIATED_AUTOPHAGOSOME_FORMATION","Filtered"
0.00904590066472132,2.20303303572864,"KEGG_MEDICUS_REFERENCE_PKA_HOLOENZYME","Filtered"
-0.578685746578509,2.36641819704585,"KEGG_MEDICUS_REFERENCE_PKR_EIF2ALPHA_SIGNALING_PATHWAY","Filtered"
0.463220893455448,1.96179922809138,"KEGG_MEDICUS_REFERENCE_PLASMIN_MEDIATED_ACTIVATION_OF_LATENT_TGF_BETA","Filtered"
-0.38463285152902,2.38684739154926,"KEGG_MEDICUS_REFERENCE_PP2A_AKT_SIGNALING_PATHWAY","Filtered"
-0.378269282359234,1.69574664866497,"KEGG_MEDICUS_REFERENCE_PRE_IC_FORMATION","Retained"
0.10262099315807,1.90651594029011,"KEGG_MEDICUS_REFERENCE_PRL_JAK_STAT_SIGNALING_PATHWAY","Filtered"
-0.296777677826236,2.21670702450114,"KEGG_MEDICUS_REFERENCE_PRNP_PI3K_NOX2_SIGNALING_PATHWAY","Filtered"
-0.276991102620075,2.24046506693735,"KEGG_MEDICUS_REFERENCE_PROK_PRKR_GI_ERK_SIGNALING_PATHWAY","Filtered"
-0.470116992735319,2.06897372808673,"KEGG_MEDICUS_REFERENCE_PROMOTION_OF_MICROTUBULE_GROWTH","Filtered"
0.460671171428057,2.18285310411613,"KEGG_MEDICUS_REFERENCE_PTH_PTH1R_PKA_SIGNALING_PATHWAY","Filtered"
-0.177064716841958,2.03657919819952,"KEGG_MEDICUS_REFERENCE_PURINE_SALVAGE_PATHWAY_ADENINE_TO_AMP","Filtered"
-0.28243874194653,2.39057477006573,"KEGG_MEDICUS_REFERENCE_PURINE_SALVAGE_PATHWAY_HYPOXANTHINE_GUANINE_TO_IMP_GMP","Filtered"
-0.397129539061134,1.81575125471454,"KEGG_MEDICUS_REFERENCE_PYRIN_INFLAMMASOME_SIGNALING_PATHWAY","Retained"
-0.973651932108047,3.86048207257,"KEGG_MEDICUS_REFERENCE_RAB7_REGULATED_MICROTUBULE_MINUS_END_DIRECTED_TRANSPORT","Filtered"
-0.593515536185126,2.23573034983957,"KEGG_MEDICUS_REFERENCE_RAC_CDC42_PAK_ERK_SIGNALING_PATHWAY","Filtered"
-0.519426163742849,2.14755095386082,"KEGG_MEDICUS_REFERENCE_RAD51_DSDNA_DESTABILIZATION","Filtered"
-0.338262662465299,1.58524396150008,"KEGG_MEDICUS_REFERENCE_RECRUITMENT_AND_FORMATION_OF_THE_MCC","Retained"
0.436122203480308,2.10063067762265,"KEGG_MEDICUS_REFERENCE_REGULATION_OF_COMPLEMENT_CASCADE_CFHR","Filtered"
0.00976881512625748,1.85704711842817,"KEGG_MEDICUS_REFERENCE_REGULATION_OF_COMPLEMENT_CASCADE_MAC_INHIBITION","Filtered"
0.299529863289484,1.77197045813299,"KEGG_MEDICUS_REFERENCE_REGULATION_OF_EXTRINSIC_APOPTOTIC_PATHWAY_XIAP","Retained"
0.365378833478414,2.34841611357739,"KEGG_MEDICUS_REFERENCE_REGULATION_OF_FIBRINOLYTIC_SYSTEM_C1INH","Filtered"
-0.299998584798087,1.92258359986414,"KEGG_MEDICUS_REFERENCE_REGULATION_OF_FIBRINOLYTIC_SYSTEM_PAI","Filtered"
-0.956739454935018,3.86685004072192,"KEGG_MEDICUS_REFERENCE_REGULATION_OF_GF_RTK_RAS_ERK_SIGNALING_MRAS_SHOC2_PP1_HOLOPHOSPHATASE","Filtered"
0.297187217041401,1.90907168710399,"KEGG_MEDICUS_REFERENCE_REGULATION_OF_GF_RTK_RAS_ERK_SIGNALING_PATHWAY_ADAPTOR_PROTEINS","Filtered"
0.0743950806987581,3.06616953803974,"KEGG_MEDICUS_REFERENCE_REGULATION_OF_GF_RTK_RAS_ERK_SIGNALING_PTP","Filtered"
0.52464281193689,2.67142844543616,"KEGG_MEDICUS_REFERENCE_REGULATION_OF_GF_RTK_RAS_ERK_SIGNALING_RASGAP","Filtered"
-0.210827079468307,2.64459932204805,"KEGG_MEDICUS_REFERENCE_REGULATION_OF_GF_RTK_RAS_ERK_SIGNALING_RAS_UBIQUITINATION_BY_CUL3_COMPLEX","Filtered"
0.139826569280353,2.34342729494895,"KEGG_MEDICUS_REFERENCE_REGULATION_OF_GF_RTK_RAS_ERK_SIGNALING_SPRED_AND_NF1","Filtered"
0.235561462722492,1.80048758088752,"KEGG_MEDICUS_REFERENCE_REGULATION_OF_GF_RTK_RAS_ERK_SIGNALING_UBIQUITINATION_OF_RTK_BY_CBL","Filtered"
-0.00674547878581345,1.94348350525613,"KEGG_MEDICUS_REFERENCE_REGULATION_OF_NLRP3_INFLAMMASOME_SIGNALING_PATHWAY_NLRP3_INHIBITION","Filtered"
0.192506413216478,2.48011256678447,"KEGG_MEDICUS_REFERENCE_REGULATION_OF_SERCA","Filtered"
-0.0119013042387927,2.29451771355091,"KEGG_MEDICUS_REFERENCE_REGULATION_OF_TNF_NFKB_SIGNALING_PATHWAY_LUBAC_MEDIATED_LINEAR_UBIQUITINATION","Filtered"
0.0661816625768931,1.92663015991806,"KEGG_MEDICUS_REFERENCE_RELN_VLDLR_PI3K_SIGNALING_PATHWAY","Filtered"
-0.115576514470235,2.28129376183554,"KEGG_MEDICUS_REFERENCE_RETROGRADE_AXONAL_TRANSPORT","Filtered"
0.138906387349896,1.8805964395476,"KEGG_MEDICUS_REFERENCE_RIG_I_IRF7_3_SIGNALING_PATHWAY","Filtered"
-0.459709299308134,2.3631140934206,"KEGG_MEDICUS_REFERENCE_RIG_I_NFKB_SIGNALING_PATHWAY","Filtered"
0.123357783865475,1.95581999699174,"KEGG_MEDICUS_REFERENCE_RORA_MEDIATED_TRANSCRIPTION","Filtered"
0.3680416107598,1.96441679258395,"KEGG_MEDICUS_REFERENCE_RTK_PLCG_ITPR_SIGNALING_PATHWAY","Filtered"
-0.0959392095286306,1.58495029132413,"KEGG_MEDICUS_REFERENCE_SEROTONIN_METABOLISM","Filtered"
0.0287387675234496,1.95957786073224,"KEGG_MEDICUS_REFERENCE_SIALYL_LEWIS_X_ANTIGEN_BIOSYNTHESIS","Filtered"
0.411459749286144,2.93642998787619,"KEGG_MEDICUS_REFERENCE_SKELETAL_TYPE_VGCC_RYR_SIGNALING","Filtered"
0.00447989219506003,1.55071512705659,"KEGG_MEDICUS_REFERENCE_SPINDLE_ASSEMBLY_CHECKPOINT_SIGNALING","Retained"
0.171669891176437,1.68671104349212,"KEGG_MEDICUS_REFERENCE_STEROID_HORMONE_BIOSYNTHESIS_PROGESTERONE_TO_CORTISOL_CORTISONE","Filtered"
0.425402628083629,2.32080848753535,"KEGG_MEDICUS_REFERENCE_STRAD_STK11_TSC_SIGNALING_PATHWAY","Filtered"
0.359549628371995,2.07862938427574,"KEGG_MEDICUS_REFERENCE_TAC3_TACR3_PLC_PKC_SIGNALING_PATHWAY","Filtered"
-0.389148493054742,2.84878256513255,"KEGG_MEDICUS_REFERENCE_TBK1_MEDIATED_AUTOPHAGOSOME_FORMATION","Filtered"
0.351208977679648,2.23057097851005,"KEGG_MEDICUS_REFERENCE_TCR_PLCG_ITPR_SIGNALING_PATHWAY","Filtered"
0.262804774037999,1.85614087629314,"KEGG_MEDICUS_REFERENCE_TELOMERASE_RNA_MATURATION","Filtered"
-0.471630396047692,2.3935294315125,"KEGG_MEDICUS_REFERENCE_TELOMERE_ELONGATION","Filtered"
-0.333037499817169,1.87089503562048,"KEGG_MEDICUS_REFERENCE_TESTOSTERONE_BIOSYNTHESIS","Filtered"
-0.000593932014301599,2.03888225265605,"KEGG_MEDICUS_REFERENCE_TETHERING_OF_LATE_ENDOSOMES_AND_LYSOSOMES","Filtered"
0.0961706503681982,2.05064292341511,"KEGG_MEDICUS_REFERENCE_TGFA_EGFR_PI3K_SIGNALING_PATHWAY","Filtered"
0.373397827257974,2.79866273737766,"KEGG_MEDICUS_REFERENCE_TGFA_EGFR_PLCG_PKC_SIGNALING_PATHWAY","Filtered"
-0.393453471450132,2.17013818874229,"KEGG_MEDICUS_REFERENCE_TGFA_EGFR_RAS_ERK_SIGNALING_PATHWAY","Filtered"
-0.0980562307905495,1.77785443022576,"KEGG_MEDICUS_REFERENCE_TGF_BETA_SIGNALING_PATHWAY","Filtered"
-0.0859396524731288,2.06061240786055,"KEGG_MEDICUS_REFERENCE_THYROID_HORMONE_SIGNALING_PATHWAY","Filtered"
-0.229613521920662,2.11189967374811,"KEGG_MEDICUS_REFERENCE_TIGHT_JUNCTION_ACTIN_SIGNALING_PATHWAY","Filtered"
-0.0934556105925798,2.28272365996118,"KEGG_MEDICUS_REFERENCE_TLR1_2_4_NFKB_SIGNALING_PATHWAY","Filtered"
0.209037756949822,2.41515737663221,"KEGG_MEDICUS_REFERENCE_TLR2_4_MAPK_SIGNALING_PATHWAY","Filtered"
0.175874977852088,2.11952010754441,"KEGG_MEDICUS_REFERENCE_TLR3_IRF3_SIGNALING_PATHWAY","Filtered"
-0.323938913058167,2.0456097544776,"KEGG_MEDICUS_REFERENCE_TLR3_IRF7_SIGNALING_PATHWAY","Filtered"
-0.391746716736778,3.13471354043303,"KEGG_MEDICUS_REFERENCE_TLR3_NFKB_SIGNALING_PATHWAY","Filtered"
-0.178267255174195,2.08180535850722,"KEGG_MEDICUS_REFERENCE_TLR4_IRF3_7_SIGNALING_PATHWAY","Filtered"
-0.00436479033659428,2.13507599376541,"KEGG_MEDICUS_REFERENCE_TLR5_NFKB_SIGNALING_PATHWAY","Filtered"
-0.605985546919647,2.69608741916514,"KEGG_MEDICUS_REFERENCE_TLR7_8_9_IRF5_SIGNALING_PATHWAY","Filtered"
-0.586852376832973,2.58326390113367,"KEGG_MEDICUS_REFERENCE_TLR7_9_IRF7_SIGNALING_PATHWAY","Filtered"
-0.194268082220147,1.69349941697025,"KEGG_MEDICUS_REFERENCE_TNFSF10_RIPK1_3_SIGNALING_PATHWAY","Filtered"
0.928751667764129,3.50761020623911,"KEGG_MEDICUS_REFERENCE_TNF_JNK_SIGNALING_PATHWAY","Filtered"
0.245637306251017,2.7471882104457,"KEGG_MEDICUS_REFERENCE_TNF_NFKB_SIGNALING_PATHWAY","Filtered"
0.411819853227637,2.49819291759179,"KEGG_MEDICUS_REFERENCE_TNF_P38_SIGNALING_PATHWAY","Filtered"
0.372948420102229,2.60565061804493,"KEGG_MEDICUS_REFERENCE_TNF_RIPK1_3_SIGNALING_PATHWAY","Filtered"
-0.40925625280809,1.87998768320507,"KEGG_MEDICUS_REFERENCE_TRAIP_DEPENDENT_REPLISOME_DISASSEMBLY","Filtered"
0.0282217691829474,2.57813323056357,"KEGG_MEDICUS_REFERENCE_TRANSCRIPTIONAL_ACTIVATION_BY_ACETYLATION_OF_H3K27","Filtered"
-0.322403495381,1.90705174811332,"KEGG_MEDICUS_REFERENCE_TRANSCRIPTION_COUPLED_NER","Filtered"
-0.573540428682772,1.81385441268793,"KEGG_MEDICUS_REFERENCE_TRANSLATION_INITIATION","Retained"
0.255195278457269,1.97993226862473,"KEGG_MEDICUS_REFERENCE_TRANSPORT_OF_CALCIUM","Filtered"
-0.446084257676086,2.33990538749295,"KEGG_MEDICUS_REFERENCE_TRAPPI_RAB1_SIGNALING_PATHWAY","Filtered"
0.474762303387075,2.11881071462637,"KEGG_MEDICUS_REFERENCE_TRH_TRHR_PLCB_PKC_SIGNALING_PATHWAY","Filtered"
0.482520271910093,2.32000283344775,"KEGG_MEDICUS_REFERENCE_TSC1_2_MTORC1_SIGNALING_PATHWAY","Filtered"
0.445655094898706,2.04729340893577,"KEGG_MEDICUS_REFERENCE_TSH_DUOX2_TG_SIGNALING_PATHWAY","Filtered"
0.116002582619317,2.2249264069467,"KEGG_MEDICUS_REFERENCE_TSH_TG_SIGNALING_PATHWAY","Filtered"
-0.189616012188032,2.69673174414984,"KEGG_MEDICUS_REFERENCE_TYPE_II_INTERFERON_TO_JAK_STAT_SIGNALING_PATHWAY","Filtered"
0.170286377692214,1.70024709879391,"KEGG_MEDICUS_REFERENCE_TYPE_I_IFN_SIGNALING_PATHWAY","Filtered"
0.131954488666047,1.84895544171644,"KEGG_MEDICUS_REFERENCE_TYPE_I_INTERFERON_TO_JAK_STAT_SIGNALING_PATHWAY","Filtered"
-0.522726436445453,2.52117556209642,"KEGG_MEDICUS_REFERENCE_TYROSINE_DEGRADATION","Filtered"
-0.762014476612867,2.54445552007048,"KEGG_MEDICUS_REFERENCE_UCHL1_MEDIATED_HYDROLYSIS","Retained"
-0.344223452058557,2.29681223436469,"KEGG_MEDICUS_REFERENCE_UREA_CYCLE","Filtered"
-0.192374311599803,2.01791414745985,"KEGG_MEDICUS_REFERENCE_VALINE_DEGRADATION","Filtered"
-0.377534472138295,2.77073961114056,"KEGG_MEDICUS_REFERENCE_VGCC_CA2_APOPTOTIC_PATHWAY","Filtered"
-0.030975333878272,2.41612440956782,"KEGG_MEDICUS_REFERENCE_V_D_J_RECOMBINATION","Filtered"
-0.147018472219867,1.83007705904073,"KEGG_MEDICUS_REFERENCE_WEE1_CELL_CYCLE_G2_M","Filtered"
0.341070636268429,1.91705052079305,"KEGG_MEDICUS_REFERENCE_WNT5A_ROR_SIGNALING_PATHWAY","Filtered"
0.180147734360267,1.98082576318417,"KEGG_MEDICUS_REFERENCE_WNT_SIGNALING_MODULATION_LGR_RSPO","Filtered"
0.159688575451586,1.73654583608368,"KEGG_MEDICUS_REFERENCE_WNT_SIGNALING_MODULATION_SOST_LRP4","Filtered"
0.0883950634219751,2.22981683271005,"KEGG_MEDICUS_REFERENCE_WNT_SIGNALING_MODULATION_WNT_ACYLATION","Filtered"
-0.0461294882986528,2.40850862890946,"KEGG_MEDICUS_REFERENCE_WNT_SIGNALING_MODULATION_WNT_INHIBITOR","Filtered"
0.42836141333832,2.1749244779298,"KEGG_MEDICUS_REFERENCE_WNT_SIGNALING_PATHWAY","Filtered"
-0.346577935814452,1.81326484838298,"KEGG_MEDICUS_VARIANT_AML1_ETO_FUSION_TO_PU.1_MEDIATED_TRANSCRIPTION","Filtered"
-0.332129649697608,2.43092664418461,"KEGG_MEDICUS_VARIANT_AMPLIFIED_CCND1_TO_CELL_CYCLE_G1_S","Filtered"
