"","TCGA-05-4244-01A","TCGA-05-4249-01A","TCGA-05-4250-01A","TCGA-05-4382-01A","TCGA-05-4384-01A","TCGA-05-4389-01A","TCGA-05-4390-01A","TCGA-05-4395-01A","TCGA-05-4396-01A","TCGA-05-4397-01A","TCGA-05-4398-01A","TCGA-05-4402-01A","TCGA-05-4403-01A","TCGA-05-4405-01A","TCGA-05-4410-01A","TCGA-05-4415-01A","TCGA-05-4417-01A","TCGA-05-4418-01A","TCGA-05-4420-01A","TCGA-05-4422-01A","TCGA-05-4424-01A","TCGA-05-4425-01A","TCGA-05-4426-01A","TCGA-05-4427-01A","TCGA-05-4430-01A","TCGA-05-4432-01A","TCGA-05-4433-01A","TCGA-05-4434-01A","TCGA-05-5420-01A","TCGA-05-5423-01A","TCGA-05-5425-01A","TCGA-05-5428-01A","TCGA-05-5429-01A","TCGA-05-5715-01A","TCGA-35-3615-01A","TCGA-35-4122-01A","TCGA-35-4123-01A","TCGA-35-5375-01A","TCGA-38-4625-01A","TCGA-38-4626-01A","TCGA-38-4627-01A","TCGA-38-4628-01A","TCGA-38-4629-01A","TCGA-38-4630-01A","TCGA-38-4631-01A","TCGA-38-4632-01A","TCGA-38-6178-01A","TCGA-38-7271-01A","TCGA-38-A44F-01A","TCGA-44-2655-01A"
"KEGG_PROTEASOME",0.326749453,-0.294511911,0.592743408,-0.219062436,-0.490681447,0.514432392,0.300501083,0.624610485,-0.36557086,0.558727649,0.341082544,0.337854156,-0.070225933,-0.662662672,-0.422153509,0.598651165,-0.239869155,0.57118679,-0.11265868,-0.22490128,0.342144392,0.030627682,-0.437795894,-0.032289407,-0.09070719,0.327070261,-0.422681052,0.328319822,0.473187277,0.321016424,0.559818294,0.556621378,0.411443689,0.343817657,0.40530289,0.601136405,0.588409519,0.652886983,0.588241358,-0.315916968,-0.0360572,0.495648957,0.55041807,0.300757197,0.622332101,0.510960132,0.357375086,-0.582130236,-0.521043348,0.551278269
"KEGG_RIBOSOME",0.302526608,-0.14065911,0.418788723,-0.490452673,-0.554309042,0.457247666,0.410541261,0.791214487,-0.584905474,-0.556877569,0.22330841,-0.626469164,0.53096282,-0.618611797,-0.793622657,0.483213466,0.037186163,0.623451315,0.610840404,0.342598548,-0.628998845,0.439372919,0.648122326,-0.165316062,0.487323204,-0.327527406,-0.57235829,-0.209391648,0.607431674,0.6154757,0.569729413,0.786649905,0.660550455,-0.278247581,0.841008461,0.705059153,0.680031702,0.812363679,0.328620096,-0.432287189,0.490265563,0.56267502,0.580765744,0.283027525,0.505920408,0.70131089,-0.348758111,0.536054931,-0.282399381,0.402594708
"KEGG_MEDICUS_REFERENCE_DEPHOSPHORYLATION_OF_KINETOCHORE",0.164951246,-0.675380072,0.666085354,-0.481357474,-0.853809356,0.535679196,0.614596233,0.450058198,-0.155690335,0.676688335,0.455128375,-0.020404478,-0.125820523,-0.495191462,-0.37869914,0.551583072,-0.073582521,0.446726797,0.739211393,-0.19850471,0.480445827,-0.048427682,-0.442475666,0.428752841,-0.200194025,0.534498888,-0.366288977,-0.279100457,0.526731276,-0.034107534,0.525195839,0.609480379,0.499872504,0.04342723,-0.675963162,0.617598426,0.678584326,0.7038437,0.761802788,-0.626494999,-0.373164941,0.50936264,0.572001009,0.658320413,0.767352733,0.735134483,-0.498379376,-0.328827062,-0.731750462,-0.65863823
"KEGG_MEDICUS_REFERENCE_TRANSLATION_INITIATION",0.311421981,-0.091279117,0.414011411,-0.492389276,-0.565790953,0.477690579,0.39291566,0.817049265,-0.605340079,-0.570665075,0.248602732,-0.643689365,0.505276922,-0.608797592,-0.793313239,0.496943026,0.044223642,0.625515921,0.617016365,0.333816625,-0.632439141,0.432192396,0.654270861,-0.144320399,0.501219363,-0.274440222,-0.580154424,-0.270484177,0.596657962,0.628789572,0.580866168,0.808733508,0.637372923,-0.287132942,0.85124503,0.702900387,0.682919725,0.814657187,0.316245893,-0.467841839,0.497882202,0.561339736,0.583018704,0.307340918,0.494618497,0.709021846,-0.317028943,0.574299935,-0.329297787,0.355478176
"KEGG_MEDICUS_ENV_FACTOR_PHIP_TO_DNA_ADDUCTS",0.716038246,0.104899886,-0.611401768,0.462692994,0.822839618,0.382554573,-0.685477557,0.552137831,-0.42153224,-0.540952553,-0.705394191,0.670395093,-0.165361152,0.355587644,-0.770250767,-0.577936136,-0.48809309,-0.807414757,0.84745449,0.69556197,-0.157912007,-0.78107523,0.242033147,-0.460941728,-0.592306484,-0.315947594,-0.603033405,-0.143716876,-0.318023694,0.881742739,-0.552859462,0.534367671,0.42359733,-0.653877378,0.809669854,0.31642237,-0.705213783,-0.574931099,-0.38201335,0.790456432,-0.548619881,0.209360261,-0.785224608,-0.825365326,-0.414937759,-0.567021469,-0.736694931,-0.439834025,0.520652223,0.580305945
"KEGG_MEDICUS_REFERENCE_CENPE_INTERACTION_WITH_NDC80_COMPLEX",0.195061885,-0.697914135,0.635124343,-0.434648692,-0.815800741,0.421490491,0.620079451,0.452956465,-0.057801094,0.706663055,0.397862047,-0.212710134,-0.392015615,-0.617535319,-0.311198872,0.625699341,-0.073582521,0.52191501,0.702380911,0.055489491,0.524236004,-0.006945632,-0.412774848,0.418906027,-0.345826436,0.537911314,-0.371410335,-0.082166525,0.535329388,-0.066393109,0.592039744,0.670968995,0.488778095,-0.073136231,-0.654552146,0.508312622,0.625833695,0.63602763,0.765890797,-0.593174431,-0.531315334,0.244898081,0.491888874,0.656183887,0.703658708,0.699245916,-0.566492384,-0.483775373,-0.749775365,-0.671121938
"KEGG_MEDICUS_REFERENCE_26S_PROTEASOME_MEDIATED_PROTEIN_DEGRADATION",0.390438657,-0.315862505,0.573877039,-0.22759038,-0.444790498,0.406705747,0.369054428,0.64647804,-0.355721052,0.588604322,0.415759265,0.341630878,-0.166767327,-0.650897625,-0.579248192,0.673963729,-0.346182249,0.584007809,0.196804845,-0.261853168,0.272887935,-0.041490934,-0.432444794,-0.099700062,-0.108865159,0.415477785,-0.562259244,0.182323135,0.438940311,0.351504177,0.559943847,0.612281521,0.487792725,0.398231831,0.402811545,0.60163683,0.559681855,0.687803498,0.605481148,-0.354682393,0.046612835,0.543166081,0.537507143,0.322146399,0.651429628,0.562975208,0.475174734,-0.599135328,-0.610874351,0.56913821
"KEGG_MEDICUS_REFERENCE_ORGANIZATION_OF_THE_OUTER_KINETOCHORE",0.240795096,-0.571884408,0.501133377,-0.156202006,-0.689390244,0.424646379,0.483552638,0.234030286,-0.465884577,0.695359398,-0.062376744,-0.137809031,-0.534379308,-0.602976657,-0.414397522,0.435279651,-0.507466922,0.298504462,0.517835827,0.164754855,-0.272996866,-0.203042826,-0.429142889,-0.170496254,-0.35333704,0.41260018,-0.326663973,0.281029832,0.491293889,0.285755558,0.489727827,0.570708377,0.349229425,0.062093729,-0.410596254,0.317668017,0.48934761,0.566434797,0.614968521,-0.669806876,-0.481728064,0.389760476,0.476044275,0.622619037,0.61698583,0.471088774,-0.481314173,-0.556683314,-0.659298989,-0.238659545
"KEGG_MEDICUS_REFERENCE_FE3_FERRITIN_TRANSPORT",0.125988524,0.126262982,0.058377696,0.617553885,0.633737602,0.885950237,-0.018677253,0.598606938,0.004075883,-0.031309212,0.682805385,0.328200824,0.684276424,-0.104526861,-0.073896959,0.140247971,0.240259046,0.425516557,-0.257150591,0.560588288,0.585507173,0.630368576,0.582326833,-0.003643672,0.47198412,0.17947953,0.754153381,0.139870709,0.699630064,0.646666065,0.608319047,0.722159473,0.507044997,0.771320609,0.6079008,0.794280891,0.634522843,0.696530767,0.650604808,0.735905761,0.527564739,0.732854897,0.722638275,-0.233035301,0.653578947,0.635074751,-0.65739237,0.075673149,-0.502071464,0.529930895
"KEGG_MEDICUS_REFERENCE_RECRUITMENT_AND_FORMATION_OF_THE_MCC",0.002617565,-0.79150133,0.685583259,-0.405178551,-0.924352613,0.328073578,0.577830418,0.347023378,-0.271053296,0.690856576,0.419659485,-0.323336733,-0.350897626,-0.637311029,-0.51848276,0.754721404,-0.059301381,0.4922023,0.68498962,0.133134759,0.328089117,-0.100718541,-0.314002549,0.593139367,-0.557354209,0.484768545,0.265157423,0.395334547,0.490761835,-0.338894882,0.539293468,0.600900449,0.441619326,-0.435006484,-0.842092166,0.668877684,0.595687804,0.596667085,0.780575864,-0.638894699,-0.476626547,0.116788709,0.597455418,0.685874595,0.710894485,0.62463181,-0.564608127,-0.489304089,-0.720720911,-0.770610611
"KEGG_MEDICUS_REFERENCE_MITOCHONDRIAL_COMPLEX_UCP1_IN_THERMOGENESIS",0.34425167,-0.280087676,0.197273515,-0.42239566,-0.171063041,0.374144641,0.29282462,0.520277607,-0.195677357,0.579375446,-0.068462111,-0.205921629,0.249617811,-0.621020154,-0.475962371,0.258336761,-0.24401707,0.637432726,0.385669809,0.440942517,-0.51082438,0.173754648,-0.215345394,-0.543405873,0.169976461,0.282572225,-0.563967373,-0.190288229,0.552306924,0.594356465,0.482870806,0.656105943,0.516999687,0.384304645,0.574766871,0.554971431,0.462632777,0.61969733,0.362345771,-0.385481969,-0.050219184,0.55203444,0.34879049,0.190629081,0.404938005,0.555619438,-0.400614354,-0.601438853,-0.292946858,0.490091382
"BIOCARTA_DICER_PATHWAY",0.373631489,-0.10059408,-0.846341243,-0.409776009,0.405070994,-0.403780066,-0.348033572,-0.630200769,0.640710999,-0.436328044,-0.412378717,0.204394434,-0.729766309,0.098026917,0.519444194,0.259877101,-0.172443466,-0.779416614,-0.532237541,0.156086672,0.45589268,-0.57777217,0.155572016,0.763060543,-0.795001353,0.108725074,0.593819774,-0.537706799,-0.763212465,-0.817956433,-0.692933418,-0.76062438,-0.758188216,-0.692905271,-0.290472381,-0.931697194,-0.601890747,-0.666059474,-0.707836656,0.203765984,-0.658215285,-0.249622876,-0.707479924,0.545222304,-0.683298746,-0.732548165,0.799152356,-0.492845931,-0.489687558,-0.676977222
"KEGG_MEDICUS_REFERENCE_ORIGIN_UNWINDING_AND_ELONGATION",0.388663093,-0.55587506,0.578730476,-0.142089972,-0.630538729,0.52353751,0.615287677,0.460387384,-0.358549715,0.693420228,0.361852186,0.076227148,-0.604994395,-0.495485469,-0.198440549,0.54454543,-0.527584131,0.198586524,0.443497263,-0.127623807,0.489959613,0.312247414,0.26017598,0.114499901,-0.349313274,0.177079787,-0.398689834,0.329089673,0.257975286,-0.086816677,0.591209492,0.399850528,0.263997914,0.068084046,-0.556547666,0.497255104,0.347717705,0.60326055,0.670735244,-0.702392984,-0.434464118,0.412049735,0.546734036,0.526305758,0.66433101,0.612943558,-0.370101296,-0.441921189,-0.695661624,-0.533335336
"KEGG_MEDICUS_REFERENCE_HOMOLOGOUS_RECOMBINATION",0.535907921,-0.543508181,0.509676683,-0.140462939,-0.561309162,0.376308149,0.438889891,0.330854163,-0.414306964,0.666329751,0.38269142,0.17121921,-0.6222857,-0.414032463,-0.235356174,0.53956563,-0.673676133,0.020481508,0.362536485,-0.045685702,0.170959467,0.297691285,0.204948396,0.257974775,-0.413779747,-0.229049315,-0.340459927,0.180698816,0.20854626,0.091306273,0.394025702,0.422969973,0.251857123,-0.012752046,-0.400352517,0.363923025,0.453213128,0.484025236,0.554951814,-0.629145945,-0.491766375,0.304930587,0.269962174,0.367316478,0.59230819,0.435739067,-0.265881946,-0.545767436,-0.536084947,-0.400724121
"BIOCARTA_PAR1_PATHWAY",-0.08275458,0.375237664,-0.037379899,0.105276764,0.292493708,-0.254336844,-0.365996865,-0.257592324,0.20982862,-0.403859111,-0.181882718,-0.268209846,0.213238519,0.33738814,0.555645296,0.006359128,0.445800119,-0.482710744,-0.488435208,-0.23977224,0.493309881,-0.288783182,-0.309653273,0.369700297,0.106595867,-0.281751589,0.389909529,-0.356244894,-0.241155607,-0.412110254,-0.070733243,-0.481192962,-0.315612444,-0.15208275,-0.44932467,-0.301054497,-0.376342844,-0.408979952,-0.405912552,0.411224775,0.366706777,-0.36270031,0.096752575,-0.395207726,-0.294107079,-0.171168845,0.278654241,0.651867932,-0.321518248,-0.32100394
"KEGG_PARKINSONS_DISEASE",0.02455605,-0.385058173,-0.073712616,-0.375957524,-0.291072783,0.304566904,0.242773144,0.417571157,-0.167887671,0.506251172,-0.033522828,0.052320388,0.376351859,-0.557415301,-0.39095908,0.333367057,-0.223005874,0.654789161,0.41455521,0.236257568,-0.396372373,-0.107767904,-0.222721289,-0.437283407,0.109224909,0.276462916,-0.378991549,-0.224524865,0.461661791,0.384708312,0.279439594,0.516652565,0.339808384,0.341169113,0.478901619,0.52775266,0.386628638,0.52447905,0.229609214,-0.175787586,0.18522878,0.565688155,0.381264299,0.053002222,0.445670292,0.418648086,-0.394557458,-0.37642651,-0.108262387,0.462762838
"KEGG_MATURITY_ONSET_DIABETES_OF_THE_YOUNG",-0.35283314,0.39135268,0.383759168,0.19090786,-0.2714019,0.243993315,0.298506807,0.039560659,0.477014078,-0.605216775,-0.397565456,-0.405549436,0.529491131,0.078879546,0.293274642,-0.318307664,0.281290189,0.511746233,-0.30072372,0.439282919,-0.506483611,0.592609718,-0.424964348,-0.366193932,0.016305818,0.351110971,0.491844697,-0.315804832,0.669200071,-0.366693892,0.386408111,-0.248873557,0.615618946,0.458687215,-0.15382264,0.346672648,0.010880063,-0.26693321,-0.330652517,-0.289120667,-0.254381744,-0.160316027,-0.224189606,-0.593809147,0.444583861,0.051421675,-0.301994373,0.362083835,0.440033819,-0.271495177
"KEGG_MEDICUS_REFERENCE_MODIFYING_OF_CONDENSIN_I_SUBUNITS",0.106379139,-0.735388396,0.78627829,-0.072633763,-0.899671324,0.380943788,0.75226568,0.693987373,-0.208087448,0.576469242,0.528918163,0.046310196,-0.448614996,-0.659298024,-0.379064849,0.626907683,0.117567446,0.542726621,0.592348642,0.010556708,0.564372628,-0.182505298,-0.521880357,0.360191284,-0.650044945,0.498355425,0.061716142,0.457998737,0.375037272,-0.562786369,0.578110298,0.452472987,0.242433899,-0.318167486,-0.877199314,0.632190156,0.451109812,0.618485224,0.708472435,-0.753496346,-0.585852206,0.219627948,0.750786729,0.741405757,0.696070966,0.641305826,-0.466898059,-0.466702858,-0.72290896,-0.846431472
"BIOCARTA_PROTEASOME_PATHWAY",0.40715202,-0.442888719,0.57163116,-0.216750562,-0.474803946,0.363946632,0.423950331,0.594872561,-0.203287694,0.661790505,0.166967402,0.251313017,-0.03778381,-0.651056334,-0.634514703,0.627744121,-0.326861336,0.634204827,0.602050549,-0.249144235,0.142920457,-0.169516383,-0.397611046,-0.105079094,-0.152728664,0.326560389,-0.545403054,0.185741544,0.514638477,0.503359829,0.545250287,0.508602975,0.503658182,0.249519357,0.32698635,0.609487894,0.415664638,0.673514471,0.568966921,-0.232123966,0.013573217,0.62908531,0.561877586,0.305432801,0.59397448,0.480478044,0.419424774,-0.624856391,-0.590644529,0.684499248
"KEGG_MEDICUS_REFERENCE_LONG_PATCH_BER",0.540446996,-0.422590402,0.542283775,-0.406117225,-0.574205425,0.510712205,0.619860191,0.471256123,-0.275322254,0.632582805,0.294896257,0.051014797,-0.57051909,-0.488675709,-0.267448483,0.581515042,-0.603236236,0.290028909,0.2491713,0.014283406,0.16068058,0.319141693,0.17604361,0.054579252,-0.207606763,0.230340256,-0.386407681,0.186093282,0.216678174,0.095005701,0.559578976,0.301932494,0.371460869,-0.10502847,-0.354312054,0.332235551,0.451081178,0.497449384,0.637821291,-0.656874936,-0.50333201,0.31017378,0.410967165,0.415246331,0.692951401,0.61754656,-0.419281615,-0.550259423,-0.565152546,-0.346592196
"KEGG_MEDICUS_REFERENCE_ELECTRON_TRANSFER_IN_COMPLEX_III",0.374964647,-0.381169454,-0.215016286,-0.575258797,-0.529049102,0.202496124,0.451151994,0.597072479,-0.300162863,0.556089737,0.147395879,-0.065922149,0.459208676,-0.763169331,-0.667806093,0.224050457,-0.37094796,0.731622115,0.561760309,0.602555356,-0.564560827,0.13156078,-0.25728988,-0.569738298,0.078542969,0.157691379,-0.5369941,-0.165590188,0.621585384,0.511075591,0.497794127,0.700133349,0.623689033,0.320768377,0.753116938,0.662475418,0.546392193,0.772689794,0.486184723,-0.329656126,0.128464386,0.741172645,0.567540831,-0.132877016,0.529688704,0.614302196,-0.37411108,-0.585649318,-0.327679286,0.546529249
"BIOCARTA_SKP2E2F_PATHWAY",0.011805943,-0.259882692,0.418730441,-0.132793616,-0.205638286,-0.169219699,0.392566409,0.342932459,0.077934212,0.475626581,0.583372625,-0.245640731,-0.196512104,-0.165810591,-0.033645947,0.53391013,-0.514530089,0.328906594,0.546309728,-0.14401895,0.020841396,-0.321770182,0.448435971,0.35096775,0.261509557,-0.191141745,-0.246218363,0.529759307,0.031413613,0.054325818,0.46042289,0.560050269,0.313411898,-0.104802311,-0.372073531,0.466596222,0.478694382,0.528986277,0.612001277,-0.21072122,0.162717098,0.298183716,0.467928166,0.456574985,0.591985017,0.630628468,-0.583299331,-0.411268514,-0.319759934,-0.307046239
"KEGG_MEDICUS_REFERENCE_HEDGEHOG_SIGNALING_PATHWAY_HH_LIGAND_SECRETION",-0.268860238,0.615825718,-0.762373213,-0.41171163,0.555084363,0.021293873,-0.430623094,-0.436635347,0.57878168,-0.390185057,-0.769848892,0.467662324,0.661616889,0.600922005,-0.411782255,-0.583505336,0.219970326,-0.743818211,-0.662263811,0.400569527,-0.583143131,0.546211654,-0.511793522,-0.722473844,-0.39806661,-0.359743122,0.739920777,-0.089824408,0.091040332,0.523705002,0.162338264,-0.170381014,0.274118405,0.755845142,0.551212519,-0.50984905,-0.537518146,-0.073082207,-0.804509576,0.234351944,0.086709195,0.388452784,-0.550302265,-0.616480497,-0.269867866,-0.585401065,-0.651852964,0.422048914,0.763978221,0.702043864
"BIOCARTA_SM_PATHWAY",0.19671924,-0.011106095,0.389612678,-0.585617327,-0.613189931,0.309492333,0.622743814,0.592906675,-0.568049908,0.57331429,-0.067301404,-0.369684674,-0.392087758,-0.640583628,-0.713194123,0.610680723,-0.473460468,0.279821642,0.481808371,-0.520768692,-0.112205905,-0.274392217,-0.531643468,-0.074040632,0.045220041,0.095151405,-0.539465869,-0.147144152,0.413197076,0.148483147,0.57508501,0.558698666,0.40702405,0.050240656,0.408639375,0.418084885,0.424508704,0.584985081,0.60862746,-0.694719798,-0.489057226,0.18709617,0.127979021,0.739335493,0.589019904,0.391540641,-0.492792751,-0.500915715,-0.386794932,0.127339943
"BIOCARTA_MRP_PATHWAY",-0.450842418,-0.020617115,-0.434301639,-0.476288692,0.688340055,0.800340162,-0.054786356,0.399641151,-0.49422607,-0.630296398,-0.422616691,-0.43859302,-0.337674366,-0.311596761,0.133318928,0.141366717,0.034717386,-0.209002112,-0.407303803,0.324622218,-0.380021063,0.14397155,-0.108603166,-0.408698317,-0.41802761,-0.361936393,0.370212372,0.03194081,-0.405420081,-0.451857198,-0.090125836,-0.425052556,0.289422816,-0.579270182,0.512726012,-0.41673616,-0.415355983,0.141805544,-0.713886132,-0.619789695,0.295064469,-0.391656122,-0.500045114,-0.336424941,0.241654128,-0.510721114,-0.091942615,0.449073254,0.408983227,0.437192452
"KEGG_MEDICUS_ENV_FACTOR_ZN_TO_ANTEROGRADE_AXONAL_TRANSPORT",0.07258106,0.214232666,0.481137224,0.082696659,-0.348831295,0.375838819,0.509650835,0.104174559,-0.333479114,0.49393931,0.427324995,0.092276293,-0.045860149,0.475230147,0.082373863,0.335323837,0.236956358,0.001673475,0.167337115,-0.399511085,0.066719266,-0.222024722,0.165427576,0.461364482,0.416018383,0.573086735,-0.36544598,0.403627537,-0.264310329,-0.295303279,0.105962348,-0.259794987,-0.014950702,-0.258333952,-0.367923585,0.535471469,0.504765053,0.062875368,0.284638097,0.130060529,0.282605873,0.275080856,0.474046692,0.488194156,0.443417987,0.142892756,0.123313351,0.213698202,-0.465488524,-0.515318103
"BIOCARTA_TCAPOPTOSIS_PATHWAY",-0.25177931,-0.398326143,0.402164144,0.613564072,-0.582944837,0.635627722,-0.616842675,0.161912605,-0.470231366,-0.539932031,0.238649698,-0.012831451,0.451871505,-0.470246552,0.588466072,-0.235671089,0.752344152,0.456300505,-0.736457563,0.524653146,0.250071891,0.599982278,-0.167793036,-0.16715795,0.197345322,-0.452853913,0.419449843,0.686253272,0.78328369,0.45166388,0.613083739,-0.306485029,-0.491403636,-0.533032434,-0.055501818,0.659265277,0.753233645,0.264866954,0.255667525,0.184730721,0.369425286,-0.772690352,0.515393886,-0.539940428,-0.466825604,0.326963734,-0.651412582,0.812163734,0.621626501,0.199433913
"BIOCARTA_TUBBY_PATHWAY",-0.012359044,0.375398403,-0.854758683,-0.094472547,0.159690402,-0.078986867,-0.653864596,-0.67501837,0.880649526,0.696999452,-0.412197218,0.030431333,-0.016267697,0.660435286,0.69658452,-0.582579315,0.617151722,-0.53166212,-0.524906634,0.553901669,0.438806322,-0.459206581,-0.604928836,0.191377779,0.298507753,-0.039944838,0.086015675,-0.755063562,-0.252008225,-0.598836217,-0.241360052,-0.754803789,-0.612683916,-0.555569424,-0.575313812,-0.532801453,-0.578938212,-0.024176816,-0.753179973,0.226219234,0.404691024,-0.532394724,-0.403788904,0.158971621,-0.63367577,-0.609386609,0.410193956,0.440875379,-0.047765922,-0.524579713
"KEGG_HUNTINGTONS_DISEASE",0.124630708,-0.177240339,0.080347938,-0.324738974,-0.17999409,0.23179188,0.270853713,0.363616621,-0.040756431,0.43534394,0.084870383,0.062103944,0.290680188,-0.457750007,-0.317453611,0.241385612,-0.233151341,0.440836285,0.335002832,0.162748609,-0.250446265,-0.060342326,-0.087558593,-0.312293479,0.205422436,0.168545413,-0.273635655,-0.113213845,0.311502346,0.301999325,0.232323966,0.396943926,0.384859892,0.324807902,0.390560631,0.380521563,0.36332578,0.422283799,0.250357275,-0.230085598,0.072754607,0.444944806,0.282131561,0.117571541,0.346542187,0.333478602,-0.311633646,-0.422680198,-0.175381449,0.344965151
"BIOCARTA_PTC1_PATHWAY",0.508697582,-0.574730535,0.294128343,-0.483541289,-0.404958767,0.32372635,0.16616366,0.373714677,-0.272576743,0.212550883,-0.530842401,-0.245949587,-0.004805476,-0.443361085,-0.546761381,0.437553854,-0.320710377,0.296221008,0.215462378,0.118200063,-0.116366609,0.461122861,-0.152087645,0.178533324,-0.456714791,-0.345344469,0.452683487,0.236811726,0.296920885,0.258523885,0.348997931,0.352373936,0.384226075,-0.606372172,-0.038439101,0.446783561,0.445509531,0.676708838,0.374453683,-0.558488366,-0.450641223,-0.185351467,-0.011386783,0.34169667,0.415578765,0.201179532,-0.243520242,-0.231352937,-0.335957586,-0.253015424
"KEGG_MEDICUS_REFERENCE_ORGANIZATION_OF_THE_INNER_KINETOCHORE",0.28797493,-0.680292568,0.520460725,-0.238512475,-0.665872904,0.302288154,0.384629393,0.266741179,-0.496719117,0.693723813,0.036507777,-0.291070335,-0.672037127,-0.69449654,-0.435003266,0.423966962,-0.424477884,0.050298125,0.617917313,-0.147873738,-0.390258939,0.044169452,-0.359531016,0.065281324,-0.304065968,-0.141976928,-0.278002149,0.288045815,0.474406895,0.222836873,0.391964398,0.541190386,0.418760608,-0.109056088,-0.468583572,0.483243579,0.575374724,0.697782283,0.630938947,-0.716224691,-0.50577629,0.335869188,0.439660668,0.519142391,0.685906044,0.589798366,-0.576952316,-0.623411287,-0.51907747,-0.427954289
"KEGG_MEDICUS_REFERENCE_COHESIN_ACETYLATION",-0.260032749,-0.656637095,-0.051439083,-0.492338956,-0.664521636,-0.358375658,0.297621672,-0.685471493,0.462895831,0.499938035,-0.122993953,-0.6519642,-0.64682559,-0.528631825,-0.361531495,0.681474375,-0.301027341,0.023421696,0.454873411,-0.483342715,-0.213090138,-0.488707584,-0.238957991,0.569611116,-0.785461792,0.013949791,-0.085009112,-0.447424933,-0.105806891,-0.362547368,0.181154298,-0.154820594,-0.24816196,-0.594690412,-0.597676216,-0.422085726,-0.18594858,0.241647407,0.442572006,-0.670305874,-0.648019489,-0.680563418,-0.3840552,0.708681152,0.50930732,-0.219461915,-0.073847413,-0.687971234,-0.62148405,-0.654673357
"KEGG_MEDICUS_REFERENCE_KINETOCHORE_MICROTUBULE_ATTACHMENT",0.108833618,-0.254704863,0.489620864,0.008805488,-0.487334919,0.41198942,0.480612591,0.178837853,-0.307836164,0.461235272,0.502948253,-0.031000984,-0.310294224,0.247147714,0.082839681,0.479531777,0.217820782,0.119405278,0.267188711,-0.332568623,0.049578261,-0.396029216,-0.051337641,0.516920276,0.249452464,0.504284743,-0.291118513,0.332969059,-0.092825526,-0.334806955,0.218742883,-0.07392046,0.086337585,-0.24924439,-0.569228326,0.541108159,0.526349816,-0.024394654,0.383501208,-0.211626035,0.018763499,0.115529491,0.512455928,0.540027418,0.492600592,0.362586831,-0.008787745,0.053631092,-0.561570691,-0.582315772
"KEGG_MEDICUS_REFERENCE_MICROTUBULE_DEPOLYMERIZATION_AT_THE_MINUS_ENDS",0.254046045,-0.085559469,0.524713506,0.105584768,-0.446692303,0.399910924,0.544368686,0.288829061,-0.36988708,0.486399354,0.533098406,0.090894962,-0.067133043,0.159231873,-0.025660084,0.390041454,0.087948058,0.123000413,0.355277651,-0.350553285,-0.018736373,-0.36335998,-0.044398735,0.491464143,0.538267866,0.524358907,-0.281435461,0.38049197,-0.124721262,-0.130676894,0.290993108,0.015992518,0.158286975,-0.42025037,-0.472388087,0.53113005,0.577148985,0.073070509,0.445691195,-0.307670957,0.273501471,0.24074467,0.549469791,0.52089138,0.529689813,0.386488693,0.094283392,0.047512283,-0.465731295,-0.494490672
"KEGG_MEDICUS_REFERENCE_PRE_IC_FORMATION",0.35044173,-0.591168557,0.579865407,-0.185624551,-0.771545803,0.504191847,0.593915751,0.504635141,-0.278723546,0.667869056,0.570714836,-0.051859197,-0.599215271,-0.449097289,-0.116007119,0.624178891,-0.554718783,0.203203854,0.473743431,0.134875386,0.474404494,0.214175111,0.174938975,0.254390354,-0.294104794,0.09110679,-0.329805125,0.259542929,0.318862662,-0.283160236,0.439062282,0.411905566,0.187495497,-0.12814356,-0.665121463,0.448335054,0.327426355,0.628480972,0.69506872,-0.704190808,-0.61526501,0.061510956,0.468500412,0.599614697,0.650712098,0.611927729,-0.456884303,-0.570814949,-0.703440904,-0.651624865
"KEGG_MEDICUS_REFERENCE_CA2_ENTRY_STORE_OPERATED_CA2_CHANNEL",-0.29132041,0.003226432,-0.152735523,-0.538123476,0.154561039,0.444826851,0.054046738,0.473339042,0.144417948,0.096311302,0.018542903,0.230510735,0.019747523,0.376929689,0.452182985,-0.637961717,0.356819336,-0.52926533,0.22026111,0.177037852,-0.169569934,-0.150130382,0.360297893,-0.241701221,0.16227346,0.165171599,0.187490969,-0.571749704,-0.544539383,0.224390404,-0.678450147,-0.566643894,-0.545435205,0.717575019,-0.68092596,0.382363836,0.000417308,-0.099189367,0.25535829,0.053234684,0.479845613,0.262266907,0.257060705,-0.566740386,0.146275469,-0.042111733,-0.185881338,0.463861034,0.229739833,-0.088243255
"SA_REG_CASCADE_OF_CYCLIN_EXPR",0.187130395,-0.477828545,0.464788972,0.022882403,-0.553674394,0.344024639,0.496293049,0.617835204,-0.152326997,0.577608444,0.339146023,-0.27428816,-0.555509454,-0.438089656,0.219089899,0.282320212,-0.410701083,0.205405577,0.557630482,-0.044004613,-0.218589861,-0.323135474,0.277201426,0.182988265,0.076570097,0.257256299,0.091729866,0.207000843,0.236017682,0.226608805,0.308276047,0.336416483,-0.107501789,-0.365913799,-0.586740271,0.390927425,0.418000323,0.261983004,0.556212188,-0.524254832,-0.191597321,0.519426487,0.477328922,0.495343114,0.49450957,0.558711876,-0.422610625,-0.289482973,-0.401642616,-0.698055497
"KEGG_MEDICUS_REFERENCE_ITGA_B_TALIN_VINCULIN_SIGNALING_PATHWAY",0.180477263,0.036671647,0.472471011,0.370022357,-0.31307857,-0.328822905,-0.007052462,0.158634536,-0.359059966,-0.508249846,0.158709248,0.320321425,0.463657028,0.528697547,0.075750681,-0.008983,0.438189524,-0.161651462,-0.40937549,-0.459964168,0.204154157,0.396348151,0.191020132,0.130828559,0.464197203,-0.32697108,0.18748977,0.237318391,-0.446646011,-0.503193838,-0.410934969,-0.352954174,0.171535319,0.144436394,-0.577463525,0.1005091,0.115852816,-0.365109015,-0.028765237,0.229774638,0.619785221,-0.173991094,0.382678004,-0.367561293,-0.30616184,0.143417171,0.217897781,0.293126945,0.229369577,-0.437055996
"KEGG_MEDICUS_REFERENCE_UCHL1_MEDIATED_HYDROLYSIS",0.134281989,-0.465089317,0.538362646,-0.293425208,-0.472257262,0.487986707,0.534424926,0.780260301,-0.86367856,-0.271989699,0.374521752,-0.32766772,0.312434209,-0.548870824,-0.681908097,0.57623719,-0.103130921,0.593169235,0.202191353,0.259064665,0.480065173,0.317791335,0.136450072,-0.340308066,0.380296065,0.440980895,-0.324528511,0.405731922,0.383752905,0.145155458,0.511398474,0.584087067,0.455633889,0.144925089,0.453655267,0.784838396,0.633409281,0.761165451,-0.054272236,-0.235367693,0.591226103,0.152293091,0.572228092,0.032029024,0.623393532,0.660074383,0.52214508,0.440183379,-0.239014707,0.51319418
"KEGG_MEDICUS_REFERENCE_SPINDLE_ASSEMBLY_CHECKPOINT_SIGNALING",0.012950335,-0.277557866,0.219120932,-0.422451462,-0.360247671,0.122537011,0.233943853,0.333241027,-0.045005125,0.603049488,0.251035666,-0.354558068,-0.430314883,-0.52371018,-0.481008843,0.562912559,-0.386018488,0.341087812,0.476247412,-0.009183501,-0.292861868,0.238181169,-0.007397047,0.415865859,-0.468183897,-0.171045079,-0.400194841,0.102980098,0.098743767,-0.26171987,0.247345842,0.47371694,0.072460763,-0.397148827,-0.245124269,0.450455581,0.506277749,0.490662003,0.462164054,-0.575285596,-0.321575671,0.03709974,0.418249828,0.582485002,0.489431105,0.534616701,-0.436068076,-0.522689852,-0.529462123,-0.089202492
"BIOCARTA_MITR_PATHWAY",0.553314315,0.514747593,0.525407729,0.727084085,0.043666546,0.015151527,-0.39212129,-0.285198312,-0.667087694,0.173303787,0.656543534,0.555214724,0.575153374,0.601856316,0.039967521,-0.626578852,0.760675732,-0.468906823,-0.004204037,0.233813831,-0.029953086,0.353239455,-0.434081322,0.236241691,0.754606274,0.047643765,0.35684592,0.023568915,0.111940661,0.614453417,-0.292420391,0.366565521,-0.082196845,0.694973728,-0.390033527,0.603051944,0.75076192,0.254424881,0.785980501,-0.499565514,0.582454992,0.605327482,0.665824612,-0.243622373,-0.005991372,0.709118744,-0.399623021,0.615118067,0.460232423,-0.576855756
"KEGG_MEDICUS_REFERENCE_ELECTRON_TRANSFER_IN_COMPLEX_I",0.286637719,-0.476449779,-0.219132259,-0.526140645,-0.350345185,0.324198163,0.208684276,0.405263168,-0.326006693,0.535898451,-0.06288811,-0.265695394,0.222798804,-0.55993744,-0.368128173,0.169321398,-0.368364856,0.619182471,0.37151438,0.173167177,-0.545378196,-0.11626251,-0.178371446,-0.472699079,0.010244728,0.066283572,-0.547143945,-0.317990635,0.389567676,0.448341531,0.209699525,0.571499959,0.357392051,0.388585342,0.488672825,0.498651892,0.360089445,0.555001914,0.172921794,-0.388011207,-0.138296897,0.49875234,0.267178851,0.001382599,0.43983011,0.457860159,-0.424775997,-0.515733435,-0.001951891,0.391667746
"KEGG_MEDICUS_REFERENCE_P27_CELL_CYCLE_G1_S",0.048227295,-0.371509068,0.316773982,-0.197334142,-0.317280489,0.021095418,0.440419304,0.449577323,-0.175191071,0.510574364,0.497625421,0.058171254,-0.275693711,-0.443921058,0.109468578,0.45051219,-0.45856735,0.260887832,0.41368941,0.024773177,-0.007761034,-0.401704958,0.137831038,0.25101053,0.138251119,-0.2123874,-0.160508548,0.480265548,0.270922022,0.118889462,0.456365466,0.654026591,0.231863755,-0.231600598,-0.436396186,0.512744033,0.452733006,0.523026007,0.557234614,-0.375529177,-0.026074668,0.320543347,0.239133712,0.510741733,0.559937756,0.562620149,-0.417411298,-0.31763837,-0.425426143,-0.349219832
"KEGG_MEDICUS_REFERENCE_REGULATION_OF_EXTRINSIC_APOPTOTIC_PATHWAY_XIAP",0.556151849,0.278300538,0.486130707,-0.477963544,0.004240729,-0.038797325,-0.351498169,-0.42636674,0.599834536,0.375710548,0.309871421,0.466270099,0.354659838,0.760173238,0.466197076,-0.362920561,0.292977322,-0.19888849,-0.343900006,-0.493839774,-0.337496855,-0.009114672,0.38985445,0.583226549,-0.458682734,-0.162014378,0.732630197,0.534561035,-0.170095058,0.02908561,0.022752561,0.101145899,0.497496171,0.376619012,-0.126680502,-0.211571875,0.391757355,-0.408914554,0.05113995,-0.187122723,-0.186533282,-0.214445447,-0.175098945,-0.488149459,-0.153485541,-0.25429795,0.745470501,-0.415751577,-0.295958498,-0.085720854
"KEGG_MEDICUS_REFERENCE_PYRIN_INFLAMMASOME_SIGNALING_PATHWAY",0.027769219,-0.568224708,0.099251105,0.698420983,-0.45530679,-0.401772613,-0.778341269,0.601049851,-0.59875485,-0.141866404,0.142761618,0.144041803,0.597104924,-0.0297168,-0.086637308,0.223777674,-0.05447706,0.560969546,-0.549504699,0.301312487,-0.312144664,0.618620127,0.25528444,-0.526254512,-0.363097689,-0.123835913,0.575054571,0.730849048,0.718397546,0.591268396,0.567806551,0.172576931,0.603227926,-0.248127763,-0.383500433,0.670911867,0.578974295,0.433474779,0.653588359,0.590077138,-0.091205438,0.440956989,0.491717154,-0.621542257,0.425792555,0.377209286,-0.638433265,0.395254497,0.68755026,-0.011203722
"KEGG_DNA_REPLICATION",0.406319937,-0.489851979,0.526215657,-0.305605857,-0.528062049,0.451022942,0.494385555,0.359694771,-0.265331853,0.648878615,0.380416496,-0.034501771,-0.572086295,-0.482698624,-0.227678312,0.532465654,-0.624829535,0.138697583,0.346423072,0.022065173,0.229888772,0.284080732,0.166611932,-0.023696674,-0.384281233,0.035619968,-0.371027175,0.274813285,0.146307328,-0.018748123,0.559231579,0.342543623,0.292714278,-0.044965803,-0.466900618,0.400358754,0.302369824,0.457387317,0.602876767,-0.672638381,-0.412764896,0.404978216,0.428580169,0.446527897,0.661550591,0.56420523,-0.22455757,-0.44597515,-0.56961682,-0.35346513
"KEGG_TASTE_TRANSDUCTION",-0.317421685,-0.304633177,-0.520017472,0.233372626,0.246690779,-0.280338323,-0.04309201,-0.178470422,-0.038189737,-0.514795142,-0.197512104,0.006733888,-0.340288951,0.072459382,0.256383918,-0.41407102,0.029695516,-0.231326614,0.078177591,0.279877943,-0.217592904,-0.47778185,-0.271918764,0.067639412,-0.318716966,0.221548528,0.008977315,-0.325486164,-0.331524323,-0.526590939,-0.437192142,-0.344276882,-0.397108707,-0.277332956,0.042047066,-0.337460842,-0.426270394,-0.171547553,-0.409700927,0.079757573,-0.349226103,-0.415027036,-0.41481566,-0.29523594,-0.390893022,-0.276052016,-0.089085652,0.01890755,0.28197606,-0.374676088
"KEGG_MEDICUS_REFERENCE_OKAZAKI_FRAGMENT_MATURATION",0.460368176,-0.51837956,0.442694367,-0.445657315,-0.532839187,0.511795316,0.475303119,0.064762822,-0.332017223,0.576610073,0.512886147,-0.393221416,-0.471635384,-0.510081115,-0.263693722,0.508080811,-0.730071236,0.20404209,0.136276566,0.349464853,-0.238205429,0.312423633,-0.003253412,-0.392523343,-0.292227857,-0.105148026,-0.407890082,0.079097803,0.153282122,-0.073858363,0.553504766,0.3108525,0.430911727,-0.047478716,-0.522742693,0.108177936,0.358386141,0.404527116,0.615200636,-0.621942752,-0.407844888,0.184306541,0.43413857,0.431045457,0.691466812,0.511476604,-0.445931229,-0.55317391,-0.230754133,-0.283162673
"BIOCARTA_MCM_PATHWAY",0.126964294,-0.396327729,0.576732909,-0.176983602,-0.71365498,0.413527289,0.427743253,0.523548172,-0.106098917,0.598608846,0.574909,0.159199178,-0.574617289,-0.2637629,-0.045528455,0.625235986,-0.574864003,0.328888469,0.396446838,0.068744354,0.409359407,0.129618634,0.329511954,0.491608587,-0.068420959,0.108494496,-0.301854961,0.341983584,0.274311763,-0.356851577,0.558385391,0.371521186,0.139500042,0.164046974,-0.684638667,0.488857746,0.296278969,0.658721664,0.711702449,-0.684844655,-0.580700162,0.094118534,0.418406505,0.443245304,0.51861909,0.588035327,-0.361618237,-0.507373223,-0.638216051,-0.657706929
"KEGG_MEDICUS_REFERENCE_BETA_OXIDATION_PEROXISOME_VLCFA",-0.095215803,0.519774027,-0.63250563,-0.008988968,0.793522528,-0.145821495,0.175698773,0.088333484,0.590634305,-0.71081837,-0.243872809,0.741567011,0.603220131,-0.13972944,-0.082047372,-0.552889823,-0.425031641,-0.48674934,-0.480906315,0.179458281,0.191640859,0.814820222,0.303323843,0.226321314,-0.603004086,-0.505081823,0.552571897,-0.591124191,-0.118433937,0.334313411,-0.484540621,0.185736818,0.711669172,0.13501241,0.523546196,-0.469006587,-0.556260499,-0.405151982,-0.618195453,0.736141575,-0.308694554,0.296195418,-0.481309074,-0.640915626,-0.464749936,-0.694532812,-0.584458581,-0.208571779,0.08027268,0.802828224
"BIOCARTA_CTL_PATHWAY",-0.18164376,-0.5076574,0.493478196,0.410398712,-0.691752669,0.583639437,-0.652304193,0.298657238,-0.492419529,-0.466908831,0.080451467,-0.224142441,0.454255976,-0.437944813,0.62802102,-0.320012372,0.647952274,0.505842773,-0.736338739,0.561566552,-0.19214894,0.558842931,-0.062984246,0.108562426,0.198920579,-0.093657216,0.456595798,0.588010064,0.743592851,0.366618565,0.659216671,-0.319921224,-0.524217957,-0.512765107,-0.290660119,0.599614096,0.746396071,0.179656654,0.320755936,0.153683718,0.118974728,-0.700772919,0.580721755,-0.679838505,-0.401633937,0.315274545,-0.593999834,0.777878104,0.58814123,-0.137786245
"BIOCARTA_MELANOCYTE_PATHWAY",-0.140048679,0.586562419,-0.498448749,-0.092891644,0.468254046,-0.575882365,0.350043489,-0.509947259,0.339296344,-0.428520688,-0.298171203,0.352467301,0.363045593,0.488690272,0.55395648,-0.402532391,0.364262485,-0.697092495,-0.250666844,0.177069096,0.524438568,0.257861454,-0.379178205,0.210564098,-0.011551304,0.391042417,0.411816869,0.196823391,-0.287067954,-0.185932745,-0.273817207,-0.150985844,-0.324882069,0.438766597,0.111350414,-0.384980469,-0.356117896,-0.368544034,-0.257991286,0.497629114,-0.199786015,-0.076555453,-0.192768025,-0.107307007,-0.751630194,-0.482501901,0.362645082,0.555757382,-0.095707702,0.334845704
"KEGG_OXIDATIVE_PHOSPHORYLATION",0.202507267,-0.374663291,-0.147290216,-0.234674501,-0.205577199,0.371085259,0.268059485,0.42392369,-0.11885658,0.521672225,-0.090091652,-0.081331283,0.341298791,-0.542649135,-0.446284771,0.161819764,-0.205590664,0.611532082,0.447901671,0.286797436,-0.419801694,-0.057328457,-0.19434541,-0.405687275,0.099110275,0.191661889,-0.402899139,-0.219904988,0.460359554,0.409156292,0.298806853,0.566942959,0.365580606,0.381823381,0.467886731,0.53754559,0.412204245,0.540866415,0.245205262,-0.097489651,0.060406574,0.594181387,0.339229315,-0.032252649,0.430791611,0.490587695,-0.457355993,-0.406701523,-0.067530768,0.457039832
"BIOCARTA_RANKL_PATHWAY",0.161099829,0.066278947,0.329853183,-0.01891327,0.382288601,-0.2091551,-0.32738718,0.032074249,0.123568112,-0.28150822,0.333871676,0.133488566,0.187490588,0.462582536,0.152332317,0.358091276,0.1396117,0.310875142,-0.457328713,-0.372521679,-0.264367186,0.163869973,0.335156251,0.343874644,-0.290954286,-0.259843261,0.412361815,0.207772304,-0.234220825,-0.297558043,-0.209916694,0.153628866,0.372137841,-0.12317836,-0.312968451,-0.276750827,0.329300226,-0.400419269,-0.069531516,0.335525053,-0.201362519,-0.413875359,-0.086403183,0.12965497,-0.164769561,-0.55070113,0.156190327,0.200246541,0.143173312,0.012196854
