"Pathway","Variance"
"KEGG_MEDICUS_REFERENCE_STEROID_HORMONE_BIOSYNTHESIS_PROGESTERONE_TO_CORTISOL_CORTISONE",0.381151778907346
"KEGG_MEDICUS_ENV_FACTOR_PHIP_TO_DNA_ADDUCTS",0.334008258582613
"KEGG_MEDICUS_REFERENCE_MODIFYING_OF_CONDENSIN_I_SUBUNITS",0.305417250202613
"KEGG_MEDICUS_REFERENCE_RECRUITMENT_AND_FORMATION_OF_THE_MCC",0.29642025047827
"BIOCARTA_SLRP_PATHWAY",0.292241336901782
"KEGG_MEDICUS_PATHOGEN_KSHV_MIR1_2_TO_ANTIGEN_PROCESSING_AND_PRESENTATION_BY_MHC_CLASS_I_MOLECULES",0.28879441336656
"KEGG_MEDICUS_REFERENCE_SEROTONIN_METABOLISM",0.28813123942976
"KEGG_MEDICUS_REFERENCE_REGULATION_OF_COMPLEMENT_CASCADE_CFHR",0.282449903976572
"KEGG_MEDICUS_PATHOGEN_HTLV_1_P12_TO_ANTIGEN_PROCESSING_AND_PRESENTATION_BY_MHC_CLASS_I_MOLECULES",0.280825466674066
"KEGG_MEDICUS_PATHOGEN_HIV_VPR_TO_WEE1_CELL_CYCLE_G2M",0.27218006691515
"KEGG_MEDICUS_REFERENCE_HEDGEHOG_SIGNALING_PATHWAY_HH_LIGAND_SECRETION",0.270789175697849
"KEGG_MEDICUS_PATHOGEN_HPV_E5_TO_ANTIGEN_PROCESSING_AND_PRESENTATION_BY_MHC_CLASS_I_MOLECULES",0.268324977878954
"KEGG_MEDICUS_REFERENCE_CENPE_INTERACTION_WITH_NDC80_COMPLEX",0.26548728158079
"KEGG_MEDICUS_REFERENCE_DEPHOSPHORYLATION_OF_KINETOCHORE",0.262802949774813
"KEGG_MEDICUS_ENV_FACTOR_NNK_TO_DNA_ADDUCTS",0.261813155421673
"BIOCARTA_DICER_PATHWAY",0.258814558684041
"KEGG_MEDICUS_REFERENCE_MODIFYING_OF_CONDENSIN_II_SUBUNITS",0.257502132083209
"KEGG_MEDICUS_REFERENCE_TRANSLATION_INITIATION",0.256439795438509
"KEGG_RIBOSOME",0.251972461296317
"KEGG_MEDICUS_REFERENCE_TRANSPORT_OF_CALCIUM",0.251155737022041
"KEGG_MEDICUS_REFERENCE_ANXA2_S100A10_REGULATED_ACTIN_CYTOSKELETON",0.248506635454881
"BIOCARTA_TCAPOPTOSIS_PATHWAY",0.243025787402741
"KEGG_MEDICUS_REFERENCE_BETA_OXIDATION_PEROXISOME_VLCFA",0.236846792271897
"BIOCARTA_TUBBY_PATHWAY",0.235176500412106
"BIOCARTA_CTL_PATHWAY",0.234979367753921
"KEGG_MEDICUS_PATHOGEN_SARS_COV_2_S_TO_CLASSICAL_PATHWAY_OF_COMPLEMENT_CASCADE",0.233708765876461
"KEGG_MEDICUS_REFERENCE_BREAK_INDUCED_REPLICATION",0.231568843158339
"KEGG_MEDICUS_REFERENCE_ELECTRON_TRANSFER_IN_COMPLEX_III",0.229134870138534
"KEGG_MEDICUS_REFERENCE_LECTIN_PATHWAY_OF_COAGULATION_CASCADE_FIBRINOGEN_TO_FIBRIN",0.229068969137174
"KEGG_MEDICUS_REFERENCE_PRE_IC_FORMATION",0.22510005703662
"KEGG_MEDICUS_REFERENCE_WEE1_CELL_CYCLE_G2_M",0.224523265806955
"KEGG_MEDICUS_VARIANT_AML1_ETO_FUSION_TO_PU.1_MEDIATED_TRANSCRIPTION",0.223861910975552
"KEGG_MEDICUS_REFERENCE_LEWIS_X_ANTIGEN_BIOSYNTHESIS",0.222685586280792
"BIOCARTA_TCRA_PATHWAY",0.220634357155899
"KEGG_MEDICUS_REFERENCE_ORGANIZATION_OF_THE_INNER_KINETOCHORE",0.220251715167897
"KEGG_MEDICUS_REFERENCE_DNA_REPLICATION_LICENSING",0.220059175470857
"KEGG_MEDICUS_PATHOGEN_HTLV_1_TAX_TO_SRF_MEDIATED_TRANSCRIPTION",0.217985302659587
"KEGG_MEDICUS_PATHOGEN_SARS_COV_2_S_N_TO_LECTIN_PATHWAY_OF_COAGULATION_CASCADE",0.214596144043887
"KEGG_MEDICUS_REFERENCE_REGULATION_OF_FIBRINOLYTIC_SYSTEM_PAI",0.212458923308133
"KEGG_MEDICUS_REFERENCE_ANTIGEN_PROCESSING_AND_PRESENTATION_BY_MHC_CLASS_II_MOLECULES",0.211737642254979
"KEGG_MEDICUS_REFERENCE_TYROSINE_DEGRADATION",0.211613964607245
"KEGG_MEDICUS_REFERENCE_PYRIN_INFLAMMASOME_SIGNALING_PATHWAY",0.209981991401001
"KEGG_MEDICUS_REFERENCE_NLRP1_INFLAMMASOME_SIGNALING_PATHWAY",0.20979672262511
"BIOCARTA_BBCELL_PATHWAY",0.207962422355362
"KEGG_MEDICUS_REFERENCE_ORIGIN_UNWINDING_AND_ELONGATION",0.207574568110039
"BIOCARTA_SM_PATHWAY",0.20703534193693
"KEGG_MEDICUS_REFERENCE_ANTIGEN_PROCESSING_AND_PRESENTATION_BY_MHC_CLASS_I_MOLECULES",0.204633853662772
"BIOCARTA_THELPER_PATHWAY",0.204545871805842
"BIOCARTA_ASBCELL_PATHWAY",0.204462340201331
"KEGG_MEDICUS_REFERENCE_ORGANIZATION_OF_THE_OUTER_KINETOCHORE",0.204214619631365
"KEGG_MEDICUS_REFERENCE_RORA_MEDIATED_TRANSCRIPTION",0.20364825099852
"BIOCARTA_TCYTOTOXIC_PATHWAY",0.202891203173296
"BIOCARTA_EOSINOPHILS_PATHWAY",0.201857423415808
"KEGG_GRAFT_VERSUS_HOST_DISEASE",0.201003312227862
"KEGG_AUTOIMMUNE_THYROID_DISEASE",0.199921791858452
"KEGG_MEDICUS_REFERENCE_NALP12_INFLAMMASOME_SIGNALING_PATHWAY",0.19818432096098
"KEGG_MEDICUS_REFERENCE_NON_CANONICAL_INFLAMMASOME_SIGNALING_PATHWAY",0.197513323832064
"BIOCARTA_MITR_PATHWAY",0.197426947195295
"KEGG_MEDICUS_REFERENCE_NLRC4_INFLAMMASOME_SIGNALING_PATHWAY",0.196823740162216
"KEGG_MEDICUS_REFERENCE_TRAIP_DEPENDENT_REPLISOME_DISASSEMBLY",0.196280074969208
"BIOCARTA_NO2IL12_PATHWAY",0.195713880346505
"BIOCARTA_MCM_PATHWAY",0.195545685057049
"KEGG_MEDICUS_REFERENCE_PLASMIN_MEDIATED_ACTIVATION_OF_LATENT_TGF_BETA",0.195092273607369
"KEGG_ALLOGRAFT_REJECTION",0.193902135580337
"KEGG_MEDICUS_REFERENCE_SIALYL_LEWIS_X_ANTIGEN_BIOSYNTHESIS",0.193723310710239
"BIOCARTA_DC_PATHWAY",0.1922042499692
"KEGG_MEDICUS_ENV_FACTOR_NICOTINE_TO_JAK_STAT_SIGNALING_PATHWAY",0.190943194063484
"KEGG_MEDICUS_PATHOGEN_HTLV_1_TAX_TO_NFY_MEDIATED_TRANSCRIPTION",0.190376786955481
"KEGG_MEDICUS_REFERENCE_CDC25_CELL_CYCLE_G2_M",0.190024589680301
"KEGG_MEDICUS_REFERENCE_MANNOSE_TYPE_O_GLYCAN_BIOSYNTHESIS_POMT_TO_POMK",0.186612080585836
"KEGG_MEDICUS_REFERENCE_REGULATION_OF_COMPLEMENT_CASCADE_MAC_INHIBITION",0.186464394708334
"KEGG_MEDICUS_REFERENCE_26S_PROTEASOME_MEDIATED_PROTEIN_DEGRADATION",0.185957208185541
"KEGG_MEDICUS_REFERENCE_COMMON_PATHWAY_OF_COMPLEMENT_CASCADE_MAC_FORMATION",0.185730035027876
"BIOCARTA_PROTEASOME_PATHWAY",0.184759441276199
"KEGG_MEDICUS_REFERENCE_DNA_REPLICATION_TERMINATION",0.183236049310625
"KEGG_MEDICUS_PATHOGEN_ARSENIC_TO_ELECTRON_TRANSFER_IN_COMPLEX_II",0.183115931552407
"KEGG_ASTHMA",0.182692928145604
"KEGG_MEDICUS_PATHOGEN_SHIGELLA_IPAB_C_D_TO_ITGA_B_TALIN_VINCULIN_SIGNALING_PATHWAY",0.182005629382869
"KEGG_MEDICUS_REFERENCE_TESTOSTERONE_BIOSYNTHESIS",0.181823861956694
"KEGG_MEDICUS_REFERENCE_LONG_PATCH_BER",0.181255946906354
"BIOCARTA_RANMS_PATHWAY",0.180718872779301
"KEGG_MEDICUS_REFERENCE_INACTIVATION_OF_CONDENSIN_I",0.180171747637193
"KEGG_MEDICUS_PATHOGEN_HTLV_1_P12_TO_JAK_STAT_SIGNALING_PATHWAY",0.179755595405022
"KEGG_MEDICUS_REFERENCE_ERK_RSK_SIGNALING",0.179726342757705
"KEGG_MEDICUS_REFERENCE_COHESIN_ACETYLATION",0.179656194280439
"KEGG_MEDICUS_REFERENCE_NLRP3_INFLAMMASOME_SIGNALING_PATHWAY",0.179520006710281
"KEGG_MEDICUS_REFERENCE_CLASSICAL_PATHWAY_OF_COMPLEMENT_CASCADE_C4_C2_TO_C3_CONVERTASE_FORMATION",0.17780019066764
"KEGG_MEDICUS_REFERENCE_UCHL1_MEDIATED_HYDROLYSIS",0.176708509104207
"KEGG_MEDICUS_REFERENCE_LECTIN_PATHWAY_OF_COAGULATION_CASCADE_PROTHROMBIN_TO_THROMBIN",0.176398862824381
"BIOCARTA_PELP1_PATHWAY",0.175978096879247
"BIOCARTA_LECTIN_PATHWAY",0.175726184024074
"KEGG_MEDICUS_ENV_FACTOR_METALS_TO_KEAP1_NRF2_SIGNALIG_PATHWAY",0.175582630986855
"KEGG_MEDICUS_REFERENCE_NUCLEAR_INITIATED_PROGESTERONE_SIGNALING_PATHWAY",0.175305071551831
"KEGG_MEDICUS_REFERENCE_TNFSF10_RIPK1_3_SIGNALING_PATHWAY",0.17455227110509
"BIOCARTA_ION_PATHWAY",0.174436678505953
"KEGG_MEDICUS_PATHOGEN_EBV_EBNA3C_TO_CELL_CYCLE_G1_S_N00484",0.174410498818974
"KEGG_MEDICUS_PATHOGEN_ESCHERICHIA_ESPJ_TO_IGG_FCGR_RAC_SIGNALING_PATHWAY",0.173986254492513
"KEGG_MEDICUS_REFERENCE_OKAZAKI_FRAGMENT_MATURATION",0.173666842522765
"KEGG_MEDICUS_PATHOGEN_HPV_E7_TO_P27_CELL_CYCLE_G1_S",0.173460876147968
"KEGG_MEDICUS_REFERENCE_ELECTRON_TRANSFER_IN_COMPLEX_IV",0.173402241629389
"KEGG_MEDICUS_ENV_FACTOR_ARSENIC_TO_ELECTRON_TRANSFER_IN_COMPLEX_IV",0.17301733985603
"KEGG_MEDICUS_REFERENCE_BMP9_10_SIGNALING_PATHWAY",0.173012892278163
"BIOCARTA_CTLA4_PATHWAY",0.172965660719486
"KEGG_MEDICUS_REFERENCE_BLOOD_GROUP_H_O_ANTIGEN_TYPE_1_BIOSYNTHESIS",0.171440959455233
"KEGG_MEDICUS_REFERENCE_UREA_CYCLE",0.170132301476874
"KEGG_MEDICUS_REFERENCE_TELOMERASE_RNA_MATURATION",0.169834046640421
"KEGG_MEDICUS_REFERENCE_KERATAN_SULFATE_DEGRADATION",0.169313729174343
"BIOCARTA_PLCD_PATHWAY",0.168819533767751
"KEGG_MEDICUS_REFERENCE_BCR_PLCG_ITPR_SIGNALING_PATHWAY",0.168176548085001
"BIOCARTA_EXTRINSIC_PATHWAY",0.167786999210611
"BIOCARTA_SUMO_PATHWAY",0.167725619443055
"KEGG_MEDICUS_REFERENCE_PRL_JAK_STAT_SIGNALING_PATHWAY",0.167600985201702
"BIOCARTA_BLYMPHOCYTE_PATHWAY",0.167527533319264
"KEGG_DNA_REPLICATION",0.167254804781879
"KEGG_MEDICUS_REFERENCE_CD40_NFKB_SIGNALING_PATHWAY",0.166915734617863
"KEGG_MEDICUS_REFERENCE_ALTERNATIVE_PATHWAY_OF_COMPLEMENT_CASCADE_C3B_BREAKDOWN",0.166689938829461
"KEGG_MEDICUS_PATHOGEN_ESCHERICHIA_TIR_TO_TLR2_4_MAPK_SIGNALING_PATHWAY",0.166167303381666
"KEGG_MEDICUS_REFERENCE_HOMOLOGOUS_RECOMBINATION",0.166141828713434
"BIOCARTA_BOTULIN_PATHWAY",0.166114070611922
"KEGG_MEDICUS_REFERENCE_MITOCHONDRIAL_COMPLEX_UCP1_IN_THERMOGENESIS",0.165911157852851
"BIOCARTA_NEUTROPHIL_PATHWAY",0.165500159252716
"KEGG_MEDICUS_REFERENCE_CA2_ENTRY_LIGAND_GATED_CA2_CHANNEL",0.164436608636397
"BIOCARTA_S1P_PATHWAY",0.164415091176678
"BIOCARTA_MHC_PATHWAY",0.164393533938481
"KEGG_MEDICUS_REFERENCE_REGULATION_OF_NLRP3_INFLAMMASOME_SIGNALING_PATHWAY_NLRP3_INHIBITION",0.164362450763773
"BIOCARTA_BARD1_PATHWAY",0.164141870359254
"KEGG_MEDICUS_PATHOGEN_SHIGELLA_FIMA_TO_CROSSTALK_BETWEEN_EXTRINSIC_AND_INTRINSIC_APOPTOTIC_PATHWAYS",0.164070731688148
"KEGG_PROTEASOME",0.163980199358476
"KEGG_MEDICUS_REFERENCE_CASR_PTH_SIGNALING_PATHWAY",0.163780423994531
"BIOCARTA_ACETAMINOPHEN_PATHWAY",0.163697512283914
"BIOCARTA_CPSF_PATHWAY",0.163598252347529
"BIOCARTA_ETC_PATHWAY",0.16352687615084
"KEGG_MEDICUS_REFERENCE_EGF_JAK_STAT_SIGNALING_PATHWAY",0.163428601998882
"KEGG_MEDICUS_REFERENCE_GLYCOSAMINOGLYCAN_BIOSYNTHESIS_LINKAGE_TETRASACCHARIDE",0.163427861858452
"BIOCARTA_PEPI_PATHWAY",0.163392979140115
"BIOCARTA_RARRXR_PATHWAY",0.163205081911377
"BIOCARTA_IL5_PATHWAY",0.161059865526142
"BIOCARTA_RHODOPSIN_PATHWAY",0.16093428759668
"KEGG_MEDICUS_PATHOGEN_HIV_VPR_TO_CDC25_CELL_CYCLE_G2M",0.16042054750017
"KEGG_MEDICUS_PATHOGEN_HCMV_UL33_TO_GNAQ_PLCB_G_CALCINEURIN_SIGNALING_PATHWAY",0.160383939473099
"KEGG_MEDICUS_REFERENCE_NOTCH_MESP2_SIGNALING",0.160059688264684
"KEGG_MEDICUS_REFERENCE_HOMOLOGOUS_RECOMBINATION_IN_ICLR",0.159394622034034
"KEGG_MEDICUS_REFERENCE_GLUTATHIONE_BIOSYNTHESIS",0.158788527778413
"KEGG_MEDICUS_PATHOGEN_EBV_EBNA3C_TO_P27_CELL_CYCLE_G1_S_N00482",0.158584332970226
"KEGG_MEDICUS_REFERENCE_ESTABLISHMENT_OF_COHESION",0.158376567786065
"BIOCARTA_IFNA_PATHWAY",0.157697758510122
"BIOCARTA_RECK_PATHWAY",0.157210805200955
"KEGG_MEDICUS_REFERENCE_GLYCOGEN_DEGRADATION_AMYLASE_",0.156811376897728
"KEGG_MEDICUS_PATHOGEN_SHIGELLA_IPAH7.8_TO_NLRP3_INFLAMMASOME_SIGNALING_PATHWAY",0.156546755490353
"KEGG_MEDICUS_PATHOGEN_KSHV_MIR2_TO_CELL_SURFACE_MOLECULE_ENDOCYTOSIS",0.156204286298686
"KEGG_MEDICUS_REFERENCE_HEPARAN_SULFATE_DEGRADATION",0.156151583101707
"BIOCARTA_STEM_PATHWAY",0.156031256645986
"KEGG_HOMOLOGOUS_RECOMBINATION",0.155555248081047
"KEGG_MEDICUS_ENV_FACTOR_BENZO_A_PYRENRE_TO_CYP_MEDIATED_METABOLISM",0.154875309330816
"KEGG_MEDICUS_REFERENCE_GH_JAK_STAT_SIGNALING_PATHWAY",0.153852812605307
"KEGG_MEDICUS_REFERENCE_TYPE_I_IFN_SIGNALING_PATHWAY",0.153737175226326
"BIOCARTA_FOSB_PATHWAY",0.153446640919963
"KEGG_MEDICUS_REFERENCE_CHOLESTEROL_BIOSYNTHESIS",0.153054605196838
"KEGG_MEDICUS_PATHOGEN_YERSINIA_YOPH_TO_TCR_NFAT_SIGNALING_PATHWAY",0.153016209413179
"KEGG_MEDICUS_REFERENCE_DOUBLE_HOLLIDAY_JUNCTION_RESOLUTION",0.152752487281222
"BIOCARTA_IL17_PATHWAY",0.152606668542831
"KEGG_INTESTINAL_IMMUNE_NETWORK_FOR_IGA_PRODUCTION",0.152170976838921
"KEGG_MEDICUS_REFERENCE_LECTIN_PATHWAY_OF_COMPLEMENT_CASCADE_C4_C2_TO_C3_CONVERTASE_FORMATION",0.152063685951578
"KEGG_MEDICUS_REFERENCE_GLUCONEOGENESIS",0.15177403203605
"BIOCARTA_MRP_PATHWAY",0.151338151031836
"KEGG_MEDICUS_REFERENCE_TSH_DUOX2_TG_SIGNALING_PATHWAY",0.151000470917123
"KEGG_MEDICUS_PATHOGEN_HTLV_1_TAX_TO_E47_MEDIATED_TRANSCRIPTION",0.150885327126473
"KEGG_MEDICUS_REFERENCE_ASSEMBLY_AND_TRAFFICKING_OF_TELOMERASE",0.150734392021077
"SA_REG_CASCADE_OF_CYCLIN_EXPR",0.15069308499238
"KEGG_MEDICUS_PATHOGEN_EBV_EBNA3C_TO_P27_CELL_CYCLE_G1_S_N00264",0.150491819242628
"KEGG_MEDICUS_REFERENCE_RAD51_DSDNA_DESTABILIZATION",0.149508659105439
"BIOCARTA_EGFR_SMRTE_PATHWAY",0.149168769847124
"BIOCARTA_WNT_LRP6_PATHWAY",0.148749871634649
"KEGG_MEDICUS_REFERENCE_PKR_EIF2ALPHA_SIGNALING_PATHWAY",0.148627417064543
"KEGG_MEDICUS_PATHOGEN_HIV_TAT_TO_TLR2_4_NFKB_SIGNALING_PATHWAY",0.148538744798392
"BIOCARTA_CELL2CELL_PATHWAY",0.148511217986827
"KEGG_MEDICUS_PATHOGEN_ESCHERICHIA_MAP_TO_LPA_GNA12_13_RHOA_SIGNALING_PATHWAY",0.147768579443069
"KEGG_TYPE_I_DIABETES_MELLITUS",0.147717482157747
"KEGG_MEDICUS_REFERENCE_LEUCINE_DEGRADATION",0.14724237854656
"KEGG_MEDICUS_PATHOGEN_HBV_HBX_TO_ERK_SIGNALING_PATHWAY",0.147235491642363
"BIOCARTA_MELANOCYTE_PATHWAY",0.147135803961469
"BIOCARTA_ALTERNATIVE_PATHWAY",0.147037157931403
"BIOCARTA_MSP_PATHWAY",0.146824491828375
"BIOCARTA_PPARG_PATHWAY",0.146479537353607
"KEGG_MEDICUS_REFERENCE_REGULATION_OF_EXTRINSIC_APOPTOTIC_PATHWAY_XIAP",0.146455558821062
"KEGG_MEDICUS_REFERENCE_CA2_PLCD_ITPR_SIGNALING_PATHWAY",0.146431192262035
"KEGG_MEDICUS_REFERENCE_SPINDLE_ASSEMBLY_CHECKPOINT_SIGNALING",0.145284497133022
"KEGG_MEDICUS_REFERENCE_MYOSTATIN_SIGNALING_PATHWAY",0.144991331407111
"KEGG_MEDICUS_REFERENCE_TAC3_TACR3_PLC_PKC_SIGNALING_PATHWAY",0.144537984534954
"BIOCARTA_RNAPOL3_PATHWAY",0.144221257250781
"KEGG_MEDICUS_REFERENCE_N_GLYCAN_PRECURSOR_BIOSYNTHESIS_ALG6_TO_OST",0.144155226178878
"KEGG_MEDICUS_REFERENCE_CHONDROITIN_SULFATE_BIOSYNTHESIS",0.143890276377684
"BIOCARTA_TH1TH2_PATHWAY",0.143629292298106
"KEGG_MEDICUS_REFERENCE_CITRATE_CYCLE_SECOND_CARBON_OXIDATION_2",0.143570335268812
"BIOCARTA_FIBRINOLYSIS_PATHWAY",0.143461979700201
"KEGG_MEDICUS_REFERENCE_ELECTRON_TRANSFER_IN_COMPLEX_I",0.143370109422912
"KEGG_MEDICUS_REFERENCE_CHRNA7_E2F_SIGNALING_PATHWAY",0.143369024549564
"KEGG_PRIMARY_IMMUNODEFICIENCY",0.143318350909537
"KEGG_MATURITY_ONSET_DIABETES_OF_THE_YOUNG",0.142980943272938
"KEGG_MEDICUS_REFERENCE_TRH_TRHR_PLCB_PKC_SIGNALING_PATHWAY",0.142966291046517
"KEGG_MEDICUS_REFERENCE_REGULATION_OF_GF_RTK_RAS_ERK_SIGNALING_SPRED_AND_NF1",0.14282726056694
"BIOCARTA_P27_PATHWAY",0.142584603045525
"KEGG_MEDICUS_REFERENCE_TCR_PLCG_ITPR_SIGNALING_PATHWAY",0.142155463250738
"KEGG_MEDICUS_REFERENCE_HEDGEHOG_SIGNALING_PATHWAY_PTCH_CORECEPTOR",0.14177663163161
"BIOCARTA_CLASSIC_PATHWAY",0.14075265291021
"BIOCARTA_LYMPHOCYTE_PATHWAY",0.140667438660536
"KEGG_MEDICUS_PATHOGEN_HPV_E6_TO_NOTCH_SIGNALING_PATHWAY_N00381",0.140079841918468
"KEGG_MEDICUS_PATHOGEN_EBV_LMP1_TO_PI3K_SIGNALING_PATHWAY",0.139519788391647
"KEGG_MEDICUS_REFERENCE_MEVALONATE_PATHWAY",0.139227081320278
"KEGG_MEDICUS_REFERENCE_CGAS_STING_SIGNALING_PATHWAY",0.139082034091509
"KEGG_MEDICUS_REFERENCE_REGULATION_OF_FIBRINOLYTIC_SYSTEM_C1INH",0.137774311915358
"KEGG_MEDICUS_REFERENCE_MISMATCH_REPAIR",0.137751651221397
"BIOCARTA_MONOCYTE_PATHWAY",0.137498666024851
"BIOCARTA_NKT_PATHWAY",0.137469223046551
"KEGG_MEDICUS_REFERENCE_COHESIN_LOADING",0.137025143913425
"KEGG_MEDICUS_REFERENCE_AUTOPHAGY_VESICLE_NUCLEATION_ELONGATION_MATURATION_E3_UBIQUITIN_LIGASE_MALIN",0.137017848539159
"KEGG_MEDICUS_REFERENCE_TLR7_9_IRF7_SIGNALING_PATHWAY",0.136986125404848
"KEGG_MEDICUS_PATHOGEN_HPV_E7_TO_CELL_CYCLE_G1_S",0.136928570877557
"KEGG_MEDICUS_REFERENCE_CREATINE_PATHWAY",0.136864555920569
"KEGG_MEDICUS_REFERENCE_BASE_EXCISION_AND_STRAND_CLEAVAGE_BY_BIFUNCTIONAL_GLYCOSYLASE",0.136788534370775
"KEGG_MISMATCH_REPAIR",0.136444443348816
"KEGG_MEDICUS_REFERENCE_BMP15_SIGNALING_PATHWAY",0.136379388572835
"BIOCARTA_PTC1_PATHWAY",0.136289198528684
"BIOCARTA_SALMONELLA_PATHWAY",0.136209049868357
"KEGG_MEDICUS_REFERENCE_FE3_FERRITIN_TRANSPORT",0.135806148016257
"KEGG_MEDICUS_REFERENCE_CA2_CAM_VGCC_RYR_SIGNALING_PATHWAY",0.13562447894669
"KEGG_MEDICUS_PATHOGEN_HPV_E6_TO_NOTCH_SIGNALING_PATHWAY_N00382",0.135180377414234
"KEGG_MEDICUS_REFERENCE_TGF_BETA_SIGNALING_PATHWAY",0.135080540124449
"KEGG_MEDICUS_PATHOGEN_HTLV_1_TAX_TO_P21_CELL_CYCLE_G1_S_N00498",0.134873737502514
"KEGG_MEDICUS_REFERENCE_GLYCOLYSIS",0.134773314625839
"KEGG_MEDICUS_PATHOGEN_KSHV_VCYCLIN_TO_CELL_CYCLE_G1_S",0.134743144668109
"BIOCARTA_LDL_PATHWAY",0.13470998022978
"KEGG_MEDICUS_PATHOGEN_HCMV_GH_TO_ITGA_B_RHOA_SIGNALING_PATHWAY",0.134287711274497
"KEGG_MEDICUS_REFERENCE_MGLUR1_TRPC3_SIGNALING_PATHWAY",0.134268948359808
"BIOCARTA_ERYTH_PATHWAY",0.134199197677815
"KEGG_MEDICUS_REFERENCE_MAGI_PTEN_SIGNALING_PATHWAY",0.134094367529948
"KEGG_MEDICUS_REFERENCE_BASE_EXCISION_AND_STRAND_CLEAVAGE_BY_MONOFUNCTIONAL_GLYCOSYLASE",0.133869636423934
"BIOCARTA_CDC25_PATHWAY",0.13347237120233
"KEGG_MEDICUS_REFERENCE_LPA_GNAQ_11_RHOA_SIGNALING_PATHWAY",0.132830475244454
"KEGG_MEDICUS_REFERENCE_DISASSEMBLY_OF_MCC",0.132507146861114
"KEGG_MEDICUS_REFERENCE_CA2_ENTRY_STORE_OPERATED_CA2_CHANNEL",0.132102982114418
"BIOCARTA_RAN_PATHWAY",0.131640716569979
"BIOCARTA_CYTOKINE_PATHWAY",0.131340308473822
"BIOCARTA_GABA_PATHWAY",0.131045124471807
"BIOCARTA_FLUMAZENIL_PATHWAY",0.130719221202339
"KEGG_MEDICUS_REFERENCE_THYROID_HORMONE_SIGNALING_PATHWAY",0.130185527947762
"KEGG_MEDICUS_REFERENCE_HYDROLYSIS_OF_SPHINGOMYELIN",0.130038532510662
"KEGG_MEDICUS_PATHOGEN_HPV_E6_TO_NOTCH_SIGNALING_PATHWAY_N00380",0.129437401135289
"BIOCARTA_IL22BP_PATHWAY",0.129208540445301
"KEGG_MEDICUS_REFERENCE_N_GLYCAN_PRECURSOR_BIOSYNTHESIS_GLC_6P_TO_MAN_P_DOL",0.129180057241508
"KEGG_MEDICUS_PATHOGEN_SALMONELLA_SIFA_TO_TETHERING_OF_LATE_ENDOSOMES_AND_LYSOSOMES",0.128954105548359
"KEGG_MEDICUS_REFERENCE_FASLG_RIPK1_3_SIGNALING_PATHWAY",0.128929679071612
"KEGG_MEDICUS_PATHOGEN_EBV_LMP2A_TO_PI3K_SIGNALING_PATHWAY",0.128575212300934
"KEGG_MEDICUS_REFERENCE_BMP_HAMP_SIGNALING_PATHWAY_AUXILIARY_FACTOR",0.128470486386067
"KEGG_MEDICUS_REFERENCE_FANCONI_ANEMIA_PATHWAY",0.128248937828281
"BIOCARTA_SKP2E2F_PATHWAY",0.128174964694132
"KEGG_MEDICUS_REFERENCE_IL2_FAMILY_TO_JAK_STAT_SIGNALING_PATHWAY",0.128005628757193
"KEGG_MEDICUS_PATHOGEN_SALMONELLA_AVRA_TO_BETA_CATENIN_SIGNALING_PATHWAY",0.127929988190071
"BIOCARTA_CREM_PATHWAY",0.12784366836653
"KEGG_MEDICUS_REFERENCE_TLR3_IRF7_SIGNALING_PATHWAY",0.127684923175918
"BIOCARTA_MYOSIN_PATHWAY",0.127603098752148
"KEGG_MEDICUS_REFERENCE_PROK_PRKR_GI_ERK_SIGNALING_PATHWAY",0.127522286270999
"KEGG_MEDICUS_REFERENCE_PDL_PD1_SHP_PI3K_SIGNALING_PATHWAY",0.127231477288843
"KEGG_MEDICUS_PATHOGEN_HCMV_US27_TO_CXCR4_GNB_G_PLCB_PKC_SIGNALING_PATHWAY",0.127068993954134
"KEGG_MEDICUS_PATHOGEN_HIV_VPR_TAT_TO_TNF_JNK_SIGNALING_PATHWAY",0.127056682837205
"BIOCARTA_VDR_PATHWAY",0.126256667907709
"BIOCARTA_CARM1_PATHWAY",0.126244246816356
"KEGG_MEDICUS_REFERENCE_ICOSLG_ICOS_PI3K_SIGNALING_PATHWAY",0.126111316710059
"KEGG_MEDICUS_REFERENCE_P27_CELL_CYCLE_G1_S",0.125910503427754
"KEGG_MEDICUS_REFERENCE_HEPARAN_SULFATE_BIOSYNTHESIS",0.125719611992313
"BIOCARTA_TERT_PATHWAY",0.12527263128323
"BIOCARTA_INFLAM_PATHWAY",0.123883637958659
"KEGG_MEDICUS_REFERENCE_BLOOD_GROUP_H_O_ANTIGEN_TYPE_2_BIOSYNTHESIS",0.123811755326424
"KEGG_MEDICUS_REFERENCE_HIF_1_SIGNALING_PATHWAY",0.123761741336483
"BIOCARTA_CDC42RAC_PATHWAY",0.123681909590129
"SA_MMP_CYTOKINE_CONNECTION",0.123489300130022
"KEGG_MEDICUS_PATHOGEN_SALMONELLA_SPVD_TO_TNF_NFKB_SIGNALING_PATHWAY",0.123138259847403
"BIOCARTA_IRES_PATHWAY",0.123046696694585
"BIOCARTA_IL12_PATHWAY",0.122857979780616
"KEGG_STEROID_BIOSYNTHESIS",0.122749608291727
"BIOCARTA_AMI_PATHWAY",0.122711691892853
"KEGG_MEDICUS_PATHOGEN_HTLV_1_TAX_TO_SPINDLE_ASSEMBLY_CHECKPOINT_SIGNALING",0.122557366029444
"BIOCARTA_UCALPAIN_PATHWAY",0.122535024535117
"BIOCARTA_PLC_PATHWAY",0.122522030818528
"BIOCARTA_HSWI_SNF_PATHWAY",0.122475690860099
"KEGG_MEDICUS_REFERENCE_TYPE_I_INTERFERON_TO_JAK_STAT_SIGNALING_PATHWAY",0.122105759285091
"KEGG_MEDICUS_REFERENCE_TLR7_8_9_IRF5_SIGNALING_PATHWAY",0.122015352797424
"BIOCARTA_PLATELETAPP_PATHWAY",0.122005570292345
"KEGG_MEDICUS_REFERENCE_COHESIN_DISSOCIATION_IN_ANAPHASE",0.121922304100569
"KEGG_MEDICUS_REFERENCE_REGULATION_OF_GF_RTK_RAS_ERK_SIGNALING_PATHWAY_ADAPTOR_PROTEINS",0.121619597128004
"KEGG_MEDICUS_REFERENCE_AHR_SIGNALING_PATHWAY",0.121486290626148
"BIOCARTA_MALATEX_PATHWAY",0.121382691835645
"KEGG_MEDICUS_PATHOGEN_HIV_TAT_NEF_TO_CROSSTALK_BETWEEN_EXTRINSIC_AND_INTRINSIC_APOPTOTIC_PATHWAYS",0.121208623087013
"KEGG_MEDICUS_ENV_FACTOR_DCE_TO_DNA_ADDUCTS",0.121058441863215
"BIOCARTA_SRCRPTP_PATHWAY",0.120929020662804
"BIOCARTA_TOB1_PATHWAY",0.120888150980116
"KEGG_METABOLISM_OF_XENOBIOTICS_BY_CYTOCHROME_P450",0.12060224244602
"KEGG_MEDICUS_REFERENCE_ACH_CHRN_PI3K_SIGNALING_PATHWAY",0.120377743686138
"BIOCARTA_NOTCH_PATHWAY",0.120339939472507
"KEGG_OXIDATIVE_PHOSPHORYLATION",0.120288238289793
"KEGG_GLYOXYLATE_AND_DICARBOXYLATE_METABOLISM",0.119935737441754
"KEGG_MEDICUS_REFERENCE_TLR3_IRF3_SIGNALING_PATHWAY",0.119755015070796
"SA_G2_AND_M_PHASES",0.119527357998529
"BIOCARTA_TERC_PATHWAY",0.119524489899431
"KEGG_MEDICUS_REFERENCE_NOTCH_SIGNALING_PATHWAY",0.119341498728126
"BIOCARTA_PKC_PATHWAY",0.119304894366827
"BIOCARTA_CSK_PATHWAY",0.119168773957076
"KEGG_PARKINSONS_DISEASE",0.119046372175089
"KEGG_MEDICUS_REFERENCE_BETA_OXIDATION",0.11885365696738
"KEGG_MEDICUS_REFERENCE_REGULATION_OF_SERCA",0.118711648499239
"KEGG_MEDICUS_REFERENCE_WNT_SIGNALING_MODULATION_SOST_LRP4",0.118515668995645
"KEGG_MEDICUS_PATHOGEN_EBV_EBNA2_TO_RBP_JK_MEDIATED_TRANSCRIPTION",0.118321148322848
"KEGG_MEDICUS_PATHOGEN_SALMONELLA_SOPB_TO_RHOG_SIGNALING_PATHWAY",0.118269723121641
"KEGG_RETINOL_METABOLISM",0.117375289802372
"BIOCARTA_TSP1_PATHWAY",0.117323162545805
"KEGG_MEDICUS_REFERENCE_CXCR4_GNA12_13_RHO_SIGNALING_PATHWAY",0.117312732030319
"KEGG_MEDICUS_REFERENCE_TGFA_EGFR_PI3K_SIGNALING_PATHWAY",0.117305048687916
"BIOCARTA_VOBESITY_PATHWAY",0.117275181498298
"KEGG_MEDICUS_REFERENCE_IRE1A_JNK_SIGNALING_PATHWAY",0.117118032504635
"KEGG_MEDICUS_REFERENCE_N_GLYCAN_PRECURSOR_BIOSYNTHESIS_ALG7_TO_ALG11",0.117082518608225
"KEGG_MEDICUS_ENV_FACTOR_PARAQUAT_TO_FAS_JNK_SIGNALING_PATHWAY",0.116859722983835
"KEGG_MEDICUS_PATHOGEN_HTLV_1_TAX_TO_TNF_JNK_SIGNALING_PATHWAY",0.116154115591798
"BIOCARTA_IFNG_PATHWAY",0.11595563045465
"KEGG_MEDICUS_REFERENCE_AUTOPHAGY_VESICLE_NUCLEATION_ELONGATION_MATURATION_PACER_RUBCN_PI3KC3_C2",0.115874934620178
"KEGG_MEDICUS_REFERENCE_ANGII_AT1R_NOX2_SIGNALING_PATHWAY",0.115864518521738
"KEGG_MEDICUS_REFERENCE_BMP_SIGNALING_PATHWAY_BMP_ANTAGONIST",0.115858272463427
"KEGG_MEDICUS_REFERENCE_KINETOCHORE_MICROTUBULE_ATTACHMENT",0.115737344400954
"KEGG_MEDICUS_REFERENCE_MICROTUBULE_DEPOLYMERIZATION",0.115326072299548
"KEGG_MEDICUS_REFERENCE_TRAPPI_RAB1_SIGNALING_PATHWAY",0.114976779680882
"BIOCARTA_LYM_PATHWAY",0.11486104960346
"KEGG_MEDICUS_REFERENCE_AUTOPHAGY_VESICLE_NUCLEATION_ELONGATION_MATURATION_PI3P_SYNTHESIS_BY_PI3KC3_C1",0.114785465322352
"KEGG_MEDICUS_VARIANT_AMPLIFIED_CCND1_TO_CELL_CYCLE_G1_S",0.114207410512206
"KEGG_MEDICUS_REFERENCE_MICROTUBULE_DEPOLYMERIZATION_AT_THE_MINUS_ENDS",0.114101949777466
"KEGG_MEDICUS_REFERENCE_PKA_HOLOENZYME",0.114033502786855
"KEGG_MEDICUS_REFERENCE_VALINE_DEGRADATION",0.113773868116237
"KEGG_MEDICUS_REFERENCE_MANNOSE_TYPE_O_GLYCAN_BIOSYNTHESIS_FKTN_TO_LARGE",0.113725244068496
"KEGG_MEDICUS_ENV_FACTOR_METALS_TO_JNK_SIGNALING_PATHWAY",0.113484904379768
"BIOCARTA_GRANULOCYTES_PATHWAY",0.11347115016639
"KEGG_VALINE_LEUCINE_AND_ISOLEUCINE_BIOSYNTHESIS",0.113255069271752
"BIOCARTA_IL4_PATHWAY",0.113083188711641
"KEGG_MEDICUS_REFERENCE_KISS1_KISS1R_PLCB_PKC_SIGNALING_PATHWAY",0.113050452048773
"KEGG_MEDICUS_REFERENCE_HEME_BIOSYNTHESIS",0.112636111635458
"KEGG_MEDICUS_PATHOGEN_SALMONELLA_SOPB_TO_RHOA_SIGNALING_PATHWAY",0.11242040422727
"KEGG_MEDICUS_PATHOGEN_ESCHERICHIA_MAP_TO_CDC42_SIGNALING_PATHWAY",0.112188134964462
"BIOCARTA_CBL_PATHWAY",0.112134066640844
"KEGG_MEDICUS_ENV_FACTOR_NNK_NNN_TO_CHRNA7_E2F_SIGNALING_PATHWAY",0.112090104474271
"KEGG_PRIMARY_BILE_ACID_BIOSYNTHESIS",0.112026370953138
"BIOCARTA_COMP_PATHWAY",0.111954609146796
"BIOCARTA_CIRCADIAN_PATHWAY",0.111929065643668
"KEGG_MEDICUS_REFERENCE_NODAL_SIGNALING_PATHWAY",0.111750426078813
"BIOCARTA_IL7_PATHWAY",0.111678822616644
"KEGG_MEDICUS_REFERENCE_TETHERING_OF_LATE_ENDOSOMES_AND_LYSOSOMES",0.111624766098328
"BIOCARTA_ACE2_PATHWAY",0.11147516375453
"BIOCARTA_NPC_PATHWAY",0.111380293357155
"BIOCARTA_SAM68_PATHWAY",0.111082783710763
"KEGG_MEDICUS_REFERENCE_BASE_EXCISION_AND_STRAND_CLEAVAGE_BY_NEIL_GLYCOSYLASE",0.11107643966556
"KEGG_MEDICUS_REFERENCE_HEDGEHOG_SIGNALING_PATHWAY",0.111015851457949
"KEGG_MEDICUS_REFERENCE_REGULATION_OF_GF_RTK_RAS_ERK_SIGNALING_UBIQUITINATION_OF_RTK_BY_CBL",0.110970465439441
"KEGG_DRUG_METABOLISM_CYTOCHROME_P450",0.110748565487969
"KEGG_MEDICUS_REFERENCE_BETA_OXIDATION_ACYL_COA_SYNTHESIS",0.110641039226662
"KEGG_MEDICUS_REFERENCE_ITGA_B_TALIN_VINCULIN_SIGNALING_PATHWAY",0.110587851083229
"KEGG_OTHER_GLYCAN_DEGRADATION",0.110558349037061
"BIOCARTA_STAT3_PATHWAY",0.110446903891819
"KEGG_ASCORBATE_AND_ALDARATE_METABOLISM",0.110438040805049
"BIOCARTA_VITCB_PATHWAY",0.110298953126186
"BIOCARTA_PAR1_PATHWAY",0.110097651060352
"KEGG_MEDICUS_REFERENCE_ATR_SIGNALING",0.109814257157884
"KEGG_MEDICUS_REFERENCE_TGFA_EGFR_PLCG_PKC_SIGNALING_PATHWAY",0.109720399312205
"KEGG_MEDICUS_PATHOGEN_SHIGELLA_IPGB1_TO_ITGA_B_RHOG_RAC_SIGNALING_PATHWAY",0.109693930206552
"KEGG_MEDICUS_REFERENCE_REGULATION_OF_TNF_NFKB_SIGNALING_PATHWAY_LUBAC_MEDIATED_LINEAR_UBIQUITINATION",0.109538385924446
"BIOCARTA_KREB_PATHWAY",0.109164025823729
"BIOCARTA_NPP1_PATHWAY",0.109045724582693
"KEGG_MEDICUS_REFERENCE_IGG_FCGR_RAC_SIGNALING_PATHWAY",0.108543324529002
"KEGG_MEDICUS_REFERENCE_CD80_CD86_CD28_PI3K_SIGNALING_PATHWAY",0.108137564869212
"KEGG_FOLATE_BIOSYNTHESIS",0.108127844072655
"KEGG_MEDICUS_REFERENCE_P4_PR_PI3K_SIGNALING_PATHWAY",0.107741139812558
"KEGG_MEDICUS_REFERENCE_EARLY_ENDOSOMAL_FUSION",0.107730754960838
"KEGG_MEDICUS_ENV_FACTOR_E2_TO_NUCLEAR_INITIATED_ESTROGEN_SIGNALING_PATHWAY",0.107467325002733
"KEGG_MEDICUS_ENV_FACTOR_NNK_NNN_TO_PI3K_SIGNALING_PATHWAY_N01339",0.107380564088482
"KEGG_MEDICUS_REFERENCE_DEUBIQUITINATION_OF_H2AK119",0.107208796134602
"KEGG_MEDICUS_REFERENCE_ISOLEUCINE_DEGRADATION",0.107091191182206
"KEGG_MEDICUS_PATHOGEN_YERSINIA_YOPP_J_TO_TLR2_4_MAPK_SIGNALING_PATHWAY",0.106871644986698
"KEGG_MEDICUS_PATHOGEN_KSHV_LANA_TO_WNT_SIGNALING_PATHWAY",0.106198002408279
"KEGG_MEDICUS_REFERENCE_DNA_END_RESECTION_AND_RPA_LOADING",0.106076505132115
"KEGG_MEDICUS_REFERENCE_DERMATAN_SULFATE_DEGRADATION",0.105806649901763
"KEGG_MEDICUS_PATHOGEN_SHIGELLA_OSPF_TO_TLR2_4_MAPK_SIGNALING_PATHWAY",0.105743233126968
"KEGG_MEDICUS_PATHOGEN_ESCHERICHIA_ESPG_TO_MICROTUBULE_RHOA_SIGNALING_PATHWAY",0.105653678658073
"KEGG_MEDICUS_REFERENCE_EREG_EGFR_PI3K_SIGNALING_PATHWAY",0.105231875632025
"BIOCARTA_CTBP1_PATHWAY",0.105193493477867
"KEGG_MEDICUS_REFERENCE_II_BLOOD_GROUP_ANTIGEN_BIOSYNTHESIS",0.104945175095622
"KEGG_MEDICUS_REFERENCE_CONDENSIN_LOADING",0.1049182632993
"KEGG_MEDICUS_REFERENCE_IL12_23_TO_JAK_STAT_SIGNALING_PATHWAY",0.10486206395484
"BIOCARTA_GATA3_PATHWAY",0.104743457171809
"BIOCARTA_ERBB4_PATHWAY",0.104685913047975
"KEGG_MEDICUS_REFERENCE_ATR_P21_CELL_CYCLE_G2_M",0.104586618846581
"BIOCARTA_PLCE_PATHWAY",0.104486782337482
"KEGG_MEDICUS_PATHOGEN_ESCHERICHIA_EAE_TIR_TCCP_TO_ACTIN_SIGNALING_PATHWAY",0.104378113022616
"KEGG_MEDICUS_REFERENCE_COPII_VESICLE_FORMATION",0.104377826875383
"BIOCARTA_PITX2_PATHWAY",0.104368934961952
"KEGG_MEDICUS_REFERENCE_PURINE_SALVAGE_PATHWAY_ADENINE_TO_AMP",0.10432263229617
"KEGG_TERPENOID_BACKBONE_BIOSYNTHESIS",0.104197988041625
"KEGG_MEDICUS_REFERENCE_BILE_ACID_BIOSYNTHESIS",0.10417438856898
"BIOCARTA_ATRBRCA_PATHWAY",0.104171296191754
"KEGG_MEDICUS_REFERENCE_AREG_EGFR_PI3K_SIGNALING_PATHWAY",0.104109690621434
"BIOCARTA_BARRESTIN_PATHWAY",0.104098500487044
"KEGG_MEDICUS_PATHOGEN_EBV_EBNA3C_TO_P53_MEDIATED_TRANSCRIPTION",0.104098443669904
"KEGG_MEDICUS_REFERENCE_NOTCH_LIGAND_UBIQUITYLATION",0.10407205934482
"BIOCARTA_NKCELLS_PATHWAY",0.103524414411095
"KEGG_PENTOSE_AND_GLUCURONATE_INTERCONVERSIONS",0.103360018530353
"BIOCARTA_SHH_PATHWAY",0.10287101705471
"BIOCARTA_SET_PATHWAY",0.102846476976127
"KEGG_LIMONENE_AND_PINENE_DEGRADATION",0.102716137353052
"KEGG_MEDICUS_REFERENCE_PDGF_PDGFR_PI3K_SIGNALING_PATHWAY",0.102524289004961
"KEGG_MEDICUS_REFERENCE_RIG_I_IRF7_3_SIGNALING_PATHWAY",0.10243982169834
"SA_FAS_SIGNALING",0.10228132439933
"BIOCARTA_FBW7_PATHWAY",0.10147887447265
"KEGG_MEDICUS_REFERENCE_PURINE_SALVAGE_PATHWAY_HYPOXANTHINE_GUANINE_TO_IMP_GMP",0.101376473334431
"BIOCARTA_CB1R_PATHWAY",0.101313063135194
"KEGG_MEDICUS_REFERENCE_KEAP1_NRF2_SIGNALING_PATHWAY",0.101176855599468
"BIOCARTA_PTEN_PATHWAY",0.101139294201636
"KEGG_LINOLEIC_ACID_METABOLISM",0.101009723721507
"KEGG_MEDICUS_REFERENCE_TSC1_2_MTORC1_SIGNALING_PATHWAY",0.100973150826536
"KEGG_MEDICUS_PATHOGEN_EBV_BARF1_TO_INTRINSIC_APOPTOTIC_PATHWAY",0.100750554571479
"KEGG_MEDICUS_REFERENCE_TLR4_IRF3_7_SIGNALING_PATHWAY",0.100373396515045
"BIOCARTA_TGFB_PATHWAY",0.100191729456262
"KEGG_MEDICUS_PATHOGEN_HBV_LHBS_TO_PKC_ERK_SIGNALING_PATHWAY",0.0999169161998899
"KEGG_MEDICUS_PATHOGEN_HCV_CORE_TO_RXRA_PPARA_MEDIATED_TRANSCRIPTION",0.0998929879091483
"BIOCARTA_LAIR_PATHWAY",0.0997678571669548
"KEGG_MEDICUS_REFERENCE_NON_HOMOLOGOUS_END_JOINING",0.099729496304453
"KEGG_MEDICUS_REFERENCE_C9ORF72_MEDIATED_AUTOPHAGY_INITIATION",0.0996796539332084
"KEGG_MEDICUS_REFERENCE_TNF_RIPK1_3_SIGNALING_PATHWAY",0.099247715427318
"KEGG_MEDICUS_PATHOGEN_ESCHERICHIA_ESPT_TO_RAC_SIGNALING_PATHWAY",0.0991336832461151
"KEGG_MEDICUS_REFERENCE_DNA_DEGRADATION_BY_EXTRACELLULAR_ENDOLYSOSOMAL_DNASE",0.09898591861973
"KEGG_STEROID_HORMONE_BIOSYNTHESIS",0.0987998448822233
"BIOCARTA_HES_PATHWAY",0.098797454542906
"KEGG_MEDICUS_REFERENCE_RIG_I_NFKB_SIGNALING_PATHWAY",0.0987387580089239
"KEGG_MEDICUS_REFERENCE_IGF2_IGF1R_PI3K_SIGNALING_PATHWAY",0.0985948666310189
"BIOCARTA_RHO_PATHWAY",0.0982757121618477
"KEGG_MEDICUS_REFERENCE_AUTOPHAGOSOME_AND_LYSOSOME_FUSION_TETHERING_FACTOR_GRASP55",0.0981483170505139
"KEGG_MEDICUS_PATHOGEN_HTLV_1_TAX_TO_P21_CELL_CYCLE_G1_S_N00497",0.0978313560170248
"KEGG_MEDICUS_REFERENCE_GLOBAL_GENOME_NER",0.0975537995596384
"KEGG_MEDICUS_PATHOGEN_KSHV_VFLIP_TO_TNF_NFKB_SIGNALING_PATHWAY",0.0974117712023529
"KEGG_MEDICUS_REFERENCE_MDA5_IRF7_3_SIGNALING_PATHWAY",0.0972107039230975
"KEGG_MEDICUS_ENV_FACTOR_ZN_TO_ANTEROGRADE_AXONAL_TRANSPORT",0.0970642234786932
"BIOCARTA_ERK5_PATHWAY",0.0968489419497133
"KEGG_MEDICUS_REFERENCE_AUTOPHAGY_VESICLE_NUCLEATION_ELONGATION_MATURATION_MTORC1_PI3KC3_C1",0.0968130538330469
"KEGG_TAURINE_AND_HYPOTAURINE_METABOLISM",0.0966693577358736
"BIOCARTA_LEPTIN_PATHWAY",0.0965589709401898
"KEGG_MEDICUS_REFERENCE_NAD_BIOSYNTHESIS",0.0962132921084306
"KEGG_MEDICUS_REFERENCE_FLCN_MTORC1_SIGNALING_PATHWAY",0.0961351408227205
"KEGG_MEDICUS_REFERENCE_ITGA_B_RHOGAP_RHOA_SIGNALING_PATHWAY",0.0960398101464234
"KEGG_MEDICUS_PATHOGEN_SHIGELLA_IPAC_TO_ACTIN_SIGNALING_PATHWAY",0.0960378391766127
"KEGG_MEDICUS_REFERENCE_CITRATE_CYCLE_FIRST_CARBON_OXIDATION",0.0960284916049052
"KEGG_MEDICUS_REFERENCE_HGF_MET_PI3K_SIGNALING_PATHWAY",0.0957334401374414
"KEGG_MEDICUS_REFERENCE_IFN_RIPK1_3_SIGNALING_PATHWAY",0.0956680798199927
"KEGG_HEMATOPOIETIC_CELL_LINEAGE",0.095421138838412
"KEGG_MEDICUS_REFERENCE_WNT_SIGNALING_MODULATION_WNT_ACYLATION",0.0953241924903614
"BIOCARTA_SPRY_PATHWAY",0.0953041856612279
"BIOCARTA_CALCINEURIN_PATHWAY",0.0951937640946606
"KEGG_MEDICUS_REFERENCE_WNT5A_ROR_SIGNALING_PATHWAY",0.0950821964220643
"KEGG_MEDICUS_REFERENCE_IL10_FAMILY_TO_JAK_STAT_SIGNALING_PATHWAY",0.0950091016994153
"KEGG_MEDICUS_PATHOGEN_SHIGELLA_IPAA_TO_ITGA_B_RHOGEF_RHOA_SIGNALING_PATHWAY",0.0949602240349538
"BIOCARTA_CCR5_PATHWAY",0.0948539313781393
"BIOCARTA_CFTR_PATHWAY",0.0947103097759482
"BIOCARTA_GHRELIN_PATHWAY",0.0946430539967089
"KEGG_MEDICUS_REFERENCE_WNT_SIGNALING_MODULATION_WNT_INHIBITOR",0.0945461937861703
"KEGG_MEDICUS_REFERENCE_REGULATION_OF_GF_RTK_RAS_ERK_SIGNALING_RASGAP",0.09453562473127
"BIOCARTA_RACC_PATHWAY",0.0944732099839516
"KEGG_MEDICUS_REFERENCE_CORE_NER_REACTION",0.0942541031624473
"BIOCARTA_P35ALZHEIMERS_PATHWAY",0.0942277046544486
"KEGG_MEDICUS_REFERENCE_CYTOKINE_JAK_STAT_SIGNALING_PATHWAY",0.0935186130169271
"KEGG_MEDICUS_REFERENCE_AUTOPHAGOSOME_AND_LYSOSOME_FUSION_TETHERING_FACTOR",0.0933766180269618
"BIOCARTA_REELIN_PATHWAY",0.0932712802700858
"KEGG_ALPHA_LINOLENIC_ACID_METABOLISM",0.0929868415398275
"KEGG_MEDICUS_REFERENCE_FAS_JNK_SIGNALING_PATHWAY",0.0929060086984761
"BIOCARTA_EIF2_PATHWAY",0.0928770445882339
"KEGG_MEDICUS_PATHOGEN_KSHV_K15_TO_TNF_NFKB_SIGNALING_PATHWAY",0.0927716896769004
"KEGG_MEDICUS_REFERENCE_FLT3LG_FLT3_RAS_PI3K_SIGNALING_PATHWAY",0.0927680827031466
"KEGG_MEDICUS_REFERENCE_KITLG_KIT_PI3K_SIGNALING_PATHWAY",0.0927034693038831
"KEGG_MEDICUS_REFERENCE_BMP_HAMP_SIGNALING_PATHWAY",0.0921234662107267
"BIOCARTA_FEEDER_PATHWAY",0.0920754699482985
"KEGG_ONE_CARBON_POOL_BY_FOLATE",0.0918538840839407
"KEGG_MEDICUS_REFERENCE_AVP_V2R_PKA_SIGNALING_PATHWAY",0.0918529693237743
"KEGG_MEDICUS_REFERENCE_NUCLEAR_EXPORT_OF_MRNA",0.091750071399456
"KEGG_MEDICUS_REFERENCE_AMH_SIGNALING_PATHWAY",0.0911903766167675
"BIOCARTA_INTRINSIC_PATHWAY",0.0910016632854088
"KEGG_MEDICUS_REFERENCE_REGULATION_OF_GF_RTK_RAS_ERK_SIGNALING_RAS_UBIQUITINATION_BY_CUL3_COMPLEX",0.090785550487076
"BIOCARTA_TRKA_PATHWAY",0.0906896815631785
"SA_PTEN_PATHWAY",0.0906393760218592
"KEGG_MEDICUS_REFERENCE_KINETOCHORE_FIBER_ORGANIZATION",0.0903429712383712
"KEGG_MEDICUS_REFERENCE_WNT_SIGNALING_MODULATION_LGR_RSPO",0.0901701438833477
"KEGG_MEDICUS_REFERENCE_PROMOTION_OF_MICROTUBULE_GROWTH",0.0901262869567121
"KEGG_MEDICUS_REFERENCE_ACTIVIN_SIGNALING_PATHWAY",0.0900225677895509
"BIOCARTA_IL3_PATHWAY",0.0899043005557428
"KEGG_MEDICUS_REFERENCE_GATOR1_MTORC1_SIGNALING_PATHWAY",0.0898962406353409
"BIOCARTA_EPHA4_PATHWAY",0.0898622286720436
"BIOCARTA_TNFR2_PATHWAY",0.0898568649023855
"KEGG_MEDICUS_REFERENCE_PTH_PTH1R_PKA_SIGNALING_PATHWAY",0.0897469409692787
"KEGG_MEDICUS_REFERENCE_LYSOSOMAL_CA2_RELEASE",0.089575308055663
"KEGG_GLYCOSAMINOGLYCAN_DEGRADATION",0.0895244626472628
"KEGG_MEDICUS_REFERENCE_V_D_J_RECOMBINATION",0.0894964907798001
"KEGG_MEDICUS_REFERENCE_FE_TF_TRANSPORT",0.0894961349815286
"KEGG_NUCLEOTIDE_EXCISION_REPAIR",0.0893689222070806
"KEGG_NON_HOMOLOGOUS_END_JOINING",0.0893290811783824
"KEGG_ANTIGEN_PROCESSING_AND_PRESENTATION",0.0890788375371268
"KEGG_MEDICUS_PATHOGEN_HPV_E5_TO_EGFR_RAS_ERK_SIGNALING_PATHWAY",0.0889023289445817
"KEGG_MEDICUS_ENV_FACTOR_TCDD_TO_AHR_SIGNALING_PATHWAY",0.0886983000354291
"KEGG_BASE_EXCISION_REPAIR",0.0886840552301834
"BIOCARTA_PRC2_PATHWAY",0.0884480880681737
"KEGG_MEDICUS_REFERENCE_ITGA_B_RHOGEF_RHOA_SIGNALING_PATHWAY",0.0884212988245243
"KEGG_MEDICUS_REFERENCE_EGF_EGFR_RAS_RASSF1_SIGNALING_PATHWAY",0.0883344076208643
"BIOCARTA_SARS_PATHWAY",0.088236523330279
"KEGG_MEDICUS_REFERENCE_CA2_CAM_CN_SIGNALING_PATHWAY",0.0879130829420182
"KEGG_MEDICUS_REFERENCE_TRANSCRIPTION_COUPLED_NER",0.0878181597301496
"BIOCARTA_FREE_PATHWAY",0.0877275422320624
"KEGG_MEDICUS_PATHOGEN_HCMV_US28_TO_GNA12_13_RHO_SIGNALING_PATHWAY",0.0876188682395348
"BIOCARTA_STATHMIN_PATHWAY",0.0874466829784539
"KEGG_MEDICUS_REFERENCE_N_GLYCAN_BIOSYNTHESIS",0.0873676674928398
"KEGG_RNA_POLYMERASE",0.087178571472766
"KEGG_GLYCOSAMINOGLYCAN_BIOSYNTHESIS_CHONDROITIN_SULFATE",0.0871743072931496
"KEGG_MEDICUS_REFERENCE_BMP_SIGNALING_PATHWAY",0.0871674613934179
"BIOCARTA_AGPCR_PATHWAY",0.0869576788739427
"KEGG_MEDICUS_ENV_FACTOR_IRON_TO_ANTEROGRADE_AXONAL_TRANSPORT",0.0867654094608555
"KEGG_MEDICUS_REFERENCE_HORMONE_LIKE_CYTOKINE_TO_JAK_STAT_SIGNALING_PATHWAY",0.0867223344994362
"KEGG_ECM_RECEPTOR_INTERACTION",0.0866603302246045
"KEGG_MEDICUS_REFERENCE_LPA_GNA12_13_RHOA_SIGNALING_PATHWAY",0.0864427273203247
"KEGG_GLYCOSPHINGOLIPID_BIOSYNTHESIS_GLOBO_SERIES",0.0863830777034802
"KEGG_MEDICUS_PATHOGEN_EBV_EBNA1_TO_P53_MEDIATED_TRANSCRIPTION",0.0863746556226861
"BIOCARTA_EICOSANOID_PATHWAY",0.0861769929986294
"BIOCARTA_EPONFKB_PATHWAY",0.0861640061811095
"KEGG_MEDICUS_REFERENCE_COHESIN_DISSOCIATION_IN_PROPHASE",0.0860057050828548
"KEGG_PROTEIN_EXPORT",0.0858900917716946
"BIOCARTA_ERBB3_PATHWAY",0.0857270788414667
"KEGG_MEDICUS_REFERENCE_EGF_EGFR_RAS_RALGDS_SIGNALING_PATHWAY",0.0855791902379579
"KEGG_MEDICUS_REFERENCE_EGF_ERBB2_RAS_ERK_SIGNALING_PATHWAY",0.0855473922316081
"KEGG_MEDICUS_REFERENCE_STRAD_STK11_TSC_SIGNALING_PATHWAY",0.0855371851079516
"BIOCARTA_AMAN_PATHWAY",0.0851675822288384
"KEGG_MEDICUS_REFERENCE_DOUBLE_STRAND_BREAK_SIGNALING",0.0846962253105657
"KEGG_MEDICUS_REFERENCE_ITGA_B_FAK_CDC42_SIGNALING_PATHWAY",0.0846455042922382
"KEGG_MEDICUS_REFERENCE_MLK_JNK_SIGNALING_PATHWAY",0.0845130668120204
"KEGG_MEDICUS_REFERENCE_COPI_VESICLE_FORMATION",0.0844534249757908
"KEGG_MEDICUS_REFERENCE_RAC_CDC42_PAK_ERK_SIGNALING_PATHWAY",0.0844389818581554
"KEGG_MEDICUS_PATHOGEN_SHIGELLA_OSPG_TO_TNF_NFKB_SIGNALING_PATHWAY",0.0843108280396851
"BIOCARTA_RB_PATHWAY",0.0842908593061823
"KEGG_MEDICUS_REFERENCE_CARDIAC_TYPE_VGCC_RYR_SIGNALING",0.0842304148091469
"KEGG_MEDICUS_PATHOGEN_KSHV_VFLIP_TO_NFKB_SIGNALING_PATHWAY",0.0842195333005098
"KEGG_MEDICUS_REFERENCE_PDGF_PDGFR_PLCG_CAMK_SIGNALING_PATHWAY",0.0841534542859506
"BIOCARTA_ECM_PATHWAY",0.0841520877099512
"KEGG_MEDICUS_REFERENCE_EGF_EGFR_RAS_ERK_SIGNALING_PATHWAY",0.0840749116436317
"BIOCARTA_IL10_PATHWAY",0.0840472392616945
"BIOCARTA_MTOR_PATHWAY",0.0839299585494368
"KEGG_MEDICUS_REFERENCE_LESION_BYPASS_BY_TLS_AND_DSB_FORMATION",0.0838389258662074
"KEGG_MEDICUS_REFERENCE_GLYCOGEN_BIOSYNTHESIS",0.083752455530948
"BIOCARTA_CD40_PATHWAY",0.083487918804145
"KEGG_MEDICUS_REFERENCE_MDM2_P21_CELL_CYCLE_G1_S_N00536",0.0834329108279742
"KEGG_MEDICUS_REFERENCE_TGFA_EGFR_RAS_ERK_SIGNALING_PATHWAY",0.0832071016025113
"BIOCARTA_PLK3_PATHWAY",0.0831841887113992
"BIOCARTA_INSULIN_PATHWAY",0.083141415333282
"KEGG_MEDICUS_REFERENCE_EGF_EGFR_PLCG_ERK_SIGNALING_PATHWAY",0.0829921817696984
"KEGG_MEDICUS_REFERENCE_AREG_EGFR_RAS_ERK_SIGNALING_PATHWAY",0.0829625683600092
"KEGG_PROPANOATE_METABOLISM",0.0828341539194097
"BIOCARTA_BARR_MAPK_PATHWAY",0.0827662185845933
"KEGG_MEDICUS_REFERENCE_LIGHT_HVEM_NFKB_SIGNALING_PATHWAY",0.0827015428571862
"BIOCARTA_ETS_PATHWAY",0.0826802713921055
"KEGG_MEDICUS_PATHOGEN_HCMV_GB_TO_PDGFR_RAS_ERK_SIGNALING_PATHWAY",0.0825882709123473
"KEGG_MEDICUS_REFERENCE_GLYCOGEN_DEGRADATION",0.0821755370265802
"KEGG_MEDICUS_REFERENCE_ITGA_B_RHOG_RAC_SIGNALING_PATHWAY",0.0818953220328601
"BIOCARTA_HER2_PATHWAY",0.0818634950332429
"KEGG_MEDICUS_REFERENCE_EREG_EGFR_RAS_ERK_SIGNALING_PATHWAY",0.081847991586096
"KEGG_MEDICUS_PATHOGEN_SALMONELLA_SIFA_TO_MICROTUBULE_PLUS_END_DIRECTED_TRANSPORT",0.0817622744354436
"BIOCARTA_PS1_PATHWAY",0.081710453246774
"KEGG_AMINOACYL_TRNA_BIOSYNTHESIS",0.081392859425881
"KEGG_MEDICUS_REFERENCE_IGF_IGF1R_PI3K_SIGNALING_PATHWAY",0.0813209282139294
"KEGG_ALDOSTERONE_REGULATED_SODIUM_REABSORPTION",0.0811094135859024
"KEGG_MEDICUS_REFERENCE_BCR_PLCG_CALCINEURIN_SIGNALING_PATHWAY",0.0809359414230277
"KEGG_MEDICUS_REFERENCE_METHIONINE_DEGRADATION",0.0808694958427329
"BIOCARTA_FXR_PATHWAY",0.0805830252103048
"KEGG_MEDICUS_REFERENCE_AUTOPHAGOSOME_AND_LYSOSOME_FUSION_TRANS_SNARE",0.0805822546875719
"BIOCARTA_INTEGRIN_PATHWAY",0.080359750582689
"BIOCARTA_EGF_PATHWAY",0.0802735303899369
"KEGG_MEDICUS_REFERENCE_BCR_BCAP_CD19_PI3K_SIGNALING_PATHWAY",0.080238381084084
"KEGG_MEDICUS_REFERENCE_PDGF_PDGFR_RAS_ERK_SIGNALING_PATHWAY",0.0801288967085211
"BIOCARTA_CELLCYCLE_PATHWAY",0.0800981112903418
"BIOCARTA_CDK5_PATHWAY",0.0799249292945979
"BIOCARTA_ACTINY_PATHWAY",0.0798573507465987
"KEGG_MEDICUS_REFERENCE_CX3CR1_GNAI_AC_PKA_SIGNALING_PATHWAY",0.079532313450366
"KEGG_CIRCADIAN_RHYTHM_MAMMAL",0.0795313314408755
"BIOCARTA_MCALPAIN_PATHWAY",0.0795273559471436
"KEGG_MEDICUS_REFERENCE_HGF_MET_RAS_ERK_SIGNALING_PATHWAY",0.0794357696648173
"KEGG_SULFUR_METABOLISM",0.0794108170370935
"KEGG_RENIN_ANGIOTENSIN_SYSTEM",0.0793862086826475
"KEGG_MEDICUS_REFERENCE_TYPE_II_INTERFERON_TO_JAK_STAT_SIGNALING_PATHWAY",0.0793664946302352
"KEGG_MEDICUS_REFERENCE_EGF_EGFR_PI3K_SIGNALING_PATHWAY",0.0792423821819909
"BIOCARTA_PDGF_PATHWAY",0.0791365669621169
"KEGG_MEDICUS_PATHOGEN_HBV_HBX_TO_RAS_ERK_SIGNALING_PATHWAY",0.0791342563187607
"BIOCARTA_PRION_PATHWAY",0.0789683761091099
"KEGG_CELL_ADHESION_MOLECULES_CAMS",0.0789649098960241
"BIOCARTA_HCMV_PATHWAY",0.0789223561540267
"KEGG_FATTY_ACID_METABOLISM",0.0787788404461541
"KEGG_MEDICUS_REFERENCE_CCR_CXCR_GNB_G_PI3K_RAC_SIGNALING_PATHWAY",0.0787415359641653
"KEGG_GLYCOSAMINOGLYCAN_BIOSYNTHESIS_KERATAN_SULFATE",0.0787191408121931
"KEGG_MEDICUS_REFERENCE_CXCR4_GNAI_PI3K_BAD_SIGNALING_PATHWAY",0.0783817693462345
"KEGG_MEDICUS_REFERENCE_NRG_ERBB4_PI3K_SIGNALING_PATHWAY",0.0782061625601542
"KEGG_DORSO_VENTRAL_AXIS_FORMATION",0.078201348597426
"BIOCARTA_EEA1_PATHWAY",0.0781491430884628
"BIOCARTA_D4GDI_PATHWAY",0.0781423572818629
"KEGG_MEDICUS_REFERENCE_AUTOPHAGY_VESICLE_NUCLEATION_ELONGATION_MATURATION_LC3_II_FORMATION",0.0780422283840379
"KEGG_MEDICUS_PATHOGEN_HIV_GP120_TO_CXCR4_GNAQ_PLCB_G_CALCINEURIN",0.0780397082392048
"BIOCARTA_DNAFRAGMENT_PATHWAY",0.0777375581112744
"KEGG_MEDICUS_REFERENCE_EP_NE_ADRB_CAMP_SIGNALING_PATHWAY",0.0776501521839689
"KEGG_MEDICUS_REFERENCE_ANTEROGRADE_AXONAL_TRANSPORT",0.0776471519920681
"BIOCARTA_AHSP_PATHWAY",0.077602073720472
"KEGG_GALACTOSE_METABOLISM",0.0775740275170367
"KEGG_MEDICUS_REFERENCE_CROSSTALK_BETWEEN_EXTRINSIC_AND_INTRINSIC_APOPTOTIC_PATHWAYS",0.0775585879763252
"KEGG_MEDICUS_REFERENCE_TBK1_MEDIATED_AUTOPHAGOSOME_FORMATION",0.0774991876964811
"BIOCARTA_ALK_PATHWAY",0.0773316933557358
"BIOCARTA_EFP_PATHWAY",0.0773185012346719
"BIOCARTA_RANKL_PATHWAY",0.077297118896354
"KEGG_GLYCOSAMINOGLYCAN_BIOSYNTHESIS_HEPARAN_SULFATE",0.0769458900649802
"KEGG_MEDICUS_REFERENCE_ITGA_B_FAK_RAC_SIGNALING_PATHWAY",0.076880649160688
"KEGG_MEDICUS_REFERENCE_EGF_EGFR_PI3K_NFKB_SIGNALING_PATHWAY",0.076823000444578
"BIOCARTA_IL2_PATHWAY",0.0767410875901171
"KEGG_MEDICUS_ENV_FACTOR_METALS_TO_NFKB_SIGNALING_PATHWAY",0.076723556649594
"KEGG_PHENYLALANINE_METABOLISM",0.0766515470470658
"KEGG_MEDICUS_REFERENCE_EGF_EGFR_RAS_JNK_SIGNALING_PATHWAY",0.0765035435749992
"KEGG_MEDICUS_REFERENCE_CA2_PYK2_RAS_ERK_SIGNALING_PATHWAY",0.0761136130773858
"BIOCARTA_G2_PATHWAY",0.0760477802744077
"KEGG_MEDICUS_REFERENCE_RELN_VLDLR_PI3K_SIGNALING_PATHWAY",0.0759999404405998
"KEGG_MEDICUS_REFERENCE_CA2_ENTRY_VOLTAGE_GATED_CA2_CHANNEL",0.0759356642375972
"KEGG_MEDICUS_PATHOGEN_EBV_LMP1_TO_NFKB_SIGNALING_PATHWAY",0.0757423456275513
"BIOCARTA_CXCR4_PATHWAY",0.075705335777739
"BIOCARTA_EIF_PATHWAY",0.0756828704222683
"BIOCARTA_HDAC_PATHWAY",0.0756451723366232
"KEGG_LEISHMANIA_INFECTION",0.0756366421606753
"KEGG_MEDICUS_REFERENCE_KITLG_KIT_RAS_ERK_SIGNALING_PATHWAY",0.0756110777154839
"KEGG_MEDICUS_PATHOGEN_HIV_NEF_TO_TNF_NFKB_SIGNALING_PATHWAY",0.0755668685483052
"BIOCARTA_CACAM_PATHWAY",0.0755578858968454
"KEGG_CELL_CYCLE",0.075481462919685
"BIOCARTA_NOS1_PATHWAY",0.0754244545531684
"KEGG_MEDICUS_PATHOGEN_HSV_GD_TO_HVEM_NFKB_SIGNALING_PATHWAY",0.0752717574535729
"KEGG_O_GLYCAN_BIOSYNTHESIS",0.0751489745850484
"KEGG_MEDICUS_ENV_FACTOR_NICOTINE_NNK_TO_PI3K_SIGNALING_PATHWAY",0.0750833082019162
"BIOCARTA_IGF1_PATHWAY",0.0750818009178178
"KEGG_MEDICUS_REFERENCE_NOD_NFKB_SIGNALING_PATHWAY",0.075077533444724
"KEGG_MEDICUS_REFERENCE_FGF_FGFR_PI3K_SIGNALING_PATHWAY",0.0749780700567296
"KEGG_MEDICUS_ENV_FACTOR_METALS_TO_RAS_ERK_SIGNALING_PATHWAY",0.0748424644284703
"KEGG_SYSTEMIC_LUPUS_ERYTHEMATOSUS",0.0748301701545695
"KEGG_SPLICEOSOME",0.0748013778300456
"KEGG_MEDICUS_ENV_FACTOR_NNK_NNN_TO_PI3K_SIGNALING_PATHWAY_N01350",0.0747288631985371
"KEGG_MEDICUS_PATHOGEN_HIV_GP120_TO_CXCR4_GNAI_PI3K_BAD_SIGNALING_PATHWAY",0.0746351200832579
"SIG_IL4RECEPTOR_IN_B_LYPHOCYTES",0.0746304228117925
"BIOCARTA_RAB_PATHWAY",0.0746177539422729
"KEGG_MEDICUS_PATHOGEN_SARS_COV_2_S_TO_ANGII_AT1R_NOX2_SIGNALING_PATHWAY",0.0745873584954983
"KEGG_MEDICUS_REFERENCE_TELOMERE_ELONGATION",0.0745012358732607
"KEGG_MEDICUS_PATHOGEN_ESCHERICHIA_EAE_TIR_TO_ACTIN_SIGNALING_PATHWAY",0.074478858706959
"KEGG_MEDICUS_REFERENCE_CXCR4_GNAQ_PLCB_G_CALCINEURIN_SIGNALING_PATHWAY",0.0744366456480597
"BIOCARTA_GPCR_PATHWAY",0.0744029873693285
"KEGG_MEDICUS_REFERENCE_GPI_ANCHOR_BIOSYNTHESIS",0.0743922071986877
"KEGG_MEDICUS_PATHOGEN_HCV_CORE_TO_RXRA_LXRA_MEDIATED_TRANSCRIPTION",0.0743151727858763
"KEGG_MEDICUS_REFERENCE_CXCL12_CXCR4_PKC_ERK_SIGNALING_PATHAWAY",0.0742201718550618
"KEGG_BUTANOATE_METABOLISM",0.0742033772111733
"KEGG_MEDICUS_REFERENCE_GPCR_PLCB_ITPR_SIGNALING_PATHWAY",0.074193922989074
"KEGG_GLYCOSPHINGOLIPID_BIOSYNTHESIS_GANGLIO_SERIES",0.0741933785822708
"KEGG_MEDICUS_REFERENCE_MEMBRANE_INITIATED_PROGESTERONE_SIGNALING_PATHWAY",0.0741787346161144
"KEGG_MEDICUS_REFERENCE_FLT3LG_FLT3_RAS_ERK_SIGNALING_PATHWAY",0.0739845650191651
"KEGG_MEDICUS_REFERENCE_LOADING_OF_THE_SMC5_SMC6_COMPLEX",0.0738346591568953
"BIOCARTA_ARAP_PATHWAY",0.0737959917086557
"BIOCARTA_TEL_PATHWAY",0.0736988381769664
"BIOCARTA_TPO_PATHWAY",0.0736607992520125
"KEGG_MEDICUS_REFERENCE_EGF_EGFR_RAS_PI3K_SIGNALING_PATHWAY",0.0736109562403895
"KEGG_HUNTINGTONS_DISEASE",0.0735905055188601
"KEGG_COMPLEMENT_AND_COAGULATION_CASCADES",0.0735176820734963
"KEGG_GLUTATHIONE_METABOLISM",0.0733913602660143
"KEGG_MEDICUS_REFERENCE_CXCR4_GNB_G_RAC_SIGNALING_PATHWAY",0.073235304198778
"BIOCARTA_PARKIN_PATHWAY",0.0731686624375113
"KEGG_MEDICUS_REFERENCE_BRANCHING_MICROTUBULE_NUCLEATION",0.0731665734158068
"BIOCARTA_MTA3_PATHWAY",0.073074433647805
"KEGG_CYTOKINE_CYTOKINE_RECEPTOR_INTERACTION",0.0730631589814443
"BIOCARTA_AKAP13_PATHWAY",0.0729875572592117
"KEGG_MEDICUS_REFERENCE_P4_PR_RAS_ERK_SIGNALING_PATHWAY",0.0729495105524239
"KEGG_MEDICUS_REFERENCE_ADRB3_UCP1_SIGNALING_PATHWAY",0.0728487898307986
"BIOCARTA_CK1_PATHWAY",0.0723385573055878
"KEGG_MEDICUS_REFERENCE_FSHR_GNAS_PKA_SIGNALING_PATHWAY",0.0722667149932693
"BIOCARTA_LONGEVITY_PATHWAY",0.0718880500517653
"BIOCARTA_AKAP95_PATHWAY",0.0718060995413478
"KEGG_MEDICUS_REFERENCE_NOTCH_PROTEOLYTIC_ACTIVATION",0.0717954875655328
"BIOCARTA_GSK3_PATHWAY",0.0717732969482197
"BIOCARTA_CREB_PATHWAY",0.0715675783224781
"KEGG_MEDICUS_REFERENCE_NUCLEAR_INITIATED_ESTROGEN_SIGNALING_PATHWAY",0.0713106357724385
"KEGG_MEDICUS_PATHOGEN_HIV_GP120_TO_CXCR4_GNB_G_RAC_SIGNALING_PATHWAY",0.0711106893996063
"KEGG_MEDICUS_REFERENCE_IGF_IGFR_PI3K_NFKB_SIGNALING_PATHWAY",0.0708473157813228
"KEGG_MEDICUS_REFERENCE_INTRINSIC_APOPTOTIC_PATHWAY",0.0708471248435471
"BIOCARTA_DSP_PATHWAY",0.0707840102239782
"KEGG_HISTIDINE_METABOLISM",0.0705661126334566
"BIOCARTA_EDG1_PATHWAY",0.0705642004282733
"KEGG_VALINE_LEUCINE_AND_ISOLEUCINE_DEGRADATION",0.0705541809389334
"KEGG_MEDICUS_REFERENCE_CCR5_GNB_G_PLCB_G_PKC_SIGNALING_PATHWAY",0.0705349382751672
"BIOCARTA_NO1_PATHWAY",0.070129612596678
"KEGG_ARACHIDONIC_ACID_METABOLISM",0.0700775425663259
"KEGG_MEDICUS_PATHOGEN_HIV_GP120_TO_TNF_NFKB_SIGNALING_PATHWAY",0.0699121523168432
"BIOCARTA_RANBP2_PATHWAY",0.069790865093304
"BIOCARTA_HIF_PATHWAY",0.0697137135680678
"KEGG_MEDICUS_REFERENCE_SKELETAL_TYPE_VGCC_RYR_SIGNALING",0.0696952656320026
"BIOCARTA_CARDIACEGF_PATHWAY",0.0694117075162304
"BIOCARTA_ACH_PATHWAY",0.0694033262764779
"SA_TRKA_RECEPTOR",0.0692932226642866
"BIOCARTA_CDMAC_PATHWAY",0.069131012184206
"BIOCARTA_BAD_PATHWAY",0.06911667509288
"BIOCARTA_MEF2D_PATHWAY",0.0689295136954779
"KEGG_MEDICUS_PATHOGEN_HCMV_US28_TO_GNAQ_PLCB_G_CALCINEURIN_SIGNALING_PATHWAY",0.0685199124611484
"KEGG_VIRAL_MYOCARDITIS",0.0685014451169835
"BIOCARTA_RAC1_PATHWAY",0.0683630165143571
"KEGG_MEDICUS_REFERENCE_VGCC_CA2_APOPTOTIC_PATHWAY",0.0683236324986149
"BIOCARTA_RELA_PATHWAY",0.0682038859712534
"BIOCARTA_BARRESTIN_SRC_PATHWAY",0.0681507306757088
"KEGG_MEDICUS_REFERENCE_TLR3_NFKB_SIGNALING_PATHWAY",0.067848651386994
"KEGG_GLYCOSYLPHOSPHATIDYLINOSITOL_GPI_ANCHOR_BIOSYNTHESIS",0.0677602458960043
"KEGG_ARRHYTHMOGENIC_RIGHT_VENTRICULAR_CARDIOMYOPATHY_ARVC",0.0677500369182747
"BIOCARTA_IL6_PATHWAY",0.0676262366407507
"KEGG_MEDICUS_REFERENCE_PINK_PARKIN_MEDIATED_AUTOPHAGOSOME_FORMATION",0.0672948729949991
"SIG_PIP3_SIGNALING_IN_B_LYMPHOCYTES",0.0672064490133525
"KEGG_MEDICUS_REFERENCE_IGF_IGF1R_RAS_ERK_SIGNALING_PATHWAY",0.0670562632951791
"KEGG_MEDICUS_REFERENCE_MICROTUBULE_NUCLEATION",0.0668085325648658
"BIOCARTA_PDZS_PATHWAY",0.0667746476523652
"BIOCARTA_TALL1_PATHWAY",0.0666863039935676
"KEGG_TYROSINE_METABOLISM",0.0666196429968209
"KEGG_ALZHEIMERS_DISEASE",0.0665263131360584
"BIOCARTA_GH_PATHWAY",0.0664343831070447
"KEGG_PENTOSE_PHOSPHATE_PATHWAY",0.0663717148358794
"KEGG_PYRIMIDINE_METABOLISM",0.0663269635686021
"KEGG_CITRATE_CYCLE_TCA_CYCLE",0.06619895316795
"KEGG_BASAL_CELL_CARCINOMA",0.0661076456540233
"KEGG_MEDICUS_REFERENCE_LPAR_GNB_G_RHO_SIGNALING_PATHWAY",0.066091082182846
"BIOCARTA_PTDINS_PATHWAY",0.0660132819454439
"BIOCARTA_IGF1R_PATHWAY",0.0659079810711547
"KEGG_MEDICUS_REFERENCE_REGULATION_OF_GF_RTK_RAS_ERK_SIGNALING_MRAS_SHOC2_PP1_HOLOPHOSPHATASE",0.0658244070578943
"BIOCARTA_SODD_PATHWAY",0.0656199186050161
"BIOCARTA_CASPASE_PATHWAY",0.0653710408668804
"BIOCARTA_CARM_ER_PATHWAY",0.0653539000338778
"KEGG_MEDICUS_REFERENCE_EGF_EGFR_PLCG_CALCINEURIN_SIGNALING_PATHWAY",0.0653127893005552
"KEGG_MEDICUS_REFERENCE_ACTIVATION_OF_PRC2.2_BY_UBIQUITINATION_OF_H2AK119_IN_GERMLINE_GENES",0.0651577640806019
"SIG_BCR_SIGNALING_PATHWAY",0.0651511373888705
"BIOCARTA_PCAF_PATHWAY",0.0650864977973201
"BIOCARTA_VIP_PATHWAY",0.0649795114178666
"KEGG_RNA_DEGRADATION",0.0648441836053979
"BIOCARTA_CTCF_PATHWAY",0.0646144304808903
"BIOCARTA_DREAM_PATHWAY",0.0644974382762962
"BIOCARTA_NDKDYNAMIN_PATHWAY",0.0643423125401411
"BIOCARTA_WNT_PATHWAY",0.0642249560282345
"KEGG_PHOSPHATIDYLINOSITOL_SIGNALING_SYSTEM",0.0640611600655722
"SA_B_CELL_RECEPTOR_COMPLEXES",0.0639973230707587
"KEGG_MEDICUS_ENV_FACTOR_NNK_NNN_TO_RAS_ERK_SIGNALING_PATHWAY",0.0639890349365292
"BIOCARTA_IL2RB_PATHWAY",0.0638665423692268
"KEGG_MEDICUS_REFERENCE_TNF_NFKB_SIGNALING_PATHWAY",0.0637941741967026
"BIOCARTA_IGF1MTOR_PATHWAY",0.0635122819040805
"KEGG_MEDICUS_REFERENCE_BLOCKING_UBIQUITINATION_OF_H2AK119_BY_CK2",0.0632383272852948
"KEGG_MEDICUS_REFERENCE_ACTIVATION_OF_PRC2.2_BY_UBIQUITINATION_OF_H2AK119",0.0630858676934341
"BIOCARTA_EPO_PATHWAY",0.0628992590442971
"KEGG_ENDOMETRIAL_CANCER",0.062810753425269
"KEGG_FOCAL_ADHESION",0.0626997920596434
"BIOCARTA_EIF4_PATHWAY",0.0626608545193736
"SA_CASPASE_CASCADE",0.062626624782407
"KEGG_MEDICUS_PATHOGEN_EBV_EBNA3C_TO_CELL_CYCLE_G1_S_N00483",0.0625015171275418
"KEGG_MEDICUS_REFERENCE_AUTOPHAGY_VESICLE_NUCLEATION_ELONGATION_MATURATION_SEQUESTOSOME_1_LIKE_RECEPTOR",0.0623528133008823
"KEGG_MEDICUS_REFERENCE_LHCGR_GNAS_PKA_SIGNALING_PATHWAY",0.0620504533414101
"KEGG_MEDICUS_REFERENCE_MICROTUBULE_RHOA_SIGNALING_PATHWAY",0.0620117825013055
"KEGG_MEDICUS_REFERENCE_RTK_PLCG_ITPR_SIGNALING_PATHWAY",0.0619341790340383
"BIOCARTA_SPPA_PATHWAY",0.061888657274216
"KEGG_MEDICUS_PATHOGEN_SALMONELLA_SOPE_TO_RAC_SIGNALING_PATHWAY",0.0617861894090338
"KEGG_MEDICUS_REFERENCE_EXTRINSIC_APOPTOTIC_PATHWAY",0.0616795595924638
"BIOCARTA_41BB_PATHWAY",0.0615591859730826
"KEGG_TYPE_II_DIABETES_MELLITUS",0.0614895724633125
"KEGG_MEDICUS_PATHOGEN_KSHV_VGPCR_TO_GNB_G_ERK_SIGNALING_PATHWAY",0.0614809652004613
"BIOCARTA_MET_PATHWAY",0.0613021253295464
"KEGG_MEDICUS_REFERENCE_P16_CELL_CYCLE_G1_S",0.0609151503987929
"KEGG_PYRUVATE_METABOLISM",0.0608538448578055
"KEGG_TRYPTOPHAN_METABOLISM",0.0606927017373692
"KEGG_MEDICUS_REFERENCE_IL6_FAMILY_TO_JAK_STAT_SIGNALING_PATHWAY",0.0604767865628747
"KEGG_DILATED_CARDIOMYOPATHY",0.0604280123771571
"BIOCARTA_GLEEVEC_PATHWAY",0.0604214384568539
"KEGG_ADHERENS_JUNCTION",0.0603477992889548
"BIOCARTA_AKT_PATHWAY",0.0603279117971948
"KEGG_MEDICUS_REFERENCE_PP2A_AKT_SIGNALING_PATHWAY",0.060220433305559
"KEGG_NITROGEN_METABOLISM",0.0601831969287009
"BIOCARTA_ATM_PATHWAY",0.0601819065686376
"KEGG_GLYCOSPHINGOLIPID_BIOSYNTHESIS_LACTO_AND_NEOLACTO_SERIES",0.0601036094673716
"KEGG_PORPHYRIN_AND_CHLOROPHYLL_METABOLISM",0.0598949589099643
"KEGG_MEDICUS_REFERENCE_CXCR_GNB_G_ERK_SIGNALING_PATHWAY",0.059842228528309
"SA_G1_AND_S_PHASES",0.0598077577726254
"BIOCARTA_TCR_PATHWAY",0.0597623972934911
"KEGG_HEDGEHOG_SIGNALING_PATHWAY",0.0596176585933413
"KEGG_NATURAL_KILLER_CELL_MEDIATED_CYTOTOXICITY",0.0595800447301696
"KEGG_SELENOAMINO_ACID_METABOLISM",0.0594149215547416
"KEGG_MEDICUS_REFERENCE_GF_RTK_PI3K_SIGNALING_PATHWAY",0.0593972732540549
"BIOCARTA_PML_PATHWAY",0.0592501448759437
"KEGG_MEDICUS_REFERENCE_CXCR_GNB_G_PI3K_AKT_SIGNALING_PATHWAY",0.058681286265073
"BIOCARTA_GCR_PATHWAY",0.0586479717926035
"BIOCARTA_AGR_PATHWAY",0.0586292644273009
"KEGG_MEDICUS_PATHOGEN_HCV_CORE_TO_ERK_SIGNALING_PATHWAY",0.0582525982658948
"BIOCARTA_RNA_PATHWAY",0.0582285415326955
"KEGG_REGULATION_OF_AUTOPHAGY",0.058186108708872
"KEGG_MEDICUS_REFERENCE_CXCR4_GNB_G_PLCB_PKC_SIGNALING_PATHWAY",0.0581771977660443
"KEGG_MEDICUS_REFERENCE_GNRH_GNRHR_PLCB_PKC_SIGNALING_PATHWAY",0.058025142036139
"KEGG_MEDICUS_ENV_FACTOR_E2_TO_RAS_ERK_SIGNALING_PATHWAY",0.0577611328009364
"KEGG_MEDICUS_PATHOGEN_KSHV_VGPCR_TO_GNB_G_PI3K_AKT_SIGNALING_PATHWAY",0.0576131125502004
"KEGG_BASAL_TRANSCRIPTION_FACTORS",0.0575768708390879
"KEGG_MEDICUS_REFERENCE_DRD1_GNAS_AC_PKA_SIGNALING_PATHWAY",0.0575654421065295
"BIOCARTA_FCER1_PATHWAY",0.0574063515852779
"KEGG_MEDICUS_PATHOGEN_HBV_HBX_TO_CREB_MEDIATED_TRANSCRIPTION",0.0573823661870538
"KEGG_TASTE_TRANSDUCTION",0.0572778764024125
"KEGG_MEDICUS_REFERENCE_EGF_EGFR_ACTIN_SIGNALING_PATHWAY",0.0570671798978372
"BIOCARTA_PYK2_PATHWAY",0.0570564622677306
"KEGG_CARDIAC_MUSCLE_CONTRACTION",0.0566191679851139
"KEGG_MEDICUS_PATHOGEN_SALMONELLA_SOPE_E2_TO_NOD_NFKB_SIGNALING_PATHWAY",0.0566100542117221
"BIOCARTA_CCR3_PATHWAY",0.056561583246114
"KEGG_LYSINE_DEGRADATION",0.0563493699743436
"SIG_REGULATION_OF_THE_ACTIN_CYTOSKELETON_BY_RHO_GTPASES",0.0562910393306697
"KEGG_MEDICUS_REFERENCE_TIGHT_JUNCTION_ACTIN_SIGNALING_PATHWAY",0.0562311509064234
"KEGG_RIBOFLAVIN_METABOLISM",0.0556772896780909
"BIOCARTA_BTG2_PATHWAY",0.0555548677476459
"KEGG_INOSITOL_PHOSPHATE_METABOLISM",0.0551607919477295
"BIOCARTA_NGF_PATHWAY",0.0551523715740627
"BIOCARTA_NUCLEARRS_PATHWAY",0.0550529942936151
"KEGG_MEDICUS_REFERENCE_P15_CELL_CYCLE_G1_S",0.0549034463263471
"KEGG_DRUG_METABOLISM_OTHER_ENZYMES",0.054877848476777
"KEGG_MEDICUS_REFERENCE_WNT_SIGNALING_PATHWAY",0.054673595308528
"KEGG_LEUKOCYTE_TRANSENDOTHELIAL_MIGRATION",0.0545547362706894
"KEGG_MEDICUS_PATHOGEN_KSHV_VGPCR_TO_GNB_G_PI3K_JNK_SIGNALING_PATHWAY",0.054540430904683
"KEGG_MEDICUS_REFERENCE_GHRHR_PKA_GH_SIGNALING_PATHWAY",0.0539945720454497
"BIOCARTA_TFF_PATHWAY",0.0537905925005785
"KEGG_MEDICUS_REFERENCE_GPCR_PI3K_SIGNALING_PATHWAY",0.0536843551061329
"BIOCARTA_G1_PATHWAY",0.0536616821082014
"BIOCARTA_CHREBP_PATHWAY",0.0535618739426353
"KEGG_MEDICUS_REFERENCE_GF_RTK_RAS_PI3K_SIGNALING_PATHWAY",0.0534165968005411
"KEGG_NICOTINATE_AND_NICOTINAMIDE_METABOLISM",0.0531729242668747
"KEGG_GLYCINE_SERINE_AND_THREONINE_METABOLISM",0.0530246222301714
"KEGG_MEDICUS_REFERENCE_CD80_CD86_CTLA4_PP2A_SIGNALING_PATHWAY",0.0530168378542062
"KEGG_MEDICUS_REFERENCE_TSH_TG_SIGNALING_PATHWAY",0.0529053800477485
"KEGG_MEDICUS_REFERENCE_TNF_JNK_SIGNALING_PATHWAY",0.0528154096125601
"KEGG_VASOPRESSIN_REGULATED_WATER_REABSORPTION",0.0527522050599486
"SIG_CHEMOTAXIS",0.052738397412874
"KEGG_PEROXISOME",0.0527291060287929
"KEGG_MEDICUS_REFERENCE_ARNO_ARF_ACTB_G_SIGNALING_PATHWAY",0.0526395418689698
"BIOCARTA_BCR_PATHWAY",0.0525076039102476
"KEGG_NEUROACTIVE_LIGAND_RECEPTOR_INTERACTION",0.0524096881651671
"KEGG_PROXIMAL_TUBULE_BICARBONATE_RECLAMATION",0.0523411241940922
"BIOCARTA_TOLL_PATHWAY",0.0522984486557815
"KEGG_MEDICUS_REFERENCE_FGF_FGFR_RAS_ERK_SIGNALING_PATHWAY",0.0521174102234053
"KEGG_MEDICUS_REFERENCE_REGULATION_OF_GF_RTK_RAS_ERK_SIGNALING_PTP",0.0519597443558562
"BIOCARTA_KERATINOCYTE_PATHWAY",0.0518707822367733
"BIOCARTA_NFKB_PATHWAY",0.0517257411921147
"KEGG_MEDICUS_PATHOGEN_SHIGELLA_IPGD_TO_ARNO_ARF_ACTB_G_SIGNALING_PATHWAY",0.0515776763022453
"KEGG_NOTCH_SIGNALING_PATHWAY",0.0513102647417457
"KEGG_MEDICUS_REFERENCE_EGF_EGFR_PLCG_CAMK_SIGNALING_PATHWAY",0.050999492413055
"KEGG_CYSTEINE_AND_METHIONINE_METABOLISM",0.0509629617177665
"KEGG_MEDICUS_REFERENCE_MACHR_CA2_APOPTOTIC_PATHWAY",0.0509454854143048
"BIOCARTA_HSP27_PATHWAY",0.0507397954349147
"KEGG_BIOSYNTHESIS_OF_UNSATURATED_FATTY_ACIDS",0.0506525902314183
"BIOCARTA_MAL_PATHWAY",0.0505651792131863
"KEGG_MEDICUS_PATHOGEN_SALMONELLA_SOPB_TO_ARNO_ARF_ACTB_G_SIGNALING_PATHWAY",0.0503037162658194
"KEGG_MEDICUS_REFERENCE_PRNP_PI3K_NOX2_SIGNALING_PATHWAY",0.050116555418388
"KEGG_MEDICUS_REFERENCE_ACTH_CORTISOL_SIGNALING_PATHWAY",0.0496705393720244
"KEGG_CHEMOKINE_SIGNALING_PATHWAY",0.0490520648654828
"BIOCARTA_HBX_PATHWAY",0.0489815518654288
"KEGG_HYPERTROPHIC_CARDIOMYOPATHY_HCM",0.0486457240960824
"BIOCARTA_RAS_PATHWAY",0.0484284989423283
"BIOCARTA_BCELLSURVIVAL_PATHWAY",0.0482804934975182
"BIOCARTA_NTHI_PATHWAY",0.0480980614795043
"KEGG_MEDICUS_REFERENCE_ACH_CHRN_RAS_ERK_SIGNALING_PATHWAY",0.0477922073453498
"BIOCARTA_AKAPCENTROSOME_PATHWAY",0.0477912487702123
"KEGG_PANTOTHENATE_AND_COA_BIOSYNTHESIS",0.0477399138539188
"BIOCARTA_FAS_PATHWAY",0.0477285481875366
"KEGG_MEDICUS_REFERENCE_IL1_IL1R_JNK_SIGNALING_PATHWAY",0.0476333080240097
"BIOCARTA_AT1R_PATHWAY",0.0475767384917904
"BIOCARTA_MITOCHONDRIA_PATHWAY",0.0475686519268201
"KEGG_AMINO_SUGAR_AND_NUCLEOTIDE_SUGAR_METABOLISM",0.0474735813037876
"KEGG_MEDICUS_PATHOGEN_HCMV_UL33_TO_GNAI_AC_PKA_SIGNALING_PATHWAY",0.047433043769854
"KEGG_ETHER_LIPID_METABOLISM",0.0470410017791058
"BIOCARTA_DEATH_PATHWAY",0.0468764587703655
"BIOCARTA_BIOPEPTIDES_PATHWAY",0.0468202589079985
"BIOCARTA_PGC1A_PATHWAY",0.0466351333898336
"KEGG_MEDICUS_REFERENCE_MGLUR5_CA2_APOPTOTIC_PATHWAY",0.046492119546838
"KEGG_ACUTE_MYELOID_LEUKEMIA",0.046443984414021
"KEGG_MEDICUS_REFERENCE_E2_ER_RAS_ERK_SIGNALING_PATHWAY",0.0464224676849004
"KEGG_STARCH_AND_SUCROSE_METABOLISM",0.0463588081250856
"SA_PROGRAMMED_CELL_DEATH",0.0463161930217167
"KEGG_T_CELL_RECEPTOR_SIGNALING_PATHWAY",0.0460199427180952
"KEGG_MEDICUS_REFERENCE_TRANSCRIPTIONAL_ACTIVATION_BY_ACETYLATION_OF_H3K27",0.0455471392763592
"KEGG_N_GLYCAN_BIOSYNTHESIS",0.0455334517584133
"KEGG_B_CELL_RECEPTOR_SIGNALING_PATHWAY",0.0455271259762696
"KEGG_MEDICUS_REFERENCE_AGE_RAGE_SIGNALING_PATHWAY",0.0454769903834442
"KEGG_VASCULAR_SMOOTH_MUSCLE_CONTRACTION",0.0452748300894945
"BIOCARTA_CHEMICAL_PATHWAY",0.0451418817352201
"KEGG_MEDICUS_PATHOGEN_HCMV_US28_TO_GNB_G_PI3K_NFKB_SIGNALING_PATHWAY",0.0449762135697295
"KEGG_CHRONIC_MYELOID_LEUKEMIA",0.0449158632922226
"KEGG_MEDICUS_REFERENCE_GENE_SILENCING_BY_METHYLATION_OF_H3K27_AND_UBIQUITINATION_OF_H2AK119",0.0446765100248594
"KEGG_MEDICUS_REFERENCE_TLR1_2_4_NFKB_SIGNALING_PATHWAY",0.044614720079814
"SIG_INSULIN_RECEPTOR_PATHWAY_IN_CARDIAC_MYOCYTES",0.0444442949089774
"KEGG_MEDICUS_REFERENCE_TLR5_NFKB_SIGNALING_PATHWAY",0.044156623503251
"KEGG_MEDICUS_REFERENCE_GF_RTK_RAS_ERK_SIGNALING_PATHWAY",0.0441181370057353
"KEGG_MEDICUS_REFERENCE_TNF_P38_SIGNALING_PATHWAY",0.0438225572281493
"BIOCARTA_NFAT_PATHWAY",0.0437569087877895
"BIOCARTA_TNFR1_PATHWAY",0.0436684604230276
"KEGG_MEDICUS_REFERENCE_CCR2_GNB_G_PI3K_NFKB_SIGNALING_PATHWAY",0.0436360038570294
"KEGG_MEDICUS_REFERENCE_IL1_IL1R_P38_SIGNALING_PATHWAY",0.0434608624269855
"BIOCARTA_TID_PATHWAY",0.0432882140174551
"BIOCARTA_VEGF_PATHWAY",0.0432704823188997
"KEGG_AXON_GUIDANCE",0.043244088584727
"KEGG_NON_SMALL_CELL_LUNG_CANCER",0.0431483628131148
"KEGG_LYSOSOME",0.0431240168937452
"BIOCARTA_PPARA_PATHWAY",0.0429618352219929
"BIOCARTA_ERAD_PATHWAY",0.0428798120791505
"BIOCARTA_MAPK_PATHWAY",0.042702346218865
"BIOCARTA_IL1R_PATHWAY",0.0424478952991688
"KEGG_GAP_JUNCTION",0.0423979257492892
"KEGG_FC_EPSILON_RI_SIGNALING_PATHWAY",0.0423016330698233
"BIOCARTA_RACCYCD_PATHWAY",0.0422874392611157
"KEGG_PRION_DISEASES",0.0420164013807443
"KEGG_GLYCOLYSIS_GLUCONEOGENESIS",0.0418192838505391
"KEGG_JAK_STAT_SIGNALING_PATHWAY",0.0413945465352436
"KEGG_ABC_TRANSPORTERS",0.0410334051273606
"KEGG_MEDICUS_REFERENCE_P300_P21_CELL_CYCLE_G1_S",0.0409238936923867
"KEGG_THYROID_CANCER",0.0408894030246041
"BIOCARTA_STRESS_PATHWAY",0.0405572857062932
"KEGG_SPHINGOLIPID_METABOLISM",0.0403018932487994
"KEGG_TOLL_LIKE_RECEPTOR_SIGNALING_PATHWAY",0.0402364142578649
"KEGG_MEDICUS_REFERENCE_CRHR_PKA_ACTH_SIGNALING_PATHWAY",0.0399152629416044
"BIOCARTA_FMLP_PATHWAY",0.0398566095955424
"KEGG_FRUCTOSE_AND_MANNOSE_METABOLISM",0.0396923605004291
"BIOCARTA_ARENRF2_PATHWAY",0.0396345974600005
"BIOCARTA_CERAMIDE_PATHWAY",0.0396233553582676
"KEGG_MEDICUS_REFERENCE_DYNEIN_RECRUITMENT_TO_THE_KINETOCHORE",0.039540015955601
"BIOCARTA_P53HYPOXIA_PATHWAY",0.039538080062263
"KEGG_FC_GAMMA_R_MEDIATED_PHAGOCYTOSIS",0.0395360178649894
"BIOCARTA_MPR_PATHWAY",0.0395211966134668
"KEGG_PATHOGENIC_ESCHERICHIA_COLI_INFECTION",0.0393226880089112
"KEGG_BETA_ALANINE_METABOLISM",0.0390588270467621
"KEGG_MELANOMA",0.0389694172866029
"KEGG_REGULATION_OF_ACTIN_CYTOSKELETON",0.0387465029573369
"KEGG_MEDICUS_REFERENCE_TLR2_4_MAPK_SIGNALING_PATHWAY",0.0384571432040579
"KEGG_MEDICUS_REFERENCE_ANGIOTENSIN_ALDOSTERONE_SIGNALING_PATHWAY",0.0383909625622522
"KEGG_MEDICUS_REFERENCE_CA2_CAM_CAMK_SIGNALING_PATHWAY",0.038155839899748
"KEGG_MEDICUS_REFERENCE_RETROGRADE_AXONAL_TRANSPORT",0.0381277527619082
"KEGG_LONG_TERM_POTENTIATION",0.0379974997323557
"WNT_SIGNALING",0.0377647064810704
"BIOCARTA_HIVNEF_PATHWAY",0.0374678926450728
"KEGG_NOD_LIKE_RECEPTOR_SIGNALING_PATHWAY",0.0373710890342522
"KEGG_ARGININE_AND_PROLINE_METABOLISM",0.0373122380364332
"KEGG_TGF_BETA_SIGNALING_PATHWAY",0.0371675371489239
"KEGG_ERBB_SIGNALING_PATHWAY",0.0368861192993922
"KEGG_GLIOMA",0.0366811979690262
"KEGG_PPAR_SIGNALING_PATHWAY",0.036586178257227
"KEGG_PROSTATE_CANCER",0.0363304301772003
"KEGG_MEDICUS_PATHOGEN_HCMV_UL33_TO_GNB_G_RHO_SIGNALING_PATHWAY",0.0362702956737196
"KEGG_MEDICUS_REFERENCE_ARL8_REGULATED_MICROTUBULE_PLUS_END_DIRECTED_TRANSPORT",0.0362429238701024
"KEGG_CYTOSOLIC_DNA_SENSING_PATHWAY",0.0361688608702808
"KEGG_MEDICUS_REFERENCE_MDM2_P21_CELL_CYCLE_G1_S_N00066",0.0359798447977097
"KEGG_NEUROTROPHIN_SIGNALING_PATHWAY",0.0355481373057854
"KEGG_CALCIUM_SIGNALING_PATHWAY",0.0354957672555681
"KEGG_GNRH_SIGNALING_PATHWAY",0.0352723843208927
"KEGG_MELANOGENESIS",0.0352024499230018
"BIOCARTA_P38MAPK_PATHWAY",0.0350373938342826
"BIOCARTA_ERK_PATHWAY",0.0348671960645378
"KEGG_VIBRIO_CHOLERAE_INFECTION",0.0345512972536973
"BIOCARTA_LIS1_PATHWAY",0.0345271714278315
"KEGG_SMALL_CELL_LUNG_CANCER",0.0344253114116978
"BIOCARTA_P53_PATHWAY",0.0344217971065403
"KEGG_RENAL_CELL_CARCINOMA",0.0343013921491404
"KEGG_COLORECTAL_CANCER",0.0342820917243137
"KEGG_LONG_TERM_DEPRESSION",0.0342041410516598
"KEGG_WNT_SIGNALING_PATHWAY",0.0338030765279235
"SIG_PIP3_SIGNALING_IN_CARDIAC_MYOCTES",0.033736219193396
"KEGG_ALANINE_ASPARTATE_AND_GLUTAMATE_METABOLISM",0.0337328355781138
"KEGG_SNARE_INTERACTIONS_IN_VESICULAR_TRANSPORT",0.0316920792866039
"KEGG_PANCREATIC_CANCER",0.0316507458363478
"BIOCARTA_ARF_PATHWAY",0.0315201325165786
"KEGG_TIGHT_JUNCTION",0.0313754690409024
"KEGG_OLFACTORY_TRANSDUCTION",0.0312797495345137
"KEGG_MEDICUS_REFERENCE_RAB7_REGULATED_MICROTUBULE_MINUS_END_DIRECTED_TRANSPORT",0.0303197173916468
"KEGG_MTOR_SIGNALING_PATHWAY",0.0295675476845484
"KEGG_ENDOCYTOSIS",0.0290708078488663
"KEGG_OOCYTE_MEIOSIS",0.0290187264463713
"KEGG_RIG_I_LIKE_RECEPTOR_SIGNALING_PATHWAY",0.0283818215162336
"KEGG_GLYCEROLIPID_METABOLISM",0.0282324748063987
"KEGG_UBIQUITIN_MEDIATED_PROTEOLYSIS",0.0276151417361165
"SIG_CD40PATHWAYMAP",0.0275092630665168
"KEGG_INSULIN_SIGNALING_PATHWAY",0.0272579006809128
"KEGG_ADIPOCYTOKINE_SIGNALING_PATHWAY",0.027208047274406
"KEGG_PATHWAYS_IN_CANCER",0.0266052517055271
"KEGG_PROGESTERONE_MEDIATED_OOCYTE_MATURATION",0.0263738357665925
"KEGG_PURINE_METABOLISM",0.0254378906366866
"KEGG_MAPK_SIGNALING_PATHWAY",0.0247124175140068
"KEGG_GLYCEROPHOSPHOLIPID_METABOLISM",0.024340753089369
"KEGG_VEGF_SIGNALING_PATHWAY",0.0236693533935295
"KEGG_BLADDER_CANCER",0.0234797796720471
"KEGG_APOPTOSIS",0.0227537201253318
"KEGG_P53_SIGNALING_PATHWAY",0.0209053242104873
"KEGG_EPITHELIAL_CELL_SIGNALING_IN_HELICOBACTER_PYLORI_INFECTION",0.0204220823679171
"KEGG_AMYOTROPHIC_LATERAL_SCLEROSIS_ALS",0.0192016245350403
